"1317.05","Registrant disposal."
"1317.10","Registrant return or recall."
"1317.15","Reverse distributor registration requirements and authorized activities."
"1317.30","Authorization to collect from non-registrants."
"1317.35","Collection by law enforcement."
"1317.40","Registrants authorized to collect and authorized collection activities."
"1317.55","Reverse distributor and distributor acquisition of controlled substances from collectors or law enforcement."
"1317.60","Inner liner requirements."
"1317.65","Take-back events."
"1317.70","Mail-back programs."
"1317.75","Collection receptacles."
"1317.80","Collection receptacles at long-term care facilities."
"1317.85","Ultimate user delivery for the purpose of recall or investigational use of drugs."
"1317.90","Methods of destruction."
"1317.95","Destruction procedures."
