"107.1","Status and applicability of the regulations in part 107."
"107.3","Definitions."
"107.10","Nutrient information."
"107.20","Directions for use."
"107.30","Exemptions."
"107.50","Terms and conditions."
"107.100","Nutrient specifications."
"107.200","Food and Drug Administration-required recall."
"107.210","Firm-initiated product removals."
"107.220","Scope and effect of infant formula recalls."
"107.230","Elements of an infant formula recall."
"107.240","Notification requirements."
"107.250","Termination of an infant formula recall."
"107.260","Revision of an infant formula recall."
"107.270","Compliance with this subpart."
"107.280","Records retention."
