"570.3","Definitions."
"570.6","Opinion letters on food additive status."
"570.13","Indirect food additives resulting from packaging materials prior sanctioned for animal feed and pet food."
"570.14","Indirect food additives resulting from packaging materials for animal feed and pet food."
"570.15","Adoption of regulation on initiative of Commissioner."
"570.17","Exemption for investigational use and procedure for obtaining authorization to market edible products from experimental animals."
"570.18","Tolerances for related food additives."
"570.19","Pesticide chemicals in processed foods."
"570.20","General principles for evaluating the safety of food additives."
"570.30","Eligibility for classification as generally recognized as safe (GRAS)."
"570.35","Affirmation of generally recognized as safe (GRAS) status."
"570.38","Determination of food additive status."
