"808.1","Scope."
"808.3","Definitions."
"808.5","Advisory opinions."
"808.20","Application."
"808.25","Procedures for processing an application."
"808.35","Revocation of an exemption."
"808.53","Arizona."
"808.55","California"
"808.57","Connecticut."
"808.59","Florida."
"808.61","Hawaii."
"808.67","Kentucky."
"808.69","Maine."
"808.71","Massachusetts."
"808.73","Minnesota."
"808.74","Mississippi."
"808.77","Nebraska."
"808.80","New Jersey."
"808.81","New Mexico."
"808.82","New York."
"808.85","Ohio."
"808.87","Oregon."
"808.88","Pennsylvania."
"808.89","Rhode Island."
"808.93","Texas."
"808.97","Washington."
"808.98","West Virginia."
"808.101","District of Columbia."
