"175.105","Adhesives."
"175.125","Pressure-sensitive adhesives."
"175.210","Acrylate ester copolymer coating."
"175.230","Hot-melt strippable food coatings."
"175.250","Paraffin (synthetic)."
"175.260","Partial phosphoric acid esters of polyester resins."
"175.270","Poly(vinyl fluoride) resins."
"175.300","Resinous and polymeric coatings."
"175.320","Resinous and polymeric coatings for polyolefin films."
"175.350","Vinyl acetate/crotonic acid copolymer."
"175.360","Vinylidene chloride copolymer coatings for nylon film."
"175.365","Vinylidene chloride copolymer coatings for polycarbonate film."
"175.380","Xylene-formaldehyde resins condensed with 4,4′-isopropylidenediphenol-epichlorohydrin epoxy resins."
"175.390","Zinc-silicon dioxide matrix coatings."
