"200.5","Mailing of important information about drugs."
"200.7","Supplying pharmacists with indications and dosage information."
"200.10","Contract facilities (including consulting laboratories) utilized as extramural facilities by pharmaceutical manufacturers."
"200.11","Use of octadecylamine in steam lines of drug establishments."
"200.15","Definition of term “insulin”."
"200.50","Ophthalmic preparations and dispensers."
"200.51","Aqueous-based drug products for oral inhalation."
"200.200","Prescription drugs; reminder advertisements and reminder labeling to provide price information to consumers."
