"357.101","Scope."
"357.103","Definition."
"357.110","Anthelmintic active ingredient."
"357.150","Labeling of anthelmintic drug products."
"357.152","Package inserts for anthelmintic drug products."
"357.180","Professional labeling."
"357.201","Scope."
"357.203","Definition."
"357.210","Cholecystokinetic active ingredients."
"357.250","Labeling of cholecystokinetic drug products."
"357.280","Professional labeling."
"357.801","Scope."
"357.803","Definitions."
"357.810","Active ingredients for deodorant drug products for internal use."
"357.850","Labeling of deodorant drug products for internal use."
