"225.1","Current good manufacturing practice."
"225.10","Personnel."
"225.20","Buildings."
"225.30","Equipment."
"225.35","Use of work areas, equipment, and storage areas for other manufacturing and storage purpose."
"225.42","Components."
"225.58","Laboratory controls."
"225.65","Equipment cleanout procedures."
"225.80","Labeling."
"225.102","Master record file and production records."
"225.110","Distribution records."
"225.115","Complaint files."
"225.120","Buildings and grounds."
"225.130","Equipment."
"225.135","Work and storage areas."
"225.142","Components."
"225.158","Laboratory assays."
"225.165","Equipment cleanout procedures."
"225.180","Labeling."
"225.202","Formula, production, and distribution records."
