"1315.01","Scope."
"1315.02","Definitions."
"1315.03","Personal use exemption."
"1315.05","Applicability."
"1315.11","Assessment of annual needs."
"1315.13","Adjustments of assessment of annual needs."
"1315.21","Individual manufacturing quotas."
"1315.22","Procedure for applying for individual manufacturing quotas."
"1315.23","Procedure for fixing individual manufacturing quotas."
"1315.24","Inventory allowance."
"1315.25","Increase in individual manufacturing quotas."
"1315.26","Reduction in individual manufacturing quotas."
"1315.27","Abandonment of quota."
"1315.30","Procurement and import quotas."
"1315.32","Obtaining a procurement quota."
"1315.33","Power of attorney."
"1315.34","Obtaining an import quota."
"1315.36","Amending an import quota."
"1315.50","Hearings generally."
"1315.52","Purpose of hearing."
"1315.54","Waiver or modification of rules."
"1315.56","Request for hearing or appearance; waiver."
"1315.58","Burden of proof."
"1315.60","Time and place of hearing."
"1315.62","Final order."
