"1002.1","Applicability."
"1002.2","[Reserved]"
"1002.3","Notification to user of performance and technical data."
"1002.4","Confidentiality of information."
"1002.7","Submission of data and reports."
"1002.10","Product reports."
"1002.11","Supplemental reports."
"1002.12","Abbreviated reports."
"1002.13","Annual reports."
"1002.20","Reporting of accidental radiation occurrences."
"1002.30","Records to be maintained by manufacturers."
"1002.31","Preservation and inspection of records."
"1002.40","Records to be obtained by dealers and distributors."
"1002.41","Disposition of records obtained by dealers and distributors."
"1002.42","Confidentiality of records furnished by dealers and distributors."
"1002.50","Special exemptions."
"1002.51","Exemptions for manufacturers of products intended for the U.S. Government."
