"501.1","Principal display panel of package form animal food."
"501.2","Information panel of package for animal food."
"501.3","Identity labeling of animal food in package form."
"501.4","Animal food; designation of ingredients."
"501.5","Animal food; name and place of business of manufacturer, packer, or distributor."
"501.8","Labeling of animal food with number of servings."
"501.15","Animal food; prominence of required statements."
"501.17","Animal food labeling warning statements."
"501.18","Misbranding of animal food."
"501.22","Animal foods; labeling of spices, flavorings, colorings, and chemical preservatives."
"501.100","Animal food; exemptions from labeling."
"501.103","Petitions requesting exemptions from or special requirements for label declaration of ingredients."
"501.105","Declaration of net quantity of contents when exempt."
"501.110","Animal feed labeling; collective names for feed ingredients."
