"1140.1","Scope."
"1140.2","Purpose."
"1140.3","Definitions."
"1140.10","General responsibilities of manufacturers, distributors, and retailers."
"1140.12","Additional responsibilities of manufacturers."
"1140.14","Additional responsibilities of retailers."
"1140.16","Conditions of manufacture, sale, and distribution."
"1140.30","Scope of permissible forms of labeling and advertising."
"1140.32","Format and content requirements for labeling and advertising."
"1140.34","Sale and distribution of nontobacco items and services, gifts, and sponsorship of events."
