SectionNO,Title
1.1,General.
1.3,Definitions.
1.4,Authority citations.
1.2,Presence of mandatory label information.
1.21,Failure to reveal material facts.
1.23,Procedures for requesting variations and exemptions from required label statements.
1.24,Exemptions from required label statements.
1.83,Definitions.
1.9,Notice of sampling.
1.91,Payment for samples.
1.94,Hearing on refusal of admission.
1.95,Application for authorization to relabel and recondition.
1.96,Granting of authorization to relabel and recondition.
1.97,Bonds.
1.99,Costs chargeable in connection with relabeling and reconditioning inadmissible imports.
1.101,Notification and recordkeeping.
1.98,Administrative detention of drugs.
