"1240.3","General definitions."
"1240.10","Effective bactericidal treatment."
"1240.20","Issuance and posting of certificates following inspections."
"1240.30","Measures in the event of inadequate local control."
"1240.45","Report of disease."
"1240.60","Molluscan shellfish."
"1240.61","Mandatory pasteurization for all milk and milk products in final package form intended for direct human consumption."
"1240.62","Turtles intrastate and interstate requirements."
"1240.65","Psittacine birds."
"1240.75","Garbage."
"1240.80","General requirements for water for drinking and culinary purposes."
"1240.83","Approval of watering points."
"1240.86","Protection of pier water system."
"1240.90","Approval of treatment aboard conveyances."
"1240.95","Sanitation of water boats."
