"607.3","Definitions."
"607.7","Establishment registration and product listing of blood banks and other firms manufacturing human blood and blood products."
"607.20","Who must register and submit a blood product list."
"607.21","Times for establishment registration and blood product listing."
"607.22","How and where to register establishments and list blood products."
"607.25","Information required for establishment registration and blood product listing."
"607.26","Amendments to establishment registration."
"607.30","Updating blood product listing information."
"607.31","Additional blood product listing information."
"607.35","Notification of registrant; blood product establishment registration number and NDC Labeler Code."
"607.37","Inspection of establishment registrations and blood product listings."
"607.39","Misbranding by reference to establishment registration or to registration number."
"607.40","Establishment registration and blood product listing requirements for foreign blood product establishments."
"607.65","Exemptions for blood product establishments."
