TopicNo,Topic Words,Probability Score
Topic #6,u'fda', 0.0074128604190908214
Topic #6,u'copy', 0.003787284902034462
Topic #6,u'review', 0.0036665059618934547
Topic #6,u'inspection', 0.0036665059614441695
Topic #6,u'device', 0.0010775511151406561
Topic #6,u'recordkeeping_requirement', 0.0002590669704836938
Topic #6,u'type', 0.00025367272036374639
Topic #6,u'date', 0.00019866374633854391
Topic #6,u'kept', 0.00019863291962327802
Topic #6,u'product_subject', 0.00015981486982783502
Topic #4,u'record', 0.0038642713265730714
Topic #4,u'available', 0.0036996048309464848
Topic #4,u'made', 0.0036386678326215212
Topic #4,u'drug_administration', 0.00038988089146843022
Topic #4,u'food', 0.00036024017591005189
Topic #4,u'manufacture', 0.00028289422738094128
Topic #4,u'devicesfood', 0.00016125779863574948
Topic #4,u'division', 0.00016125779859707038
Topic #4,u'program_operation', 0.00016125779859707038
Topic #4,u'site', 0.00016096960412771984
Topic #1,u'upon', 0.0037132688401730124
Topic #1,u'request', 0.0037132688400073081
Topic #1,u'act', 0.00017670891841500502
Topic #1,u'service', 0.0001757794985263498
Topic #1,u'public_health', 0.00017577949835988497
Topic #1,u'consist', 0.00017577927956120517
Topic #1,u'export_product', 0.00013642503445307496
Topic #1,u'promotional_material', 7.5261539149452198e-05
Topic #1,u'ship_record', 7.5261539149452198e-05
Topic #1,u'production', 7.5261539149452198e-05
Topic #8,u'product', 0.0028887141152938445
Topic #8,u'country', 0.00041387377857975062
Topic #8,u'state', 0.0003542652794919163
Topic #8,u'record_demonstrate', 0.0002680056344345878
Topic #8,u'new', 0.00025737618722863377
Topic #8,u'hampshire_ave', 0.00025737595805110992
Topic #8,u'description', 0.00025737523293924174
Topic #8,u'intend', 0.00023179350224497623
Topic #8,u'provision', 0.00022340549415342581
Topic #8,u'list_country', 0.00020420041466284771
Topic #5,u'biological_product', 0.001528057045615978
Topic #5,u'drug', 0.0010073090263661368
Topic #5,u'act', 0.00093689261383158153
Topic #5,u'center', 0.00054315767109908185
Topic #5,u'device_export', 0.00031888282574361746
Topic #5,u'paragraph', 0.00026304590171652122
Topic #5,u'device_regulate', 0.00020473682928299686
Topic #5,u'researchdivision', 0.00020473682928299686
Topic #5,u'biologics_evaluation', 0.00020363510783872558
Topic #5,u'drug_evaluation', 0.00020360544720038375
Topic #3,u'export', 0.0011601927981739922
Topic #3,u'number', 0.00040706661113422936
Topic #3,u'model', 0.00025843558266840018
Topic #3,u'rockville', 0.00020448751995382795
Topic #3,u'control', 0.00016281550471915467
Topic #3,u'lot', 0.00016281550471915467
Topic #3,u'record_include', 0.00016281544705334868
Topic #3,u'subject', 0.00011527655646424878
Topic #3,u'pike', 0.00010980454860941004
Topic #3,u'cosmetic_act', 9.3367161611944695e-05
Topic #9,u'notification', 0.00037855593105882009
Topic #9,u'require', 0.00035877192996040439
Topic #9,u'manufacture_practice', 0.00032474997287801441
Topic #9,u'good', 0.00032474907765755014
Topic #9,u'requirement', 0.00032474717769613332
Topic #9,u'product', 0.00027265750677535973
Topic #9,u'quality_systems', 0.00026335860375750357
Topic #9,u'time', 0.00026335854255721302
Topic #9,u'record_subject', 0.00026335835236186033
Topic #9,u'period', 0.00026335785498908206
Topic #2,u'person_export', 0.00032554207323111899
Topic #2,u'process', 0.00029056894276142822
Topic #2,u'partially', 0.00029056894276142822
Topic #2,u'proper_name', 0.00025851270565507611
Topic #2,u'abbreviate', 0.00025851270565507611
Topic #2,u'strength', 0.00025850123337240426
Topic #2,u'dosage_form', 0.00017134557111900611
Topic #2,u'name', 0.00016286408076793634
Topic #2,u'address', 0.00016286408076793634
Topic #2,u'follow', 0.000162864034815364
Topic #7,u'silver_spring', 0.00031207190900518165
Topic #7,u'human_drug_product', 0.00011006801884254985
Topic #7,u'suite', 0.00011006801884250674
Topic #7,u'man', 7.5890701136020533e-05
Topic #7,u'injury', 7.5890701136020533e-05
Topic #7,u'cure', 7.5890701136020533e-05
Topic #7,u'disease', 7.5890701136020533e-05
Topic #7,u'animal_drugs', 5.3904867798927076e-05
Topic #7,u'foreign_purchaser', 5.3900581935094828e-05
Topic #7,u'sufficient_information', 5.3900453989165599e-05
Topic #10,u'animal_drug', 5.3951007754443184e-05
Topic #10,u'scope', 5.3951007208111528e-05
Topic #10,u'food', 1.424579892224159e-05
Topic #10,u'device', 1.4245797466487207e-05
Topic #10,u'regulation_applicable', 1.4233983995216945e-05
Topic #10,u'good', 1.4233736217631227e-05
Topic #10,u'period', 1.4233504270871685e-05
Topic #10,u'maintain', 1.4233010296207208e-05
Topic #10,u'record_subject', 1.4233004318967758e-05
Topic #10,u'record', 1.4232892298579611e-05
