TopicNo,Topic Words,Probability Score
Topic #1,u'unit_container', 0.0037802688995502908
Topic #1,u'compliance', 0.0036347036206036275
Topic #1,u'unit', 0.0036347036206036275
Topic #1,u'applicable', 0.0036347036206036275
Topic #1,u'waive', 0.0036347036206036275
Topic #1,u'requirement', 0.0036347036206036275
Topic #1,u'amend', 0.00032166704457291479
Topic #1,u'mandatory_label_information', 0.00019823625140373479
Topic #1,u'retail_package', 0.0001594618947171562
Topic #1,u'sold_separately', 0.00015946158095426265
Topic #8,u'container', 0.00035118931329103386
Topic #8,u'use', 0.00024210284897890482
Topic #8,u'transparency', 0.00016288778280399162
Topic #8,u'virtue', 0.00016288778280399162
Topic #8,u'easily_legible', 0.00016288778280399162
Topic #8,u'outer_wrapper', 0.00016288778280399162
Topic #8,u'information', 0.00016288778062246333
Topic #8,u'retail_establishments', 0.00016282223026755659
Topic #8,u'pack', 0.00016282223026755659
Topic #8,u'tray', 0.00016282223026755659
Topic #6,u'act', 0.0003292034392573831
Topic #6,u'august', 0.0001717469103967554
Topic #6,u'provision', 7.5896248471574824e-05
Topic #6,u'container_subject', 7.5896248471574824e-05
Topic #6,u'march', 1.4257777733108544e-05
Topic #6,u'applicable', 1.4223373034372879e-05
Topic #6,u'compliance', 1.4223373034372879e-05
Topic #6,u'waive', 1.4223373034372879e-05
Topic #6,u'requirement', 1.4223373034372879e-05
Topic #6,u'unit', 1.4223373034372879e-05
Topic #9,u'stat', 0.00032893696382056155
Topic #9,u'graphic_matter', 0.00016306551961364299
Topic #9,u'obscure', 0.00016306551961364299
Topic #9,u'label_information_require', 0.00016306551961364299
Topic #9,u'paragraph', 0.00016306550784450679
Topic #9,u'state', 0.00016306550784450679
Topic #9,u'requirement_contain', 0.00016306550784183792
Topic #9,u'word', 0.00016306373939352719
Topic #9,u'march', 7.5793363182756097e-05
Topic #9,u'drug', 5.3861512179853039e-05
Topic #7,u'statement', 0.00031216086729388977
Topic #7,u'include', 5.392408435968337e-05
Topic #7,u'stat', 1.4263446683961562e-05
Topic #7,u'waive', 1.4227047941916238e-05
Topic #7,u'applicable', 1.4227047941916238e-05
Topic #7,u'compliance', 1.4227047941916238e-05
Topic #7,u'requirement', 1.4227047941916238e-05
Topic #7,u'unit', 1.4227047941916238e-05
Topic #7,u'print', 1.4227039571653693e-05
Topic #7,u'word', 1.4227035664268542e-05
Topic #5,u'display', 0.00020281333590277194
Topic #5,u'net_weight', 0.00016318524391238973
Topic #5,u'placement_requirement', 0.00016318524391238973
Topic #5,u'enclose', 5.3901074131341702e-05
Topic #5,u'retail_purchaser', 5.3901074080210185e-05
Topic #5,u'delivery', 5.3901074074437472e-05
Topic #5,u'cosmetic', 5.3901073840529222e-05
Topic #5,u'wholesale', 5.3901069750281591e-05
Topic #5,u'retail_distributors', 5.39010693565153e-05
Topic #5,u'commodity', 5.3900240525801888e-05
Topic #4,u'container', 0.00020267648878494657
Topic #4,u'information', 0.0001630346915231707
Topic #4,u'outer_container', 0.00016303468734051328
Topic #4,u'wrapper', 0.00016303468734051328
Topic #4,u'article', 0.00016303468734051328
Topic #4,u'appears', 0.00016303468734051328
Topic #4,u'bear_written', 0.00016303467707101061
Topic #4,u'transparent_wrapper', 0.00016303467707101061
Topic #4,u'print', 0.00016303461925211866
Topic #4,u'retail_package', 0.00016303436812817448
Topic #3,u'word', 0.0001631902461037661
Topic #3,u'label', 0.0001631884716482293
Topic #3,u'consider', 0.0001631884716482293
Topic #3,u'information_appear', 0.0001631884716482293
Topic #3,u'comply', 0.0001631884716482293
Topic #3,u'unit', 1.4221253131279213e-05
Topic #3,u'compliance', 1.4221253131279213e-05
Topic #3,u'applicable', 1.4221253131279213e-05
Topic #3,u'waive', 1.4221253131279213e-05
Topic #3,u'requirement', 1.4221253131279213e-05
Topic #2,u'packer', 5.3940156988567764e-05
Topic #2,u'waive', 1.4231288448671256e-05
Topic #2,u'applicable', 1.4231288448671256e-05
Topic #2,u'compliance', 1.4231288448671256e-05
Topic #2,u'requirement', 1.4231288448671256e-05
Topic #2,u'unit', 1.4231288448671256e-05
Topic #2,u'statement', 1.423128422786651e-05
Topic #2,u'print', 1.4231280070720157e-05
Topic #2,u'word', 1.4231276161621472e-05
Topic #2,u'amend', 1.4231275063791991e-05
Topic #10,u'statement', 1.4353831306630849e-05
Topic #10,u'waive', 1.4231851843877908e-05
Topic #10,u'applicable', 1.4231851843877908e-05
Topic #10,u'compliance', 1.4231851843877908e-05
Topic #10,u'requirement', 1.4231851843877908e-05
Topic #10,u'unit', 1.4231851843877908e-05
Topic #10,u'print', 1.4231843466039426e-05
Topic #10,u'word', 1.4231839556877301e-05
Topic #10,u'amend', 1.4231838460212001e-05
Topic #10,u'stat', 1.423183845297588e-05
