TopicNo,Topic Words,Probability Score
Topic #6,u'et_seq', 0.0017432424265961251
Topic #6,u'act', 1.420723480796566e-05
Topic #6,u'manufacture', 1.4207234641608594e-05
Topic #6,u'shuck', 1.4207234639497024e-05
Topic #6,u'labeling', 1.4207234638530559e-05
Topic #6,u'pack', 1.4207234634202295e-05
Topic #6,u'preserve', 1.4207234631547594e-05
Topic #6,u'store', 1.4207234627949503e-05
Topic #6,u'dockside_unload', 1.4207234627872515e-05
Topic #6,u'inspection', 1.4207233585210718e-05
Topic #9,u'hold', 0.00032802767476945526
Topic #9,u'harvest_vessel', 0.00022988923751445973
Topic #9,u'board', 0.00022988923751445973
Topic #9,u'freeze', 0.00022988923751445973
Topic #9,u'prepare_fish', 0.00022988923751445973
Topic #9,u'solely', 0.00016674431534379033
Topic #9,u'egg_product', 0.00016674430496700516
Topic #9,u'inspection', 0.00016674429972809426
Topic #9,u'act', 0.00016674354487992117
Topic #9,u'change', 0.00011233719579262582
Topic #10,u'eviscerate', 0.000230309429038564
Topic #10,u'pack', 0.00011254249749243618
Topic #10,u'consumer', 7.7485031069567716e-05
Topic #10,u'follow_facility', 5.4933056390316032e-05
Topic #10,u'apply', 5.4933056134198903e-05
Topic #10,u'foreign_facility', 5.49330481554882e-05
Topic #10,u'et_seq', 1.4224735652590546e-05
Topic #10,u'act', 1.4224729259171325e-05
Topic #10,u'manufacture', 1.4224729091630603e-05
Topic #10,u'shuck', 1.4224729089624289e-05
Topic #1,u'facility', 0.00020766470999587696
Topic #1,u'head', 0.00017572440498411527
Topic #1,u'regulate_exclusively', 0.00016697451369794848
Topic #1,u'engage', 7.7450541622470979e-05
Topic #1,u'include', 7.745046900753249e-05
Topic #1,u'transport_fish', 7.745046900753249e-05
Topic #1,u'practice', 7.745046900753249e-05
Topic #1,u'harvest', 7.745046900753249e-05
Topic #1,u'manufacturingprocessing', 5.4908666687639926e-05
Topic #1,u'provision', 5.4908538999069258e-05
Topic #8,u'food', 0.00018141748697750123
Topic #8,u'prepare', 0.00017576776178924948
Topic #8,u'establishment', 7.7470329357397734e-05
Topic #8,u'nonprofit', 7.7469577971140945e-05
Topic #8,u'unite', 5.4922086820032961e-05
Topic #8,u'facility_outside', 5.492208658419702e-05
Topic #8,u'another', 5.492208641734164e-05
Topic #8,u'state', 5.4922086409253959e-05
Topic #8,u'facility_undergoes', 5.4922085278270347e-05
Topic #8,u'manufacturingprocessing', 5.4921958681283831e-05
Topic #2,u'act', 0.0001669899996200237
Topic #2,u'meat_inspection', 0.00016698848678802219
Topic #2,u'agriculture', 0.00016698848678802219
Topic #2,u'federal', 0.00016698848678802219
Topic #2,u'department', 0.00016698848678802219
Topic #2,u'labeling', 0.0001125016615531215
Topic #2,u'include_package', 1.4547185699262753e-05
Topic #2,u'et_seq', 1.4219574220502069e-05
Topic #2,u'manufacture', 1.421956766215485e-05
Topic #2,u'shuck', 1.4219567660041876e-05
Topic #7,u'inspection', 0.00016698383534522837
Topic #7,u'poultry_products', 0.0001669838257831011
Topic #7,u'throughout', 0.00016698381395672838
Topic #7,u'entire_facility', 0.00016698381395672838
Topic #7,u'act', 0.0001669830852514659
Topic #7,u'restaurant', 7.7454757611627615e-05
Topic #7,u'purpose', 7.7454757609534197e-05
Topic #7,u'et_seq', 1.4219178036954227e-05
Topic #7,u'manufacture', 1.4219171475020151e-05
Topic #7,u'shuck', 1.4219171472907043e-05
Topic #3,u'fish_vessel', 0.0001407231647116457
Topic #3,u'handle', 0.000112524766923967
Topic #3,u'process_mean', 0.000112524766923967
Topic #3,u'subject', 7.7472828422028641e-05
Topic #3,u'process_fish', 7.7472828422028641e-05
Topic #3,u'otherwise', 7.7472828422028641e-05
Topic #3,u'engage', 7.7472756609839796e-05
Topic #3,u'register', 5.4924379553138374e-05
Topic #3,u'farm', 5.492437916982758e-05
Topic #3,u'et_seq', 1.4222490958346986e-05
Topic #4,u'dockside_unload', 0.00011256555485876681
Topic #4,u'store', 0.00011256555485594472
Topic #4,u'preserve', 0.00011256555485585849
Topic #4,u'et_seq', 1.422764996427216e-05
Topic #4,u'act', 1.4227643570728518e-05
Topic #4,u'manufacture', 1.4227643409635137e-05
Topic #4,u'shuck', 1.4227643407519076e-05
Topic #4,u'pack', 1.4227643402215979e-05
Topic #4,u'labeling', 1.4227643397175873e-05
Topic #4,u'inspection', 1.4227642347145524e-05
Topic #5,u'shuck', 0.0001125342522161571
Topic #5,u'retail_food', 7.7479371373327471e-05
Topic #5,u'serve_directly', 7.7479354212447887e-05
Topic #5,u'establishment', 7.747862162770239e-05
Topic #5,u'similar_activity', 5.4929036469149873e-05
Topic #5,u'subsequent_facility', 5.4929036424073646e-05
Topic #5,u'conduct', 5.4929036362412229e-05
Topic #5,u'nature', 5.4929036345657118e-05
Topic #5,u'consists', 5.4929036313912938e-05
Topic #5,u'minimis', 5.4929036229819372e-05
