TopicNo,Topic Words,Probability Score
Topic #4,u'rom', 0.0022730912007370755
Topic #4,u'registration_system', 0.00065685918404110037
Topic #4,u'specification', 0.00050082716399081791
Topic #4,u'confirmation', 0.0004297679814568669
Topic #4,u'cancellation_data', 0.00041348383968101843
Topic #4,u'system_generates', 0.00041348383968101843
Topic #4,u'use', 0.00035749375454496575
Topic #4,u'form', 0.00035648090835433582
Topic #4,u'number', 0.00033426587889877953
Topic #4,u'identify', 0.00025745819961059646
Topic #10,u'cancellation', 0.0015628576269447762
Topic #10,u'mail', 0.0011321826170361882
Topic #10,u'facility', 0.0011035981110865403
Topic #10,u'fax', 0.0010391510636502104
Topic #10,u'registration', 0.00070636110340232194
Topic #10,u'enter', 0.00041385001719599848
Topic #10,u'fda_enters', 0.00041357555355125487
Topic #10,u'confirmation', 0.00039759068502362731
Topic #10,u'fisher', 0.00035802259303111916
Topic #10,u'lane', 0.00035802259303111916
Topic #7,u'fda', 0.0013986113696463388
Topic #7,u'cancellation', 0.00090108813387969311
Topic #7,u'form', 0.0007114254161664352
Topic #7,u'immediately_resubmit', 0.00041501505070880616
Topic #7,u'legible_mail', 0.0004150066070511416
Topic #7,u'receive', 0.00037128574421795067
Topic #7,u'mean', 0.00027115076326137452
Topic #7,u'agency', 0.00027115076326137452
Topic #7,u'enter_cd', 0.00025841156142052173
Topic #7,u'fax_cancellation', 0.00017074477897025377
Topic #6,u'facility', 0.000766350914956659
Topic #6,u'cancel', 0.00046573093306195374
Topic #6,u'rockville', 0.00036024717817570266
Topic #6,u'example', 0.0002722309884155916
Topic #6,u'data_format', 0.0001714248688283784
Topic #6,u'operation', 7.8830082989335255e-05
Topic #6,u'http', 7.8830072262019708e-05
Topic #6,u'cancellation_requirement', 7.883005273813183e-05
Topic #6,u'cease', 7.8829687972113604e-05
Topic #6,u'many', 7.1622051837218247e-05
Topic #3,u'fda_receives', 0.00076097564922778167
Topic #3,u'submission', 0.00057206043123850508
Topic #3,u'information', 0.00051629239226856801
Topic #3,u'time', 0.00041571667615980388
Topic #3,u'previously_submit', 0.00041571667615980388
Topic #3,u'incorrect', 0.00041571667615980388
Topic #3,u'order', 0.00041571661926055928
Topic #3,u'practicable', 0.00041571661907976337
Topic #3,u'soon', 0.00041571661907976337
Topic #3,u'rom_cancellation', 0.00017103322352094686
Topic #8,u'mail_address', 0.00066858165378571872
Topic #8,u'prefer', 0.0004998411204265123
Topic #8,u'consider_cancel', 0.00048018133881681324
Topic #8,u'address', 0.00040045085612502401
Topic #8,u'complete', 0.00032331563050192456
Topic #8,u'name', 0.00032328266261300086
Topic #8,u'method_describe', 0.00027160997347099421
Topic #8,u'reasonable_access', 0.00027160997347099421
Topic #8,u'internet', 0.00027160997347099421
Topic #8,u'mail', 0.00015341276865663711
Topic #2,u'copy', 0.00051739836686372079
Topic #2,u'food', 0.00042485170593355262
Topic #2,u'drug_administration', 0.00036022355368181422
Topic #2,u'provide', 0.00017962050342710278
Topic #2,u'registration_use', 0.00017141359403868842
Topic #2,u'obtain', 0.0001149927941804875
Topic #2,u'write', 0.0001149927941804875
Topic #2,u'cease', 7.8825298013406736e-05
Topic #2,u'consumption', 7.8824906439223691e-05
Topic #2,u'state', 7.8824905011110028e-05
Topic #1,u'return', 0.00046062618480883962
Topic #1,u'cancellation_form', 0.00042931569861194856
Topic #1,u'along', 0.0004165227138297071
Topic #1,u'revision', 0.00021545973930192422
Topic #1,u'one', 0.00017136808676078221
Topic #1,u'certification_statement', 0.00017136808676078221
Topic #1,u'sign_copy', 0.00017136808676078221
Topic #1,u'accompany', 0.00017136808676078221
Topic #1,u'cancellation_file', 0.00017136807792632645
Topic #1,u'pdf_rendition', 0.00017136807792632645
Topic #5,u'capacity', 0.00026000018635581579
Topic #5,u'rom', 1.422837289396104e-05
Topic #5,u'submission', 1.4228366471217991e-05
Topic #5,u'data_format', 1.422836419077542e-05
Topic #5,u'registration_use', 1.4228364153536916e-05
Topic #5,u'rom_cancellation', 1.4228364088722823e-05
Topic #5,u'along', 1.4228363254024889e-05
Topic #5,u'fax', 1.4228359332816437e-05
Topic #5,u'specification', 1.4228357047703591e-05
Topic #5,u'enter_cd', 1.4228356344470789e-05
Topic #9,u'submission', 1.4758501665695361e-05
Topic #9,u'capacity', 1.4231872408700544e-05
Topic #9,u'rom', 1.4231863191394808e-05
Topic #9,u'registration_use', 1.4231854448929271e-05
Topic #9,u'data_format', 1.4231854422602921e-05
Topic #9,u'rom_cancellation', 1.4231854384099083e-05
Topic #9,u'along', 1.4231853549109254e-05
Topic #9,u'fax', 1.4231849626498474e-05
Topic #9,u'specification', 1.42318473353206e-05
Topic #9,u'enter_cd', 1.4231846632329401e-05
