TopicNo,Topic Words,Probability Score
Topic #4,u'paper', 0.0017796071910077445
Topic #4,u'rom_option', 1.4206781582813795e-05
Topic #4,u'signature', 1.4206720336579018e-05
Topic #4,u'individual', 1.4206719804534646e-05
Topic #4,u'accord', 1.4206717082700504e-05
Topic #4,u'pack', 1.4206717081179979e-05
Topic #4,u'statement', 1.4206716041111252e-05
Topic #4,u'identify', 1.4206715223546664e-05
Topic #4,u'telephone', 1.4206715195970544e-05
Topic #4,u'identifies', 1.4206715189512919e-05
Topic #9,u'rom_option', 0.0017790074023198003
Topic #9,u'foreign_facility', 0.00017982363979033238
Topic #9,u'emergency_contact', 8.2627185944391388e-05
Topic #9,u'designate', 7.6855579535720827e-05
Topic #9,u'domestic', 5.4519861654065628e-05
Topic #9,u'name', 1.4217244370469145e-05
Topic #9,u'phone', 1.4202050583630255e-05
Topic #9,u'number', 1.4202033032180119e-05
Topic #9,u'paper', 1.420199334441466e-05
Topic #9,u'signature', 1.4201932179159919e-05
Topic #8,u'registration', 0.00081048651980116166
Topic #8,u'include', 0.00031655692513779814
Topic #8,u'individual', 0.00031647315583912676
Topic #8,u'statement', 0.00016539426949744774
Topic #8,u'true', 0.00016539247350977156
Topic #8,u'information_submit', 0.00016539247350977156
Topic #8,u'accurate', 0.00016539247350977156
Topic #8,u'individual_certifies', 0.0001653921755348378
Topic #8,u'authorize_submission', 0.00016539216388629285
Topic #8,u'facility_submitting', 0.00016532707606005119
Topic #6,u'name', 0.00059840664011995422
Topic #6,u'identifies', 0.00016570647109137937
Topic #6,u'human_food_product_category', 0.00011167511296333865
Topic #6,u'mostall', 0.00011167511296333865
Topic #6,u'check', 0.00011167511296333865
Topic #6,u'either', 0.00011167511296333865
Topic #6,u'pack', 0.00011167507350726838
Topic #6,u'individual_register', 1.4279650567499352e-05
Topic #6,u'facility_submitting', 1.4279650567499352e-05
Topic #6,u'include', 1.4254468151827847e-05
Topic #3,u'number', 0.00059405237245297143
Topic #3,u'phone', 0.00044265062286612527
Topic #3,u'facility', 0.00044092551860610093
Topic #3,u'telephone', 0.00016556172362294663
Topic #3,u'emergency_contact', 0.00013373848206973474
Topic #3,u'mandatory_category', 0.00011157756284102699
Topic #3,u'none', 0.00011157756284102699
Topic #3,u'manufacturesprocesses', 0.00011157756284102699
Topic #3,u'trade_name', 0.00011157755215907548
Topic #3,u'individual', 1.4325818818586432e-05
Topic #2,u'agent', 0.0005395889257587466
Topic #2,u'operator', 0.00047696984478430403
Topic #2,u'charge', 0.00032560347035747887
Topic #2,u'charge_certifies', 0.00016556825129412534
Topic #2,u'signature', 0.00016556818486813393
Topic #2,u'true', 0.00016556795507373389
Topic #2,u'information_submit', 0.00016556795507373389
Topic #2,u'accurate', 0.00016556795507373389
Topic #2,u'facility', 1.4205032813871585e-05
Topic #2,u'rom_option', 1.4202640067023211e-05
Topic #5,u'owner', 0.00047720837341668003
Topic #5,u'address', 0.00044675884080689715
Topic #5,u'form', 0.00016565302041168136
Topic #5,u'individual_submit', 0.00016565302041168136
Topic #5,u'statement', 0.00016565091566318019
Topic #5,u'applicable_food_product_category', 0.00011163907212359139
Topic #5,u'identify', 0.00011163839594738552
Topic #5,u'parent_company', 1.453347468004601e-05
Topic #5,u'phone', 1.4389187184272321e-05
Topic #5,u'number', 1.4347237560710114e-05
Topic #10,u'submit', 0.00020612086824614245
Topic #10,u'identify', 0.00011172640261920335
Topic #10,u'hold', 0.0001117257224178662
Topic #10,u'food', 0.0001117257224178662
Topic #10,u'accord', 0.00011172568625742273
Topic #10,u'registrant', 5.4592603381298493e-05
Topic #10,u'one', 5.4592603302506817e-05
Topic #10,u'method_describe', 5.4592603299284656e-05
Topic #10,u'follow_information', 5.4592603023837518e-05
Topic #10,u'certifies', 2.3238878865848129e-05
Topic #1,u'parent_company', 9.4674765064634036e-05
Topic #1,u'subsidiary', 5.4618312663382907e-05
Topic #1,u'facility', 1.425144166359034e-05
Topic #1,u'phone', 1.4230318452605122e-05
Topic #1,u'number', 1.4230255798453523e-05
Topic #1,u'rom_option', 1.4230186599118467e-05
Topic #1,u'paper', 1.4230186564897844e-05
Topic #1,u'signature', 1.4230125258714912e-05
Topic #1,u'individual', 1.4230124731606096e-05
Topic #1,u'accord', 1.4230121999090617e-05
Topic #7,u'domestic_facility', 7.7009494785478493e-05
Topic #7,u'full', 5.4604297873710223e-05
Topic #7,u'address', 1.4248386429174287e-05
Topic #7,u'rom_option', 1.4230438264673204e-05
Topic #7,u'paper', 1.4230438230443586e-05
Topic #7,u'signature', 1.4230376940903398e-05
Topic #7,u'individual', 1.4230376392350719e-05
Topic #7,u'accord', 1.4230373666339562e-05
Topic #7,u'pack', 1.4230373664821293e-05
Topic #7,u'statement', 1.4230372624047357e-05
