TopicNo,Topic Words,Probability Score
Topic #8,u'registration_system', 0.0083113582744040806
Topic #8,u'update_confirmation', 0.0081364732506261309
Topic #8,u'update_data', 0.0080775096548222972
Topic #8,u'system_generates', 0.0080775096548222972
Topic #8,u'registration', 0.00075870932437149287
Topic #8,u'facility', 0.00039901956910260057
Topic #8,u'mail_address', 0.00035752636672558435
Topic #8,u'consider_update', 0.00030676357091677327
Topic #8,u'fda_enters', 0.00024779997483264943
Topic #8,u'soon', 0.00024779996775722732
Topic #2,u'update', 0.0016437491231484039
Topic #2,u'form', 0.00083599089580452019
Topic #2,u'fax', 0.00075440912153213054
Topic #2,u'mail', 0.00073290905052794263
Topic #2,u'facility', 0.00072677649321967381
Topic #2,u'prefer', 0.00030115490567326185
Topic #2,u'receive', 0.00026348252363097197
Topic #2,u'immediately_resubmit', 0.00025508454441156426
Topic #2,u'confirmation', 0.0002550379718841045
Topic #2,u'enter', 0.0002550379718841045
Topic #6,u'rom', 0.0014761243678454797
Topic #6,u'complete', 0.00020082178172132855
Topic #6,u'specification', 0.00016159478875000862
Topic #6,u'comply', 0.00016159478875000862
Topic #6,u'registrant_unprocessed', 0.00016159477706917212
Topic #6,u'update_submission', 0.00010902228038238672
Topic #6,u'respond', 0.00010902228038238672
Topic #6,u'iso', 0.00010902228038232065
Topic #6,u'rom_format', 0.00010902228038232065
Topic #6,u'multiple_submission', 0.00010902228038055211
Topic #4,u'fda', 0.0010053612085536934
Topic #4,u'update_information', 0.0003173954784854038
Topic #4,u'return', 0.00028353200320877967
Topic #4,u'address', 0.00017001356340121601
Topic #4,u'enter_cd', 0.00016158130273825178
Topic #4,u'revision', 0.00013559548877308387
Topic #4,u'enter_complete', 0.00010900146294588739
Topic #4,u'legible_update', 0.00010900146294588739
Topic #4,u'pdf_rendition', 9.6066388080898768e-05
Topic #4,u'update_file', 9.6066388080898768e-05
Topic #10,u'fda_receives', 0.00046384025078909845
Topic #10,u'submission', 0.00040274270778684691
Topic #10,u'previously_submit', 0.00029505027455719175
Topic #10,u'order', 0.0002558717923286465
Topic #10,u'time', 0.00025519642128175478
Topic #10,u'incorrect', 0.00025519642128175478
Topic #10,u'drug_administration', 0.00022213107542220088
Topic #10,u'food', 0.00022213107542220088
Topic #10,u'fisher', 0.00022213107542210406
Topic #10,u'lane', 0.00022213107542210406
Topic #1,u'copy', 0.00031789756581901809
Topic #1,u'registration_form', 0.00026527082413661265
Topic #1,u'one', 0.00010919092764979199
Topic #1,u'sign_copy', 0.00010919092764979199
Topic #1,u'certification_statement', 0.00010919092764979199
Topic #1,u'accompany', 0.00010919092764979199
Topic #1,u'unless_notify', 7.532507980821089e-05
Topic #1,u'otherwise', 7.532507980821089e-05
Topic #1,u'obtain', 7.5316589124529632e-05
Topic #1,u'write', 7.5316589124529632e-05
Topic #9,u'update_submissions', 0.00030902025012087889
Topic #9,u'along', 0.00025680501243873486
Topic #9,u'internet', 0.00017029157386001871
Topic #9,u'reasonable_access', 0.00017029157386001871
Topic #9,u'legible_mail', 0.00016173895365970023
Topic #9,u'method_provide', 0.00010918489351899942
Topic #9,u'method_describe', 7.5320925100621477e-05
Topic #9,u'cancellation_due', 5.3536699625690345e-05
Topic #9,u'ownership_change', 5.3536699343323219e-05
Topic #9,u'fax', 1.7215143634643307e-05
Topic #7,u'capacity', 0.00016197741619154878
Topic #7,u'operator', 0.00013217859560689052
Topic #7,u'rom_submission', 0.00010928043576119892
Topic #7,u'change', 1.4229025899303686e-05
Topic #7,u'data_format', 1.4226707711978975e-05
Topic #7,u'rom', 1.4226707211842703e-05
Topic #7,u'update_submissions', 1.4226705923051294e-05
Topic #7,u'along', 1.4226705918261046e-05
Topic #7,u'enter_cd', 1.4226705822485366e-05
Topic #7,u'update_cd', 1.4226705814828713e-05
Topic #3,u'data_format', 0.00010929119563595409
Topic #3,u'request', 7.5380535455146124e-05
Topic #3,u'phone', 7.5380535455146124e-05
Topic #3,u'govfurls', 5.3588831382474572e-05
Topic #3,u'new', 1.8192381674072533e-05
Topic #3,u'change', 1.5073323937368787e-05
Topic #3,u'within', 1.4515401102010568e-05
Topic #3,u'calendar_day', 1.4515393181309338e-05
Topic #3,u'operator', 1.4343851872403721e-05
Topic #3,u'form', 1.4287703126892439e-05
Topic #5,u'registration_information', 5.3600780625225575e-05
Topic #5,u'update', 1.424623692151901e-05
Topic #5,u'facility', 1.42462366570789e-05
Topic #5,u'capacity', 1.4231284458741574e-05
Topic #5,u'data_format', 1.4231281246005878e-05
Topic #5,u'rom_submission', 1.4231281238549184e-05
Topic #5,u'rom', 1.4231280750875189e-05
Topic #5,u'update_submissions', 1.423127945734085e-05
Topic #5,u'along', 1.4231279451014993e-05
Topic #5,u'enter_cd', 1.4231279356740477e-05
