TopicNo,Topic Words,Probability Score
Topic #7,u'alphabet', 0.0084148056749121999
Topic #7,u'information', 0.00036661018727316883
Topic #7,u'submission', 0.00031452141977198129
Topic #7,u'incorrect', 0.00022056477103462753
Topic #7,u'time', 0.00022056477103462753
Topic #7,u'previously_submit', 0.00022056477103462753
Topic #7,u'paragraph', 0.00020737059612463418
Topic #7,u'internet', 0.00018576662007036015
Topic #7,u'fda', 0.00017387545288110784
Topic #7,u'roman', 0.00016011045726853758
Topic #6,u'registration', 0.001433050796812136
Topic #6,u'number', 0.00066177448067112547
Topic #6,u'form', 0.00065703237239599934
Topic #6,u'mail', 0.0005758916633847507
Topic #6,u'fax', 0.00051585001950857834
Topic #6,u'mail_address', 0.00031576725622520197
Topic #6,u'copy', 0.00029955194326630638
Topic #6,u'confirmation', 0.00026049550701786597
Topic #6,u'consider_register', 0.0002604809775469421
Topic #6,u'prefer', 0.00025507249291437784
Topic #5,u'rom', 0.001115166296986804
Topic #5,u'name', 0.00055068168170279287
Topic #5,u'comply', 0.00030807092949860999
Topic #5,u'specification', 0.00030807092949860999
Topic #5,u'along', 0.00022238326708134704
Topic #5,u'street', 0.000161436651912388
Topic #5,u'company', 0.00016143665191238496
Topic #5,u'rockville', 0.00014814129228105921
Topic #5,u'file', 0.00010891665866717045
Topic #5,u'long', 0.00010891647346272394
Topic #1,u'facility', 0.001067334937984046
Topic #1,u'registration_system', 0.00046431757391118583
Topic #1,u'register', 0.00030502611031056642
Topic #1,u'immediately_update', 0.00022240288474048613
Topic #1,u'fda_enters', 0.00022238344374340708
Topic #1,u'registration_fee', 0.00016144481426347748
Topic #1,u'require', 0.00016144481426347748
Topic #1,u'language', 0.0001614447682881579
Topic #1,u'use', 0.00014814793633014108
Topic #1,u'first', 0.00010892197646880876
Topic #8,u'fda', 0.00061011940707074181
Topic #8,u'practicable', 0.00022272542167896126
Topic #8,u'soon', 0.00022272542167896126
Topic #8,u'rom_submission', 0.00022270945340700565
Topic #8,u'legible_mail', 0.00022269281058062067
Topic #8,u'enter_cd', 0.00016167894768767075
Topic #8,u'electronic_registration', 0.00013189861241869527
Topic #8,u'fax_submission', 7.5940270217148334e-05
Topic #8,u'registration_submissions', 7.3253565375812815e-05
Topic #8,u'enter_complete', 7.3253565375812815e-05
Topic #2,u'submit', 0.00040397498192481536
Topic #2,u'individual', 0.00016165610654249931
Topic #2,u'english_language_except', 0.00016165610654249931
Topic #2,u'registration_information', 0.00016165610654249931
Topic #2,u'trade_name', 0.00016165610125107213
Topic #2,u'foreign_language', 0.00016165610125107213
Topic #2,u'submitter_unprocessed', 0.00016158793809772454
Topic #2,u'food', 0.00014834266204196672
Topic #2,u'drug_administration', 0.00014834266184710233
Topic #2,u'document', 0.00010906451939920488
Topic #3,u'fda_receives', 0.00036893928000909408
Topic #3,u'order', 0.00022291409264534132
Topic #3,u'latin', 0.00016175626325255819
Topic #3,u'submit_use', 0.00016175626325255819
Topic #3,u'respond', 7.5313080833383094e-05
Topic #3,u'registration_submission', 7.5313080833383094e-05
Topic #3,u'week', 5.3531893112969993e-05
Topic #3,u'day', 5.3531626680214191e-05
Topic #3,u'website', 5.3520461469801488e-05
Topic #3,u'wherever', 5.352046134592603e-05
Topic #9,u'return', 0.00028388248679971583
Topic #9,u'registration_form', 0.00026514666384823394
Topic #9,u'fee', 0.00016176628056567444
Topic #9,u'example', 0.00014844381593345408
Topic #9,u'revision', 0.00013624863091827365
Topic #9,u'accompany', 0.00010913889420488531
Topic #9,u'one', 0.00010913889420488531
Topic #9,u'sign_copy', 0.00010913889420488531
Topic #9,u'appears', 0.00010913889420488531
Topic #9,u'certification_statement', 0.00010913889420488531
Topic #4,u'include', 0.00016191696785425606
Topic #4,u'item', 0.00016191696785425606
Topic #4,u'pdf', 0.00010924048505139433
Topic #4,u'multiple_submission', 0.0001091920606787618
Topic #4,u'include_library', 5.3565317771675862e-05
Topic #4,u'register_electronically', 5.356531695589431e-05
Topic #4,u'rom', 1.4339472199808395e-05
Topic #4,u'alphabet', 1.4224139854903894e-05
Topic #4,u'fax_submission', 1.4223818997300126e-05
Topic #4,u'roman', 1.4223816052910353e-05
Topic #10,u'www', 5.3591335347205926e-05
Topic #10,u'internet_cafe', 5.3591335053732455e-05
Topic #10,u'alphabet', 1.4231049199438002e-05
Topic #10,u'rom', 1.4230728586339167e-05
Topic #10,u'fax_submission', 1.4230727835869461e-05
Topic #10,u'roman', 1.4230724890438461e-05
Topic #10,u'language', 1.4230724875905883e-05
Topic #10,u'fee', 1.4230724854483818e-05
Topic #10,u'capacity', 1.4230721616115916e-05
Topic #10,u'data_format', 1.4230721615686724e-05
