TopicNo,Topic Words,Probability Score
Topic #6,u'apply', 0.00059472665453040921
Topic #6,u'registration_requirement', 0.00059472665453040921
Topic #6,u'local', 0.00052652070433274788
Topic #6,u'facility', 0.00052652070433274788
Topic #6,u'state', 1.4200739017577802e-05
Topic #6,u'federal', 1.4200739017572791e-05
Topic #6,u'relate', 1.4200731567966072e-05
Topic #6,u'control', 1.4200731567966072e-05
Topic #6,u'emergency_permit', 1.4200731567966072e-05
Topic #6,u'requirement', 1.4200731489797323e-05
Topic #5,u'federal', 0.00017933501323623099
Topic #5,u'state', 1.4229495693731291e-05
Topic #5,u'facility', 1.4229490837503445e-05
Topic #5,u'local', 1.4229490837503445e-05
Topic #5,u'emergency_permit', 1.4229488225816665e-05
Topic #5,u'relate', 1.4229488225816665e-05
Topic #5,u'control', 1.4229488225816665e-05
Topic #5,u'addition', 1.4229488146790654e-05
Topic #5,u'requirement', 1.4229488146790654e-05
Topic #5,u'comply', 1.4229487850040838e-05
Topic #7,u'state', 0.00017933501323604581
Topic #7,u'federal', 1.4229495693725924e-05
Topic #7,u'facility', 1.4229490837542893e-05
Topic #7,u'local', 1.4229490837542893e-05
Topic #7,u'emergency_permit', 1.4229488225867094e-05
Topic #7,u'relate', 1.4229488225867094e-05
Topic #7,u'control', 1.4229488225867094e-05
Topic #7,u'addition', 1.4229488146790651e-05
Topic #7,u'requirement', 1.4229488146790651e-05
Topic #7,u'comply', 1.4229487850040837e-05
Topic #8,u'comply', 0.00012036220850649833
Topic #8,u'found', 0.00012036220850649833
Topic #8,u'registration', 0.00012036220850649833
Topic #8,u'regulation', 0.00012036220850649833
Topic #8,u'emergency_permit', 0.00012036220512806106
Topic #8,u'relate', 0.00012036220512806106
Topic #8,u'control', 0.00012036220512806106
Topic #8,u'addition', 8.2514508254380927e-05
Topic #8,u'requirement', 8.2514508254380927e-05
Topic #8,u'state', 1.4219327228987666e-05
Topic #3,u'federal', 1.4231845450106206e-05
Topic #3,u'state', 1.4231845450057815e-05
Topic #3,u'facility', 1.4231840594212106e-05
Topic #3,u'local', 1.4231840594212106e-05
Topic #3,u'emergency_permit', 1.4231837980824493e-05
Topic #3,u'relate', 1.4231837980824493e-05
Topic #3,u'control', 1.4231837980824493e-05
Topic #3,u'addition', 1.4231837901875525e-05
Topic #3,u'requirement', 1.4231837901875525e-05
Topic #3,u'comply', 1.423183760581465e-05
Topic #10,u'federal', 1.4231845450083521e-05
Topic #10,u'state', 1.4231845450057881e-05
Topic #10,u'facility', 1.4231840594384775e-05
Topic #10,u'local', 1.4231840594384775e-05
Topic #10,u'emergency_permit', 1.4231837980824554e-05
Topic #10,u'relate', 1.4231837980824554e-05
Topic #10,u'control', 1.4231837980824554e-05
Topic #10,u'addition', 1.423183790181103e-05
Topic #10,u'requirement', 1.423183790181103e-05
Topic #10,u'comply', 1.4231837604977703e-05
Topic #9,u'state', 1.4231845450057922e-05
Topic #9,u'federal', 1.4231845450052623e-05
Topic #9,u'facility', 1.4231840594269906e-05
Topic #9,u'local', 1.4231840594269906e-05
Topic #9,u'emergency_permit', 1.4231837980824557e-05
Topic #9,u'relate', 1.4231837980824557e-05
Topic #9,u'control', 1.4231837980824557e-05
Topic #9,u'addition', 1.4231837901811033e-05
Topic #9,u'requirement', 1.4231837901811033e-05
Topic #9,u'comply', 1.4231837604977707e-05
Topic #2,u'state', 1.423184545005792e-05
Topic #2,u'federal', 1.4231845450052589e-05
Topic #2,u'facility', 1.4231840594164906e-05
Topic #2,u'local', 1.4231840594164906e-05
Topic #2,u'emergency_permit', 1.423183798082456e-05
Topic #2,u'relate', 1.423183798082456e-05
Topic #2,u'control', 1.423183798082456e-05
Topic #2,u'addition', 1.4231837901811038e-05
Topic #2,u'requirement', 1.4231837901811038e-05
Topic #2,u'comply', 1.423183760497771e-05
Topic #4,u'state', 1.4231845450057903e-05
Topic #4,u'federal', 1.4231845450052581e-05
Topic #4,u'facility', 1.4231840594187533e-05
Topic #4,u'local', 1.4231840594187533e-05
Topic #4,u'emergency_permit', 1.4231837980824559e-05
Topic #4,u'relate', 1.4231837980824559e-05
Topic #4,u'control', 1.4231837980824559e-05
Topic #4,u'addition', 1.4231837901811037e-05
Topic #4,u'requirement', 1.4231837901811037e-05
Topic #4,u'comply', 1.4231837604977708e-05
Topic #1,u'state', 1.4231845450057864e-05
Topic #1,u'federal', 1.4231845450052631e-05
Topic #1,u'facility', 1.4231840594158365e-05
Topic #1,u'local', 1.4231840594158365e-05
Topic #1,u'emergency_permit', 1.423183798082456e-05
Topic #1,u'relate', 1.423183798082456e-05
Topic #1,u'control', 1.423183798082456e-05
Topic #1,u'addition', 1.4231837901811038e-05
Topic #1,u'requirement', 1.4231837901811038e-05
Topic #1,u'comply', 1.423183760497771e-05
