TopicNo,Topic Words,Probability Score
Topic #8,u'disclose', 0.00052247853470404671
Topic #8,u'registration_document', 0.00019484658240507481
Topic #8,u'list', 0.00019484658240507481
Topic #8,u'disclosure', 0.0001948465821602912
Topic #8,u'subject', 0.0001948465821602912
Topic #8,u'paragraph', 0.00018505964394811009
Topic #8,u'identity', 0.00012412047929658346
Topic #8,u'information_derive', 0.00012412047929658346
Topic #8,u'register_person', 0.00012412047929658346
Topic #8,u'location', 0.00012412047929658346
Topic #1,u'public', 0.00045787742248422657
Topic #1,u'information_obtain', 0.00040120973374210221
Topic #1,u'previously', 0.00040120973374210221
Topic #1,u'apply', 0.00040120973374210221
Topic #1,u'define', 0.00040120973374210221
Topic #1,u'section_does', 0.00040120973374210221
Topic #1,u'mean', 0.00040120973374210221
Topic #1,u'food', 5.9676994105075313e-05
Topic #1,u'registration_information_available', 5.9676994035466735e-05
Topic #1,u'disclose', 1.4270583701746341e-05
Topic #4,u'freedom', 0.00025624364413996984
Topic #4,u'information_act', 0.00025624364413996984
Topic #4,u'paragraph', 1.4224956865740464e-05
Topic #4,u'addition', 1.422495336820415e-05
Topic #4,u'information_obtain', 1.4224949734625387e-05
Topic #4,u'apply', 1.4224949734625387e-05
Topic #4,u'define', 1.4224949734625387e-05
Topic #4,u'previously', 1.4224949734625387e-05
Topic #4,u'section_does', 1.4224949734625387e-05
Topic #4,u'mean', 1.4224949734625387e-05
Topic #3,u'addition', 0.00012438910591528455
Topic #3,u'paragraph', 1.4230277848185295e-05
Topic #3,u'previously', 1.423027071511778e-05
Topic #3,u'information_obtain', 1.423027071511778e-05
Topic #3,u'apply', 1.423027071511778e-05
Topic #3,u'define', 1.423027071511778e-05
Topic #3,u'section_does', 1.423027071511778e-05
Topic #3,u'mean', 1.423027071511778e-05
Topic #3,u'information_act', 1.4230269757874803e-05
Topic #3,u'freedom', 1.4230269757874803e-05
Topic #5,u'paragraph', 1.4231845615528324e-05
Topic #5,u'addition', 1.4231842116695878e-05
Topic #5,u'previously', 1.4231838478161048e-05
Topic #5,u'information_obtain', 1.4231838478161048e-05
Topic #5,u'apply', 1.4231838478161048e-05
Topic #5,u'define', 1.4231838478161048e-05
Topic #5,u'section_does', 1.4231838478161048e-05
Topic #5,u'mean', 1.4231838478161048e-05
Topic #5,u'information_act', 1.4231837520490947e-05
Topic #5,u'freedom', 1.4231837520490947e-05
Topic #10,u'paragraph', 1.4231845614824324e-05
Topic #10,u'addition', 1.4231842116615642e-05
Topic #10,u'previously', 1.4231838478147707e-05
Topic #10,u'information_obtain', 1.4231838478147707e-05
Topic #10,u'apply', 1.4231838478147707e-05
Topic #10,u'define', 1.4231838478147707e-05
Topic #10,u'section_does', 1.4231838478147707e-05
Topic #10,u'mean', 1.4231838478147707e-05
Topic #10,u'information_act', 1.4231837520491635e-05
Topic #10,u'freedom', 1.4231837520491635e-05
Topic #6,u'paragraph', 1.4231845614824243e-05
Topic #6,u'addition', 1.4231842116615579e-05
Topic #6,u'previously', 1.4231838478152645e-05
Topic #6,u'information_obtain', 1.4231838478152645e-05
Topic #6,u'apply', 1.4231838478152645e-05
Topic #6,u'define', 1.4231838478152645e-05
Topic #6,u'section_does', 1.4231838478152645e-05
Topic #6,u'mean', 1.4231838478152645e-05
Topic #6,u'information_act', 1.4231837520491544e-05
Topic #6,u'freedom', 1.4231837520491544e-05
Topic #7,u'paragraph', 1.4231845614824021e-05
Topic #7,u'addition', 1.4231842116615268e-05
Topic #7,u'information_obtain', 1.4231838478142732e-05
Topic #7,u'previously', 1.4231838478142732e-05
Topic #7,u'apply', 1.4231838478142732e-05
Topic #7,u'define', 1.4231838478142732e-05
Topic #7,u'mean', 1.4231838478142732e-05
Topic #7,u'section_does', 1.4231838478142732e-05
Topic #7,u'freedom', 1.4231837520519299e-05
Topic #7,u'information_act', 1.4231837520519299e-05
Topic #9,u'paragraph', 1.4231845614823327e-05
Topic #9,u'addition', 1.423184211661471e-05
Topic #9,u'previously', 1.423183847816675e-05
Topic #9,u'information_obtain', 1.423183847816675e-05
Topic #9,u'apply', 1.423183847816675e-05
Topic #9,u'define', 1.423183847816675e-05
Topic #9,u'section_does', 1.423183847816675e-05
Topic #9,u'mean', 1.423183847816675e-05
Topic #9,u'information_act', 1.4231837520490675e-05
Topic #9,u'freedom', 1.4231837520490675e-05
Topic #2,u'paragraph', 1.4231845614823113e-05
Topic #2,u'addition', 1.423184211661452e-05
Topic #2,u'previously', 1.423183847851516e-05
Topic #2,u'information_obtain', 1.423183847851516e-05
Topic #2,u'apply', 1.423183847851516e-05
Topic #2,u'define', 1.423183847851516e-05
Topic #2,u'section_does', 1.423183847851516e-05
Topic #2,u'mean', 1.423183847851516e-05
Topic #2,u'information_act', 1.4231837520490473e-05
Topic #2,u'freedom', 1.4231837520490473e-05
