TopicNo,Topic Words,Probability Score
Topic #5,u'food', 0.0018830133159006253
Topic #5,u'article', 0.0017828314708624832
Topic #5,u'registration', 0.0010340171715200956
Topic #5,u'accordance', 0.00092076677692789555
Topic #5,u'govern', 0.00082063365288298008
Topic #5,u'procedure_set', 0.00082063365288298008
Topic #5,u'disposition', 0.00082063365288298008
Topic #5,u'held', 0.00082038577594544947
Topic #5,u'cancel', 0.00046693279168253651
Topic #5,u'fda', 0.00042545293462971454
Topic #10,u'register', 0.0009726601953858906
Topic #10,u'facility', 0.00043011533846136946
Topic #10,u'charge', 0.00027276300464943462
Topic #10,u'agent', 0.00027276300464943462
Topic #10,u'foreign_facility', 0.00027273255513962766
Topic #10,u'fda_cancel', 0.00017153833671769805
Topic #10,u'exist', 0.00013835153680251798
Topic #10,u'fda_determines', 0.00013835153680251798
Topic #10,u'domestic', 0.00011541881614064858
Topic #10,u'facility_fails', 0.00010451192683445646
Topic #8,u'pack', 0.00083078428108496563
Topic #8,u'act', 0.00041393546617545543
Topic #8,u'cause', 5.6185967626843314e-05
Topic #8,u'prohibits', 5.6185967617807688e-05
Topic #8,u'certain', 5.6185967513645126e-05
Topic #8,u'done', 5.6185967382607944e-05
Topic #8,u'update_require_element', 1.4212142415082498e-05
Topic #8,u'held', 1.4212142238012027e-05
Topic #8,u'procedure_set', 1.421214180615184e-05
Topic #8,u'govern', 1.421214180615184e-05
Topic #2,u'facility', 0.00058836101752920197
Topic #2,u'mail', 0.00017175085553700596
Topic #2,u'cancellation', 0.00017175085553700596
Topic #2,u'confirmation', 0.00017175085553700596
Topic #2,u'address_provide', 0.00017175085553700596
Topic #2,u'update', 5.6193701554864361e-05
Topic #2,u'business', 1.4247868079392089e-05
Topic #2,u'verifies', 1.4247868079392089e-05
Topic #2,u'longer', 1.4247868079392089e-05
Topic #2,u'agency', 1.4247868079392089e-05
Topic #4,u'owner', 0.00027337065591260807
Topic #4,u'operator', 0.00027337063593429176
Topic #4,u'failure', 0.00011567481168494746
Topic #4,u'pack', 1.4223049800063773e-05
Topic #4,u'update_require_element', 1.4223021868782536e-05
Topic #4,u'held', 1.4223021677683295e-05
Topic #4,u'disposition', 1.422302124566204e-05
Topic #4,u'procedure_set', 1.422302124566204e-05
Topic #4,u'govern', 1.422302124566204e-05
Topic #4,u'facility', 1.4223020589970598e-05
Topic #6,u'update_require_element', 0.00011573476752819934
Topic #6,u'pack', 1.423042539450083e-05
Topic #6,u'held', 1.4230397230450813e-05
Topic #6,u'govern', 1.4230396797808779e-05
Topic #6,u'disposition', 1.4230396797808779e-05
Topic #6,u'procedure_set', 1.4230396797808779e-05
Topic #6,u'facility', 1.4230396137335031e-05
Topic #6,u'operator', 1.4230395875404627e-05
Topic #6,u'fda_determines', 1.4230395869556993e-05
Topic #6,u'exist', 1.4230395869556993e-05
Topic #7,u'commits', 7.9465090861703279e-05
Topic #7,u'enjoin', 7.9465090861703279e-05
Topic #7,u'civil_action', 7.9465090861703279e-05
Topic #7,u'federal_court', 1.474259022729947e-05
Topic #7,u'bring', 1.474259022729947e-05
Topic #7,u'prohibit_act', 1.4318326164050364e-05
Topic #7,u'person', 1.4318325076929136e-05
Topic #7,u'unite', 1.428472360002114e-05
Topic #7,u'state', 1.428472360002114e-05
Topic #7,u'pack', 1.4229065932840709e-05
Topic #1,u'pack', 1.4231870037092289e-05
Topic #1,u'update_require_element', 1.4231842011726969e-05
Topic #1,u'held', 1.4231841825508092e-05
Topic #1,u'procedure_set', 1.4231841392739086e-05
Topic #1,u'govern', 1.4231841392739086e-05
Topic #1,u'disposition', 1.4231841392739086e-05
Topic #1,u'facility', 1.4231840731419322e-05
Topic #1,u'operator', 1.423184046945478e-05
Topic #1,u'fda_determines', 1.423184046463358e-05
Topic #1,u'exist', 1.423184046463358e-05
Topic #3,u'pack', 1.4231869997389636e-05
Topic #3,u'update_require_element', 1.4231842011336917e-05
Topic #3,u'held', 1.423184182550652e-05
Topic #3,u'procedure_set', 1.4231841392743039e-05
Topic #3,u'govern', 1.4231841392743039e-05
Topic #3,u'disposition', 1.4231841392743039e-05
Topic #3,u'facility', 1.4231840731418219e-05
Topic #3,u'operator', 1.4231840469453204e-05
Topic #3,u'fda_determines', 1.4231840464632011e-05
Topic #3,u'exist', 1.4231840464632011e-05
Topic #9,u'pack', 1.4231869997388224e-05
Topic #9,u'update_require_element', 1.4231842011335466e-05
Topic #9,u'held', 1.4231841825505077e-05
Topic #9,u'procedure_set', 1.4231841392745029e-05
Topic #9,u'govern', 1.4231841392745029e-05
Topic #9,u'disposition', 1.4231841392745029e-05
Topic #9,u'facility', 1.4231840731416303e-05
Topic #9,u'operator', 1.4231840469791587e-05
Topic #9,u'fda_determines', 1.4231840464630568e-05
Topic #9,u'exist', 1.4231840464630568e-05
