TopicNo,Topic Words,Probability Score
Topic #7,u'facility', 0.00045509764024777289
Topic #7,u'number', 0.00045470409991777561
Topic #7,u'assignment', 0.00045470409991777561
Topic #7,u'registration', 0.00045470409991777561
Topic #7,u'endorsement', 0.00031518450120441785
Topic #7,u'product', 0.00031518450120441785
Topic #7,u'approval', 0.00031518450120441785
Topic #7,u'convey_fda', 0.00021939446279288502
Topic #7,u'way', 0.00021939446279288502
Topic #7,u'facility_mean', 0.0001540952005913826
Topic #3,u'approval', 1.4231839314149978e-05
Topic #3,u'endorsement', 1.4231839314149978e-05
Topic #3,u'product', 1.4231839314149978e-05
Topic #3,u'convey_fda', 1.4231838032918261e-05
Topic #3,u'way', 1.4231838032918261e-05
Topic #3,u'assignment', 1.4231837269415737e-05
Topic #3,u'number', 1.4231837269415737e-05
Topic #3,u'registration', 1.4231837269415737e-05
Topic #3,u'facility_mean', 1.4231837261479219e-05
Topic #3,u'register', 1.4231837261479219e-05
Topic #5,u'approval', 1.4231839314107222e-05
Topic #5,u'endorsement', 1.4231839314107222e-05
Topic #5,u'product', 1.4231839314107222e-05
Topic #5,u'convey_fda', 1.4231838032922626e-05
Topic #5,u'way', 1.4231838032922626e-05
Topic #5,u'assignment', 1.4231837269415738e-05
Topic #5,u'number', 1.4231837269415738e-05
Topic #5,u'registration', 1.4231837269415738e-05
Topic #5,u'facility_mean', 1.4231837261480356e-05
Topic #5,u'register', 1.4231837261480356e-05
Topic #4,u'approval', 1.4231839313321649e-05
Topic #4,u'endorsement', 1.4231839313321649e-05
Topic #4,u'product', 1.4231839313321649e-05
Topic #4,u'convey_fda', 1.4231838032919318e-05
Topic #4,u'way', 1.4231838032919318e-05
Topic #4,u'assignment', 1.4231837269415771e-05
Topic #4,u'number', 1.4231837269415771e-05
Topic #4,u'registration', 1.4231837269415771e-05
Topic #4,u'facility_mean', 1.4231837261479031e-05
Topic #4,u'register', 1.4231837261479031e-05
Topic #8,u'approval', 1.423183931332159e-05
Topic #8,u'endorsement', 1.423183931332159e-05
Topic #8,u'product', 1.423183931332159e-05
Topic #8,u'convey_fda', 1.4231838032925985e-05
Topic #8,u'way', 1.4231838032925985e-05
Topic #8,u'assignment', 1.4231837269415771e-05
Topic #8,u'number', 1.4231837269415771e-05
Topic #8,u'registration', 1.4231837269415771e-05
Topic #8,u'facility_mean', 1.4231837261479739e-05
Topic #8,u'register', 1.4231837261479739e-05
Topic #10,u'approval', 1.4231839313295149e-05
Topic #10,u'endorsement', 1.4231839313295149e-05
Topic #10,u'product', 1.4231839313295149e-05
Topic #10,u'convey_fda', 1.4231838032917974e-05
Topic #10,u'way', 1.4231838032917974e-05
Topic #10,u'assignment', 1.4231837269415772e-05
Topic #10,u'number', 1.4231837269415772e-05
Topic #10,u'registration', 1.4231837269415772e-05
Topic #10,u'facility_mean', 1.4231837261478526e-05
Topic #10,u'register', 1.4231837261478526e-05
Topic #2,u'approval', 1.4231839313281688e-05
Topic #2,u'endorsement', 1.4231839313281688e-05
Topic #2,u'product', 1.4231839313281688e-05
Topic #2,u'convey_fda', 1.42318380329215e-05
Topic #2,u'way', 1.42318380329215e-05
Topic #2,u'assignment', 1.4231837269415772e-05
Topic #2,u'number', 1.4231837269415772e-05
Topic #2,u'registration', 1.4231837269415772e-05
Topic #2,u'facility_mean', 1.4231837261478142e-05
Topic #2,u'register', 1.4231837261478142e-05
Topic #9,u'approval', 1.4231839313276884e-05
Topic #9,u'endorsement', 1.4231839313276884e-05
Topic #9,u'product', 1.4231839313276884e-05
Topic #9,u'convey_fda', 1.4231838032918532e-05
Topic #9,u'way', 1.4231838032918532e-05
Topic #9,u'assignment', 1.4231837269426867e-05
Topic #9,u'number', 1.4231837269426867e-05
Topic #9,u'registration', 1.4231837269426867e-05
Topic #9,u'facility_mean', 1.4231837261478594e-05
Topic #9,u'register', 1.4231837261478594e-05
Topic #6,u'approval', 1.4231839313273645e-05
Topic #6,u'endorsement', 1.4231839313273645e-05
Topic #6,u'product', 1.4231839313273645e-05
Topic #6,u'convey_fda', 1.4231838032922106e-05
Topic #6,u'way', 1.4231838032922106e-05
Topic #6,u'assignment', 1.4231837269415772e-05
Topic #6,u'number', 1.4231837269415772e-05
Topic #6,u'registration', 1.4231837269415772e-05
Topic #6,u'facility_mean', 1.4231837261479008e-05
Topic #6,u'register', 1.4231837261479008e-05
Topic #1,u'approval', 1.4231839313272621e-05
Topic #1,u'endorsement', 1.4231839313272621e-05
Topic #1,u'product', 1.4231839313272621e-05
Topic #1,u'convey_fda', 1.4231838032935816e-05
Topic #1,u'way', 1.4231838032935816e-05
Topic #1,u'assignment', 1.4231837269415772e-05
Topic #1,u'number', 1.4231837269415772e-05
Topic #1,u'registration', 1.4231837269415772e-05
Topic #1,u'facility_mean', 1.4231837261484681e-05
Topic #1,u'register', 1.4231837261484681e-05
