TopicNo,Topic Words,Probability Score
Topic #4,u'article', 0.0015907640075171971
Topic #4,u'food', 0.0014377711040414745
Topic #4,u'state', 0.0013581477411413303
Topic #4,u'mean', 0.00082465328124327992
Topic #4,u'natural', 0.00064934234777324436
Topic #4,u'port', 0.00042965908016522514
Topic #4,u'import', 0.00030586216113956334
Topic #4,u'still', 0.00030507938340256966
Topic #4,u'entry', 0.00028837636124737519
Topic #4,u'longer', 0.00027965817168671873
Topic #10,u'unite', 0.00098483374640157581
Topic #10,u'state', 0.00047854836062839664
Topic #10,u'water', 0.00034761553646217987
Topic #10,u'air', 0.00030758124794182508
Topic #10,u'mail', 0.00024260425232863154
Topic #10,u'port', 0.00016695364933550012
Topic #10,u'arrival_mean', 0.00016130446780172555
Topic #10,u'custom_territory', 0.00016101607083244916
Topic #10,u'include_seafood', 0.00015344610718345374
Topic #10,u'appropriate', 0.00013594959282195617
Topic #9,u'facility', 0.00050347581592451326
Topic #9,u'act', 0.0004453197175386747
Topic #9,u'service', 0.00044273901606427593
Topic #9,u'international_mail', 0.00038773094668080783
Topic #9,u'port', 0.00030681679311362194
Topic #9,u'include', 0.0002866710452703967
Topic #9,u'foreign', 0.00025458063070189584
Topic #9,u'consignment', 0.00025457252173270847
Topic #9,u'operator', 0.00025457252173270847
Topic #9,u'private', 0.00025457252173270847
Topic #1,u'number', 0.0004308084958583679
Topic #1,u'registration', 0.00027183357800528044
Topic #1,u'fda', 0.00014601818028118566
Topic #1,u'assign', 0.00014601818028118566
Topic #1,u'activity', 0.00010897781872308688
Topic #1,u'exceeds', 0.00010897779621449714
Topic #1,u'mix', 0.00010897775385278424
Topic #1,u'render', 0.0001089777538484867
Topic #1,u'mill', 0.00010897775384553239
Topic #1,u'minimis', 0.00010897753938985476
Topic #5,u'country', 0.00038822213396527824
Topic #5,u'prepare', 0.00010910025697691613
Topic #5,u'infant_formula', 7.5266885854710381e-05
Topic #5,u'include_fish', 7.5266885854022699e-05
Topic #5,u'include_botanical', 7.5266885850721832e-05
Topic #5,u'dairy_product', 7.526688584937425e-05
Topic #5,u'production', 6.1107633159832543e-05
Topic #5,u'calendar', 5.35023584078212e-05
Topic #5,u'calendar_day_mean', 5.3502358373467455e-05
Topic #5,u'day_shown', 5.3502358323282643e-05
Topic #6,u'define', 0.00037811306638043627
Topic #6,u'whole', 0.00016149847190479702
Topic #6,u'fish_head', 0.00016149847190479702
Topic #6,u'district', 0.00016149847190317346
Topic #6,u'columbia', 0.00016149847190317346
Topic #6,u'cbp', 0.00016149842598953812
Topic #6,u'additional_manufactureprocessing', 0.0001089618698784544
Topic #6,u'manufacturer', 0.0001089618698784544
Topic #6,u'perform', 0.0001089618698784544
Topic #6,u'subsequent_facility', 0.0001089618698784544
Topic #3,u'harvest', 0.00036958945198796136
Topic #3,u'purpose', 0.00034783277553396258
Topic #3,u'person', 0.00022221805633892801
Topic #3,u'trim', 0.00020355946922680072
Topic #3,u'custom', 0.00016142136434109549
Topic #3,u'border_protection', 0.00016142136434109549
Topic #3,u'puerto_rico', 0.00016142136434109497
Topic #3,u'commonwealth', 0.00016142136434109497
Topic #3,u'cool_attendant', 0.00015587551138814421
Topic #3,u'pest', 0.00015587551138814421
Topic #2,u'wash', 0.0002039412857629494
Topic #2,u'vessel', 0.00013207762649124989
Topic #2,u'grind', 0.00010911408685704511
Topic #2,u'fda_country', 9.2786217700549959e-05
Topic #2,u'register', 9.2783720678364353e-05
Topic #2,u'production', 8.5176303367389395e-05
Topic #2,u'animal_fee', 7.5276426967946651e-05
Topic #2,u'vegetable', 7.5276426967871068e-05
Topic #2,u'egg', 7.5276426967674082e-05
Topic #2,u'raise_animal', 7.527642696519687e-05
Topic #8,u'submitter', 0.0001617713095843285
Topic #8,u'transmitter', 0.0001617713095843285
Topic #8,u'clean', 0.00010914593896521164
Topic #8,u'crop', 0.00010914593896521164
Topic #8,u'cool', 0.0001091459103571729
Topic #8,u'except', 9.0705584089710266e-05
Topic #8,u'paragraph', 5.3524745398466669e-05
Topic #8,u'provide', 5.3524745101865608e-05
Topic #8,u'territory', 1.4236313773335672e-05
Topic #8,u'act', 1.4236309543934788e-05
Topic #7,u'unload', 0.00016166263809377286
Topic #7,u'port', 0.00016163944297182704
Topic #7,u'dust', 0.00010907259042539898
Topic #7,u'package', 0.00010907259042516568
Topic #7,u'freeze', 0.00010907259042512421
Topic #7,u'manipulate', 0.00010907259042284359
Topic #7,u'homogenize', 0.00010907259042272486
Topic #7,u'shipment', 9.2747898883825349e-05
Topic #7,u'include_harvest', 9.2747898727691726e-05
Topic #7,u'collect', 9.2747898653251434e-05
