TopicNo,Topic Words,Probability Score
Topic #10,u'arrival', 0.0029285595352178877
Topic #10,u'number', 0.0018710943744206397
Topic #10,u'pn_confirmation', 0.0010544463414924967
Topic #10,u'confirmation', 0.00041667840548106596
Topic #10,u'copy', 0.00031858978063492111
Topic #10,u'port', 0.00022130048736337525
Topic #10,u'hour', 0.00022130048665940108
Topic #10,u'arrive', 0.00022129873683186601
Topic #10,u'custom_declaration', 0.00016641430349003511
Topic #10,u'appear', 0.00016641430349003511
Topic #4,u'fda', 0.0029203023708218546
Topic #4,u'upon', 0.0025693611315444624
Topic #4,u'prior_notice', 0.0023004891226042256
Topic #4,u'submit', 0.0016474885527205689
Topic #4,u'provide', 0.0015010056753593274
Topic #4,u'confirm', 0.00024929240683037893
Topic #4,u'review', 0.00024929240670602435
Topic #4,u'article_arrives', 0.00016686094146905976
Topic #4,u'system', 0.00013944936445159137
Topic #4,u'submit_via', 0.00013944936445159137
Topic #5,u'article', 0.002054409042247113
Topic #5,u'food', 0.0018401332711156222
Topic #5,u'accompany', 0.0016127990142514059
Topic #5,u'unite', 0.0015585992191961872
Topic #5,u'state', 0.0015585992191961872
Topic #5,u'article_arrives', 0.0011551862621681347
Topic #5,u'pn_confirmation', 0.00072921873636110535
Topic #5,u'arrive', 0.0004468903310662614
Topic #5,u'international_mail', 0.00032579965907610504
Topic #5,u'otherwise_accompanies', 0.00016559689774895867
Topic #3,u'cbp', 0.001475461424351054
Topic #3,u'fda_pnsi', 0.0013857319846702193
Topic #3,u'road', 5.4799496453604688e-05
Topic #3,u'article_arrives', 1.4609517547816447e-05
Topic #3,u'upon', 1.44481555815022e-05
Topic #3,u'land', 1.4274751122836278e-05
Topic #3,u'food', 1.4212524671901957e-05
Topic #3,u'article', 1.4210551030813468e-05
Topic #3,u'arrive', 1.4207043454221791e-05
Topic #3,u'arrival', 1.4196108217215605e-05
Topic #9,u'calendar_day', 0.00017640875922772707
Topic #9,u'anticipate_date', 0.00017640875922772707
Topic #9,u'arrival', 7.2699272490261627e-05
Topic #9,u'upon', 1.8067174793561767e-05
Topic #9,u'arrive', 1.4260885092498412e-05
Topic #9,u'hour', 1.4260884065417709e-05
Topic #9,u'port', 1.4260883484915875e-05
Topic #9,u'fda', 1.4226392848285524e-05
Topic #9,u'equivalent', 1.4226340614536317e-05
Topic #9,u'cbp', 1.4226338031754737e-05
Topic #1,u'equivalent', 0.00016766283870044398
Topic #1,u'upon', 1.4229670363878386e-05
Topic #1,u'cbp', 1.4229659033334311e-05
Topic #1,u'notwithstanding_paragraphs', 1.4229658353639973e-05
Topic #1,u'copy', 1.4229657560347273e-05
Topic #1,u'custom', 1.4229656459379681e-05
Topic #1,u'border_protection', 1.4229656459379681e-05
Topic #1,u'package', 1.4229656458790359e-05
Topic #1,u'accompanies', 1.4229656458790359e-05
Topic #1,u'pn_confirmation', 1.4229656303070574e-05
Topic #8,u'accompanies', 0.00016763716390894381
Topic #8,u'package', 0.00016763716390894381
Topic #8,u'upon', 1.4227487388663289e-05
Topic #8,u'equivalent', 1.4227478650556134e-05
Topic #8,u'cbp', 1.4227476064654609e-05
Topic #8,u'notwithstanding_paragraphs', 1.4227475385304873e-05
Topic #8,u'copy', 1.4227474592234919e-05
Topic #8,u'custom', 1.4227473491403345e-05
Topic #8,u'border_protection', 1.4227473491403345e-05
Topic #8,u'pn_confirmation', 1.4227473335200775e-05
Topic #6,u'border_protection', 0.00016762651918340949
Topic #6,u'custom', 0.00016762651918340949
Topic #6,u'abiacs', 7.7725137050009354e-05
Topic #6,u'upon', 1.4226583962053766e-05
Topic #6,u'equivalent', 1.4226575227871655e-05
Topic #6,u'cbp', 1.4226572639250817e-05
Topic #6,u'notwithstanding_paragraphs', 1.422657195908993e-05
Topic #6,u'copy', 1.4226571167182031e-05
Topic #6,u'package', 1.4226570066046156e-05
Topic #6,u'accompanies', 1.4226570066046156e-05
Topic #2,u'notwithstanding_paragraphs', 0.00011294071114716809
Topic #2,u'air', 5.4994532666563448e-05
Topic #2,u'arrive', 1.4246057204380541e-05
Topic #2,u'food', 1.4245490930253581e-05
Topic #2,u'article', 1.4245479657726105e-05
Topic #2,u'upon', 1.4229868331023591e-05
Topic #2,u'equivalent', 1.4229859581833864e-05
Topic #2,u'cbp', 1.4229856996767537e-05
Topic #2,u'copy', 1.4229855524943764e-05
Topic #2,u'border_protection', 1.4229854424846515e-05
Topic #7,u'upon', 1.423185400760768e-05
Topic #7,u'equivalent', 1.4231845256334909e-05
Topic #7,u'cbp', 1.4231842670258599e-05
Topic #7,u'notwithstanding_paragraphs', 1.4231841990850333e-05
Topic #7,u'copy', 1.4231841196988783e-05
Topic #7,u'border_protection', 1.4231840095867703e-05
Topic #7,u'custom', 1.4231840095867703e-05
Topic #7,u'package', 1.4231840095278282e-05
Topic #7,u'accompanies', 1.4231840095278282e-05
Topic #7,u'pn_confirmation', 1.4231839939521227e-05
