TopicNo,Topic Words,Probability Score
Topic #4,u'act', 0.01250268640640244
Topic #4,u'provision', 0.0055523769267899091
Topic #4,u'grant_admission', 0.0054078104215038864
Topic #4,u'return_address', 0.00030146003772302027
Topic #4,u'post', 0.00016671912157442865
Topic #4,u'resubmitted', 0.00016670152851070642
Topic #4,u'admissibility', 0.00015843838488820326
Topic #4,u'prohibition', 0.00015843837970219333
Topic #4,u'delivery', 0.00015843837970219333
Topic #4,u'different', 0.00015843836827951157
Topic #7,u'law', 0.0057922814831699908
Topic #7,u'accordance', 0.0008607826064272316
Topic #7,u'paragraph', 0.00048601005167306935
Topic #7,u'ultimate_consignee', 0.000316612690068459
Topic #7,u'entry', 0.00027836867487416412
Topic #7,u'fda_review', 0.00016957881458789693
Topic #7,u'regulation', 0.00016117761978984982
Topic #7,u'made', 0.00016117761978984982
Topic #7,u'fda_expense', 0.00016117755439732124
Topic #7,u'mail', 0.0001087249657747121
Topic #10,u'prior_notice', 0.0030306994681171657
Topic #10,u'article', 0.0030222841974649811
Topic #10,u'fda', 0.003015488913542298
Topic #10,u'food', 0.0028347929569044637
Topic #10,u'submit', 0.0012675244586068299
Topic #10,u'cbp', 0.0011848540829908119
Topic #10,u'request', 0.0011027375869000319
Topic #10,u'refuse', 0.0010232511083907326
Topic #10,u'review', 0.00095809833726689584
Topic #10,u'port', 0.00084388378773299724
Topic #8,u'destroy', 0.00046671630637069969
Topic #8,u'owner', 0.00031871001184612254
Topic #8,u'parcel', 0.00022431785209217799
Topic #8,u'immediately_export', 0.00019362259183932317
Topic #8,u'dispose', 0.00015870990526520865
Topic #8,u'expense', 0.00015870990526520865
Topic #8,u'obtain', 0.00012337502976074056
Topic #8,u'cbp_supervision', 0.00010097888531630679
Topic #8,u'bond', 7.5452164179690156e-05
Topic #8,u'custodial', 7.5452164179690156e-05
Topic #2,u'adequate', 0.00041101487632037647
Topic #2,u'import', 0.00017195221790531471
Topic #2,u'without', 0.00011492728165493644
Topic #2,u'state', 0.000114926228533747
Topic #2,u'unite', 0.00011492622833837462
Topic #2,u'offer', 9.30769940012036e-05
Topic #2,u'segregation', 7.5492061945547624e-05
Topic #2,u'supervision', 7.5491607042897014e-05
Topic #2,u'take', 7.5491336201252479e-05
Topic #2,u'exportation', 7.5491297999727731e-05
Topic #1,u'determine', 0.00038895058071601818
Topic #1,u'importer', 0.00031862819383912737
Topic #1,u'deliver', 0.00031861834094006048
Topic #1,u'time', 0.00020156501173684588
Topic #1,u'refuse_food', 0.00017611481435032397
Topic #1,u'necessary', 0.00017063265279065941
Topic #1,u'www', 0.00010939852787817676
Topic #1,u'enter', 7.54531408372198e-05
Topic #1,u'cbp_determines', 7.5445008694853953e-05
Topic #1,u'supervision', 7.5444708402856765e-05
Topic #5,u'international_mail', 0.00034966832145073541
Topic #5,u'individual', 0.00027143679193479292
Topic #5,u'food_carry', 0.00017619818970142535
Topic #5,u'otherwise_accompany', 0.00017619818961940058
Topic #5,u'merchandise', 0.00017618834678226783
Topic #5,u'except', 0.00011492131072986414
Topic #5,u'general', 0.00011492066708410855
Topic #5,u'order', 0.0001149206669655782
Topic #5,u'cfr', 7.5486704862660293e-05
Topic #5,u'confirmation', 7.5486704862035237e-05
Topic #3,u'calendar_day', 0.00025768983900222552
Topic #3,u'admission', 0.00017817294218532687
Topic #3,u'receive', 0.00015871323673380871
Topic #3,u'refuse_foods', 7.5547695754698754e-05
Topic #3,u'storage', 7.5547678668002832e-05
Topic #3,u'cost', 7.5547678667799571e-05
Topic #3,u'segregation', 7.5546307460298376e-05
Topic #3,u'expense_result', 7.5517540180401334e-05
Topic #3,u'response', 5.3683711476735187e-05
Topic #3,u'advise_cbp', 5.3683707692560607e-05
Topic #6,u'return', 0.00016241886670382172
Topic #6,u'prior_noticefda_refused', 0.00016241874415561292
Topic #6,u'sender_mark', 0.00016241874415561292
Topic #6,u'come', 0.00016241868159980346
Topic #6,u'parcel', 0.00016241122101946361
Topic #6,u'amend', 5.3696714946110773e-05
Topic #6,u'grant_admission', 1.4220768505271476e-05
Topic #6,u'return_address', 1.4220739352778963e-05
Topic #6,u'notwithstanding', 1.422073825251436e-05
Topic #6,u'fda_expense', 1.4220737858946815e-05
Topic #9,u'submitter', 0.00010963730291381112
Topic #9,u'grant_admission', 1.423051812814748e-05
Topic #9,u'return_address', 1.4230488902286735e-05
Topic #9,u'notwithstanding', 1.423048780199824e-05
Topic #9,u'fda_expense', 1.4230487408216631e-05
Topic #9,u'come', 1.4230487369023298e-05
Topic #9,u'transmitter', 1.4230487174763337e-05
Topic #9,u'parcel', 1.4230486147020024e-05
Topic #9,u'law', 1.4230485953535048e-05
Topic #9,u'www', 1.4230484198793678e-05
