TopicNo,Topic Words,Probability Score
Topic #3,u'fda', 0.0011271048720497153
Topic #3,u'gov', 0.00041596660217091451
Topic #3,u'deems_appropriate', 0.00025110835125885891
Topic #3,u'format', 0.00025110835125885891
Topic #3,u'accept', 0.00025110835125885891
Topic #3,u'submission', 0.00025110835125885891
Topic #3,u'submit', 0.00018320148656535753
Topic #3,u'act', 0.00017095777693319696
Topic #3,u'determination', 0.00017095777693319696
Topic #3,u'successor_system', 0.00017095777693319696
Topic #1,u'prior_notice', 0.0011123224166848555
Topic #1,u'submit', 0.00076277289050751278
Topic #1,u'article', 0.00032829312281909323
Topic #1,u'international_mail', 0.00017123767851560508
Topic #1,u'food_import', 0.00017123767851560508
Topic #1,u'offer', 0.00017123767851560508
Topic #1,u'import', 0.00017123767851560508
Topic #1,u'refuse', 0.00017123765410563389
Topic #1,u'customhouse_broker', 0.00017123748430315943
Topic #1,u'information', 0.00014319299307035327
Topic #6,u'fda_pnsi', 0.00091885255001058098
Topic #6,u'http', 0.00035982578485729231
Topic #6,u'administration_system', 0.00025913862974051978
Topic #6,u'operational', 0.00025913862974051978
Topic #6,u'fda_determines', 0.00025913862974051978
Topic #6,u'import_support', 0.00025913862974051978
Topic #6,u'oasis', 0.0002591382961249644
Topic #6,u'prominent', 0.00024580674396223459
Topic #6,u'notification', 0.00024580674396223459
Topic #6,u'post', 0.00024580674396223459
Topic #5,u'system', 0.00076214206023978153
Topic #5,u'work', 0.00074757610563442093
Topic #5,u'interface', 0.00051709341546305907
Topic #5,u'filer', 0.00025925092869724838
Topic #5,u'automate', 0.0002156517004946629
Topic #5,u'commercial', 0.00011491951779774232
Topic #5,u'broker', 0.00011491951779774232
Topic #5,u'border_protection', 0.00011491948372795594
Topic #5,u'custom', 0.00011491948372795594
Topic #5,u'fda_prior_notice', 9.1208092025451548e-05
Topic #7,u'abiacs', 0.00051793554740939979
Topic #7,u'outage', 0.0002596789245662506
Topic #7,u'cannot', 0.00017158233066341393
Topic #7,u'made', 0.00017158233066341393
Topic #7,u'transaction_type', 0.00017158233066341393
Topic #7,u'submit_use', 7.8902404128535796e-05
Topic #7,u'latin', 7.8902401956560048e-05
Topic #7,u'except', 7.8902401375645405e-05
Topic #7,u'individual', 7.8902397688815728e-05
Topic #7,u'work', 1.5105524471768021e-05
Topic #9,u'www', 0.00041750087511581928
Topic #9,u'work', 1.422615214787181e-05
Topic #9,u'filer', 1.4226140656600464e-05
Topic #9,u'oasis', 1.4226140636894336e-05
Topic #9,u'outage', 1.42261406289914e-05
Topic #9,u'customhouse_broker', 1.4226122519450866e-05
Topic #9,u'access', 1.4226122493515664e-05
Topic #9,u'self', 1.4226122491840004e-05
Topic #9,u'gov', 1.4226121761764536e-05
Topic #9,u'alphabet', 1.4226110586072423e-05
Topic #8,u'access', 0.00017176503251589741
Topic #8,u'name', 0.00014374896588929069
Topic #8,u'street', 7.8983151154287708e-05
Topic #8,u'foreign_language', 7.8983150691652677e-05
Topic #8,u'submit', 1.4422360391863415e-05
Topic #8,u'work', 1.4225960021538623e-05
Topic #8,u'filer', 1.4225948534504863e-05
Topic #8,u'oasis', 1.4225948514805834e-05
Topic #8,u'outage', 1.4225948506892449e-05
Topic #8,u'customhouse_broker', 1.4225930392160174e-05
Topic #10,u'section_applies', 0.00011526811863667569
Topic #10,u'work', 1.5142646161187394e-05
Topic #10,u'filer', 1.4230429143697006e-05
Topic #10,u'oasis', 1.4230429062669563e-05
Topic #10,u'outage', 1.4230429054739946e-05
Topic #10,u'customhouse_broker', 1.4230410922956865e-05
Topic #10,u'self', 1.4230410895348329e-05
Topic #10,u'access', 1.4230410895155138e-05
Topic #10,u'gov', 1.4230410175554454e-05
Topic #10,u'www', 1.4230410129574195e-05
Topic #4,u'unless_paragraph', 0.00011525657850897771
Topic #4,u'roman', 0.00011525657849937771
Topic #4,u'work', 1.4229015881937843e-05
Topic #4,u'filer', 1.422900441844425e-05
Topic #4,u'oasis', 1.4229004368781572e-05
Topic #4,u'outage', 1.422900436086723e-05
Topic #4,u'customhouse_broker', 1.4228986228352319e-05
Topic #4,u'self', 1.4228986200757458e-05
Topic #4,u'access', 1.4228986200563935e-05
Topic #4,u'gov', 1.4228985471221736e-05
Topic #2,u'submit', 1.4344792737325874e-05
Topic #2,u'prior_notice', 1.4344791258045288e-05
Topic #2,u'work', 1.4231888313679655e-05
Topic #2,u'filer', 1.4231876815845756e-05
Topic #2,u'oasis', 1.4231876788073734e-05
Topic #2,u'outage', 1.423187678014193e-05
Topic #2,u'customhouse_broker', 1.4231858647067825e-05
Topic #2,u'self', 1.4231858619454241e-05
Topic #2,u'access', 1.4231858619260909e-05
Topic #2,u'gov', 1.4231857890927175e-05
