TopicNo,Topic Words,Probability Score
Topic #3,u'law', 0.0082673846058722682
Topic #3,u'notify', 0.00042655522558654707
Topic #3,u'include', 0.00020215898849517387
Topic #3,u'location', 0.00018614772246644233
Topic #3,u'necessary', 0.00016876787819023061
Topic #3,u'notification', 0.00010817543815141526
Topic #3,u'applicable', 0.00010817513347124382
Topic #3,u'cbp_entry_identifier', 0.00010817513347124382
Topic #3,u'receipt', 0.00010762321488620545
Topic #3,u'conduct', 0.00010597020837650598
Topic #7,u'article', 0.0024183774286877274
Topic #7,u'hold', 0.0023187246500906054
Topic #7,u'food', 0.0021358875067260552
Topic #7,u'fda', 0.0013365450806960071
Topic #7,u'cbp', 0.00088040539329338171
Topic #7,u'longer', 0.00077995393054628673
Topic #7,u'place', 0.00074915946056100351
Topic #7,u'parcel', 0.00073836509688658637
Topic #7,u'held', 0.00050942158533407637
Topic #7,u'destroy', 0.00042367872027306003
Topic #10,u'act', 0.002403322036813392
Topic #10,u'request', 0.0010544706833843583
Topic #10,u'submit', 0.0006393893279752176
Topic #10,u'deliver', 0.00038761006555701076
Topic #10,u'number', 0.00032340380084000964
Topic #10,u'register', 0.00031103540861890459
Topic #10,u'provision', 0.00030669633689149188
Topic #10,u'importer', 0.0002934865519848925
Topic #10,u'registration', 0.00028856075804048654
Topic #10,u'require', 0.00028667410683407083
Topic #1,u'subject', 0.00078100607187030029
Topic #1,u'review', 0.00054994915478833492
Topic #1,u'notwithstanding', 0.00016177760769865682
Topic #1,u'except', 7.5292347609452314e-05
Topic #1,u'individual', 7.5292070073570939e-05
Topic #1,u'food_carry', 7.529202261400016e-05
Topic #1,u'otherwise_accompany', 7.529202261400016e-05
Topic #1,u'consequence', 5.3515582940958842e-05
Topic #1,u'request', 3.6367550079970126e-05
Topic #1,u'facility_associate', 1.6892839501321988e-05
Topic #9,u'export', 0.0003587860301134825
Topic #9,u'obtain', 0.00020943965758728059
Topic #9,u'admissibility_provision', 0.00016170749357337884
Topic #9,u'relationship', 0.00016170749357337884
Topic #9,u'cbp_concurrence', 0.00011455020376874829
Topic #9,u'port', 0.00011262221019461888
Topic #9,u'notification', 0.00010909872897766728
Topic #9,u'contact_information', 0.00010909770557393478
Topic #9,u'information', 0.00010909742961016395
Topic #9,u'name', 0.00010909742961016395
Topic #8,u'foreign_facility', 0.00032320784622242769
Topic #8,u'gov', 0.00020353540210225383
Topic #8,u'prior_notice', 0.00020353540210225383
Topic #8,u'see', 0.00020353540210225383
Topic #8,u'www', 0.00020312732672434316
Topic #8,u'delivery', 0.00016175786390238317
Topic #8,u'transfer', 0.00016175786390238317
Topic #8,u'prohibition', 0.00016175786390238317
Topic #8,u'arrives', 0.00016050070197839376
Topic #8,u'register', 0.00012411677439993357
Topic #6,u'ultimate_consignee', 0.00029646498756473114
Topic #6,u'article', 1.4227953877443708e-05
Topic #6,u'return_address', 1.4227830203649601e-05
Topic #6,u'regulation', 1.4227828685506833e-05
Topic #6,u'fda_expense', 1.4227828621102366e-05
Topic #6,u'notwithstanding', 1.4227828470757996e-05
Topic #6,u'come', 1.4227828425995945e-05
Topic #6,u'mail', 1.4227827878287691e-05
Topic #6,u'www', 1.4227827863005007e-05
Topic #6,u'law', 1.4227827219476996e-05
Topic #5,u'owner', 0.00029600397295717016
Topic #5,u'made', 0.0002228404897354506
Topic #5,u'http', 0.00020361811758804783
Topic #5,u'list', 0.00020361811758804783
Topic #5,u'mail', 0.00020313787036195996
Topic #5,u'regulation', 0.00012710773216714733
Topic #5,u'cbp_supervision', 0.00011458016571819412
Topic #5,u'delivery_method', 0.00010913706460645052
Topic #5,u'contact_information', 0.00010913679013101061
Topic #5,u'cannot', 7.5287060002180619e-05
Topic #2,u'come', 0.00016202561158232682
Topic #2,u'submitter', 0.00010931203939652574
Topic #2,u'notification', 1.4262459690809095e-05
Topic #2,u'applicable', 1.4262449344014141e-05
Topic #2,u'cbp_entry_identifier', 1.4262449344014141e-05
Topic #2,u'include', 1.4262445014632371e-05
Topic #2,u'return_address', 1.4228388374054943e-05
Topic #2,u'regulation', 1.4228386860581691e-05
Topic #2,u'fda_expense', 1.4228386793028697e-05
Topic #2,u'notwithstanding', 1.4228386642819862e-05
Topic #4,u'unite', 0.00011476335827901205
Topic #4,u'state', 0.00011476335818840291
Topic #4,u'import', 9.2959626623539341e-05
Topic #4,u'offer', 5.359345642907194e-05
Topic #4,u'return_address', 1.4348192554978207e-05
Topic #4,u'otherwise_accompany', 1.4306320520620219e-05
Topic #4,u'food_carry', 1.4306320520620219e-05
Topic #4,u'individual_arrive', 1.4306317756322243e-05
Topic #4,u'personal', 1.4306317756322243e-05
Topic #4,u'place', 1.4227369076755395e-05
