TopicNo,Topic Words,Probability Score
Topic #2,u'prior_notice', 0.0018474235787979063
Topic #2,u'via', 0.00098592705165313592
Topic #2,u'import', 0.0008115301432344926
Topic #2,u'cancel', 0.00049999645818996194
Topic #2,u'fda_pnsi', 0.00049999643390306935
Topic #2,u'submit', 0.00049999643390238207
Topic #2,u'fda', 0.00047682995998535034
Topic #2,u'article', 0.00041279799263001189
Topic #2,u'offer', 0.00041279799263001189
Topic #2,u'unite', 0.00041279799263001189
Topic #10,u'information_require', 0.00045848578365753173
Topic #10,u'mail', 0.00025976330916281865
Topic #10,u'anticipate_date', 0.00025976330916281865
Topic #10,u'except', 0.00023635058200936803
Topic #10,u'via', 1.421539093004467e-05
Topic #10,u'submit', 1.421537855712663e-05
Topic #10,u'fda_pnsi', 1.4215378557017622e-05
Topic #10,u'quantity', 1.421537651748947e-05
Topic #10,u'cancel', 1.4215375832131418e-05
Topic #10,u'plan', 1.4215373373724008e-05
Topic #3,u'plan', 0.00017178263740741913
Topic #3,u'shipment_information', 0.00017178263740741913
Topic #3,u'via', 1.4227379737812759e-05
Topic #3,u'anticipate_date', 1.4227369449825727e-05
Topic #3,u'mail', 1.4227369449825727e-05
Topic #3,u'submit', 1.4227367347961853e-05
Topic #3,u'fda_pnsi', 1.4227367347875947e-05
Topic #3,u'quantity', 1.4227365321188129e-05
Topic #3,u'cancel', 1.4227364619576036e-05
Topic #3,u'abiacs', 1.4227359889189931e-05
Topic #9,u'arrival_information', 0.00011525664975030993
Topic #9,u'anticipate', 0.00011525664975030993
Topic #9,u'via', 1.4228988732559442e-05
Topic #9,u'mail', 1.4228978460682633e-05
Topic #9,u'anticipate_date', 1.4228978460682633e-05
Topic #9,u'fda_pnsi', 1.4228976337351923e-05
Topic #9,u'submit', 1.4228976337270339e-05
Topic #9,u'quantity', 1.4228974305679101e-05
Topic #9,u'cancel', 1.4228973607996668e-05
Topic #9,u'plan', 1.4228971133742243e-05
Topic #7,u'via', 1.4231864368260649e-05
Topic #7,u'mail', 1.4231854068625675e-05
Topic #7,u'anticipate_date', 1.4231854068625675e-05
Topic #7,u'fda_pnsi', 1.4231851966319705e-05
Topic #7,u'submit', 1.4231851964637063e-05
Topic #7,u'quantity', 1.4231849927463922e-05
Topic #7,u'cancel', 1.423184923543393e-05
Topic #7,u'plan', 1.4231846762823453e-05
Topic #7,u'shipment_information', 1.4231846762823453e-05
Topic #7,u'abiacs', 1.4231844498657719e-05
Topic #5,u'via', 1.4231864368185691e-05
Topic #5,u'mail', 1.4231854068582722e-05
Topic #5,u'anticipate_date', 1.4231854068582722e-05
Topic #5,u'submit', 1.4231851966084857e-05
Topic #5,u'fda_pnsi', 1.42318519646907e-05
Topic #5,u'quantity', 1.423184992742081e-05
Topic #5,u'cancel', 1.4231849233868257e-05
Topic #5,u'plan', 1.4231846762780265e-05
Topic #5,u'shipment_information', 1.4231846762780265e-05
Topic #5,u'abiacs', 1.423184450016888e-05
Topic #6,u'via', 1.4231864367759381e-05
Topic #6,u'mail', 1.4231854068579893e-05
Topic #6,u'anticipate_date', 1.4231854068579893e-05
Topic #6,u'submit', 1.4231851965609536e-05
Topic #6,u'fda_pnsi', 1.4231851965450116e-05
Topic #6,u'quantity', 1.4231849927645112e-05
Topic #6,u'cancel', 1.4231849233914446e-05
Topic #6,u'plan', 1.4231846779335583e-05
Topic #6,u'shipment_information', 1.4231846779335583e-05
Topic #6,u'abiacs', 1.4231844498915742e-05
Topic #1,u'via', 1.4231864367507951e-05
Topic #1,u'mail', 1.4231854068589664e-05
Topic #1,u'anticipate_date', 1.4231854068589664e-05
Topic #1,u'submit', 1.4231851965498407e-05
Topic #1,u'fda_pnsi', 1.4231851964891782e-05
Topic #1,u'quantity', 1.4231849927427781e-05
Topic #1,u'cancel', 1.4231849233783908e-05
Topic #1,u'plan', 1.4231846762787903e-05
Topic #1,u'shipment_information', 1.4231846762787903e-05
Topic #1,u'abiacs', 1.4231844499284291e-05
Topic #8,u'via', 1.4231864367037272e-05
Topic #8,u'mail', 1.4231854068586764e-05
Topic #8,u'anticipate_date', 1.4231854068586764e-05
Topic #8,u'submit', 1.4231851965056618e-05
Topic #8,u'fda_pnsi', 1.4231851964776032e-05
Topic #8,u'quantity', 1.4231849927424874e-05
Topic #8,u'cancel', 1.4231849233752122e-05
Topic #8,u'plan', 1.4231846762784312e-05
Topic #8,u'shipment_information', 1.4231846762784312e-05
Topic #8,u'abiacs', 1.4231844498939193e-05
Topic #4,u'via', 1.4231864366877759e-05
Topic #4,u'mail', 1.4231854068622475e-05
Topic #4,u'anticipate_date', 1.4231854068622475e-05
Topic #4,u'fda_pnsi', 1.4231851964941325e-05
Topic #4,u'submit', 1.4231851964765092e-05
Topic #4,u'quantity', 1.4231849927460713e-05
Topic #4,u'cancel', 1.4231849233919819e-05
Topic #4,u'plan', 1.4231846762820034e-05
Topic #4,u'shipment_information', 1.4231846762820034e-05
Topic #4,u'abiacs', 1.4231844498649768e-05
