TopicNo,Topic Words,Probability Score
Topic #7,u'import', 0.0028443104197685798
Topic #7,u'person', 0.002765461489482078
Topic #7,u'unite', 0.0016714384442794003
Topic #7,u'state', 0.0016714384442064129
Topic #7,u'food', 0.0014290201143667824
Topic #7,u'offer', 0.0014290201142798506
Topic #7,u'present', 0.0013896028284702312
Topic #7,u'fda', 0.0013896028284702312
Topic #7,u'convict', 0.0013896028284702312
Topic #7,u'seek_debarment', 0.0013896028284702312
Topic #6,u'consequence', 0.0014776685007817608
Topic #6,u'otherwise_fail', 5.4866561571961682e-05
Topic #6,u'adequate', 5.4866561561981113e-05
Topic #6,u'comply', 5.4866561507880902e-05
Topic #6,u'submit', 5.4866561491243569e-05
Topic #6,u'fail', 5.4866561451372474e-05
Topic #6,u'prior_notice', 5.4866561355046702e-05
Topic #6,u'person', 1.4477651547764287e-05
Topic #6,u'adverse', 1.4335550294508365e-05
Topic #6,u'health', 1.4335550294508365e-05
Topic #2,u'act', 0.00066380894720598465
Topic #2,u'done', 0.00011246119901313902
Topic #2,u'act_prohibits', 0.00011246119901313902
Topic #2,u'certain', 0.00011246119901313902
Topic #2,u'cause', 0.00011246119901313902
Topic #2,u'section', 0.00011246118523254104
Topic #2,u'include', 5.4893353120161974e-05
Topic #2,u'requirement', 5.4892779864753208e-05
Topic #2,u'person', 1.4214445691943683e-05
Topic #2,u'prohibit_act', 1.4214444599952677e-05
Topic #4,u'prohibit_act', 0.00032865310065009171
Topic #4,u'enjoin_person', 1.4261195905325875e-05
Topic #4,u'civil_action', 1.4261195905325875e-05
Topic #4,u'commit', 1.4261195905325875e-05
Topic #4,u'responsible', 1.4257947248559214e-05
Topic #4,u'criminal_action', 1.4257947248559214e-05
Topic #4,u'prosecute_person', 1.4257947248559214e-05
Topic #4,u'commission', 1.4257947248559214e-05
Topic #4,u'bring', 1.4256637092764968e-05
Topic #4,u'federal_court', 1.4256637092764968e-05
Topic #10,u'person', 1.4231839646341812e-05
Topic #10,u'section', 1.4231838778750474e-05
Topic #10,u'prohibit_act', 1.4231838550286047e-05
Topic #10,u'health', 1.4231838153147936e-05
Topic #10,u'human', 1.4231838153147936e-05
Topic #10,u'animal', 1.4231838153147936e-05
Topic #10,u'threat', 1.4231838153147936e-05
Topic #10,u'felony_relate', 1.4231838153147936e-05
Topic #10,u'present', 1.4231838153147936e-05
Topic #10,u'death', 1.4231838153147936e-05
Topic #1,u'person', 1.4231839646340581e-05
Topic #1,u'section', 1.4231838778754958e-05
Topic #1,u'prohibit_act', 1.4231838550291628e-05
Topic #1,u'health', 1.4231838153146703e-05
Topic #1,u'human', 1.4231838153146703e-05
Topic #1,u'animal', 1.4231838153146703e-05
Topic #1,u'threat', 1.4231838153146703e-05
Topic #1,u'felony_relate', 1.4231838153146703e-05
Topic #1,u'present', 1.4231838153146703e-05
Topic #1,u'death', 1.4231838153146703e-05
Topic #9,u'person', 1.4231839646339619e-05
Topic #9,u'section', 1.423183877875073e-05
Topic #9,u'prohibit_act', 1.4231838550490628e-05
Topic #9,u'serious', 1.4231838153145743e-05
Topic #9,u'adverse', 1.4231838153145743e-05
Topic #9,u'death', 1.4231838153145743e-05
Topic #9,u'convict', 1.4231838153145743e-05
Topic #9,u'felony_relate', 1.4231838153145743e-05
Topic #9,u'present', 1.4231838153145743e-05
Topic #9,u'health', 1.4231838153145743e-05
Topic #5,u'person', 1.4231839646339558e-05
Topic #5,u'section', 1.4231838778750466e-05
Topic #5,u'prohibit_act', 1.4231838550283769e-05
Topic #5,u'health', 1.4231838153145682e-05
Topic #5,u'human', 1.4231838153145682e-05
Topic #5,u'animal', 1.4231838153145682e-05
Topic #5,u'threat', 1.4231838153145682e-05
Topic #5,u'felony_relate', 1.4231838153145682e-05
Topic #5,u'present', 1.4231838153145682e-05
Topic #5,u'death', 1.4231838153145682e-05
Topic #3,u'person', 1.4231839646339364e-05
Topic #3,u'section', 1.4231838778747452e-05
Topic #3,u'prohibit_act', 1.4231838550283576e-05
Topic #3,u'human', 1.4231838153145489e-05
Topic #3,u'threat', 1.4231838153145489e-05
Topic #3,u'seek_debarment', 1.4231838153145489e-05
Topic #3,u'animal', 1.4231838153145489e-05
Topic #3,u'death', 1.4231838153145489e-05
Topic #3,u'felony_relate', 1.4231838153145489e-05
Topic #3,u'health', 1.4231838153145489e-05
Topic #8,u'person', 1.4231839646338445e-05
Topic #8,u'section', 1.42318387787473e-05
Topic #8,u'prohibit_act', 1.423183855028268e-05
Topic #8,u'human', 1.4231838153144569e-05
Topic #8,u'threat', 1.4231838153144569e-05
Topic #8,u'seek_debarment', 1.4231838153144569e-05
Topic #8,u'animal', 1.4231838153144569e-05
Topic #8,u'death', 1.4231838153144569e-05
Topic #8,u'felony_relate', 1.4231838153144569e-05
Topic #8,u'health', 1.4231838153144569e-05
