TopicNo,Topic Words,Probability Score
Topic #4,u'keep', 0.00085254281629391893
Topic #4,u'record', 0.00085254281629391893
Topic #4,u'food', 0.00052458943776176315
Topic #4,u'enters', 0.00052458943776176315
Topic #4,u'interstate_commerce', 0.00052458943776176315
Topic #4,u'person_subject', 0.00052458943776176315
Topic #4,u'offer', 0.00052458943776176315
Topic #4,u'whether', 0.00052458943776176315
Topic #4,u'require', 0.0003128009447407448
Topic #4,u'respect', 0.0003128009447407448
Topic #7,u'regulation', 0.00063309528247804602
Topic #7,u'subject', 0.00016427617090560779
Topic #7,u'import_food', 0.00012033705586977979
Topic #7,u'unite', 0.00012033705586977979
Topic #7,u'state', 0.00012033705586977979
Topic #7,u'offer', 1.4398972065591859e-05
Topic #7,u'person_subject', 1.4398972065591859e-05
Topic #7,u'interstate_commerce', 1.4398972065591859e-05
Topic #7,u'whether', 1.4398972065591859e-05
Topic #7,u'food', 1.4398972065591859e-05
Topic #5,u'one', 0.00044978795790181624
Topic #5,u'activity', 0.00034376559210696957
Topic #5,u'exclusion', 0.00028500079092402207
Topic #5,u'type', 0.00017898889104170924
Topic #5,u'conduct', 0.00017898889104170924
Topic #5,u'location', 0.00017898889104170924
Topic #5,u'fall', 0.0001789505221540276
Topic #5,u'within', 0.0001789505221540276
Topic #5,u'qualify', 0.00012021576319487851
Topic #5,u'transport', 8.2414097631124729e-05
Topic #2,u'receive', 0.00012045533433074877
Topic #2,u'hold', 1.4230330297466813e-05
Topic #2,u'transport', 1.4230328030216891e-05
Topic #2,u'pack', 1.4230328028339369e-05
Topic #2,u'process', 1.4230328028287482e-05
Topic #2,u'distribute', 1.4230328028245174e-05
Topic #2,u'person_subject', 1.4230326607401569e-05
Topic #2,u'food', 1.4230326607401569e-05
Topic #2,u'whether', 1.4230326607401569e-05
Topic #2,u'enters', 1.4230326607401569e-05
Topic #1,u'hold', 0.00012044710197846801
Topic #1,u'pack', 8.2572717505868218e-05
Topic #1,u'receive', 1.4229357735477497e-05
Topic #1,u'transport', 1.4229355481702565e-05
Topic #1,u'distribute', 1.4229355479771631e-05
Topic #1,u'process', 1.4229355479714579e-05
Topic #1,u'person_subject', 1.4229354058867935e-05
Topic #1,u'food', 1.4229354058867935e-05
Topic #1,u'whether', 1.4229354058867935e-05
Topic #1,u'enters', 1.4229354058867935e-05
Topic #3,u'process', 8.2581489127133315e-05
Topic #3,u'hold', 1.4230869308686136e-05
Topic #3,u'receive', 1.4230869306394497e-05
Topic #3,u'transport', 1.4230867052388974e-05
Topic #3,u'pack', 1.4230867050511337e-05
Topic #3,u'distribute', 1.4230867050420782e-05
Topic #3,u'person_subject', 1.4230865629637825e-05
Topic #3,u'food', 1.4230865629637825e-05
Topic #3,u'whether', 1.4230865629637825e-05
Topic #3,u'enters', 1.4230865629637825e-05
Topic #6,u'distribute', 8.2581489126690215e-05
Topic #6,u'hold', 1.423086930868793e-05
Topic #6,u'receive', 1.4230869306396225e-05
Topic #6,u'transport', 1.4230867052392018e-05
Topic #6,u'pack', 1.4230867050513084e-05
Topic #6,u'process', 1.423086705040519e-05
Topic #6,u'person_subject', 1.4230865629639592e-05
Topic #6,u'food', 1.4230865629639592e-05
Topic #6,u'whether', 1.4230865629639592e-05
Topic #6,u'enters', 1.4230865629639592e-05
Topic #10,u'manufacture', 5.821369975965218e-05
Topic #10,u'person', 5.8213699276163144e-05
Topic #10,u'hold', 1.4230590142619196e-05
Topic #10,u'receive', 1.4230590140327426e-05
Topic #10,u'transport', 1.4230587886385393e-05
Topic #10,u'pack', 1.4230587881351695e-05
Topic #10,u'distribute', 1.4230587881254452e-05
Topic #10,u'process', 1.4230587881241096e-05
Topic #10,u'person_subject', 1.4230586463520878e-05
Topic #10,u'offer', 1.4230586463520878e-05
Topic #8,u'hold', 1.4231842066045478e-05
Topic #8,u'receive', 1.4231842063752653e-05
Topic #8,u'transport', 1.4231839807549397e-05
Topic #8,u'distribute', 1.4231839805755917e-05
Topic #8,u'pack', 1.423183980567158e-05
Topic #8,u'process', 1.4231839805560806e-05
Topic #8,u'person_subject', 1.4231838384817607e-05
Topic #8,u'food', 1.4231838384817607e-05
Topic #8,u'whether', 1.4231838384817607e-05
Topic #8,u'enters', 1.4231838384817607e-05
Topic #9,u'hold', 1.423184206604498e-05
Topic #9,u'receive', 1.4231842063752158e-05
Topic #9,u'transport', 1.4231839807548893e-05
Topic #9,u'pack', 1.4231839806429733e-05
Topic #9,u'distribute', 1.423183980557558e-05
Topic #9,u'process', 1.4231839805560435e-05
Topic #9,u'person_subject', 1.4231838384817123e-05
Topic #9,u'food', 1.4231838384817123e-05
Topic #9,u'whether', 1.4231838384817123e-05
Topic #9,u'enters', 1.4231838384817123e-05
