TopicNo,Topic Words,Probability Score
Topic #2,u'transporter', 0.0040284861230534159
Topic #2,u'nontransporter', 0.0038156333588417429
Topic #2,u'another', 0.0036143875283015763
Topic #2,u'recipient', 0.0034340012646195055
Topic #2,u'either', 0.0033480289017744974
Topic #2,u'farm', 0.00020005299275454352
Topic #2,u'source', 0.00016040807742865072
Topic #2,u'cafe', 0.00016040801239168689
Topic #2,u'pet_shelter', 0.00016040801239081758
Topic #2,u'purpose', 0.00014718474100392257
Topic #6,u'mean', 0.0035726173750608697
Topic #6,u'person_subject', 0.0032293491604322927
Topic #6,u'person', 0.00070844147445134505
Topic #6,u'food', 0.00050505000817420832
Topic #6,u'immediate', 0.00049952940541763628
Topic #6,u'source_mean', 0.00025681302478859343
Topic #6,u'previous', 0.00025681302478859343
Topic #6,u'subsequent', 0.00025675727864055749
Topic #6,u'hold', 0.00023132765806707639
Topic #6,u'transporter_mean', 0.00016179981982698615
Topic #4,u'food', 0.0020700275040953287
Topic #4,u'manufacture', 0.00040422781394382304
Topic #4,u'unite', 0.00040420782620037918
Topic #4,u'state', 0.00040420782620037918
Topic #4,u'consumer', 0.0004033298252889669
Topic #4,u'control', 0.00030926877055768311
Topic #4,u'transport', 0.00030926877055768311
Topic #4,u'sole_purpose', 0.00030926877055768311
Topic #4,u'directly_provide', 0.00030907633961164575
Topic #4,u'nonprofit', 0.00029885921508873643
Topic #10,u'facility', 0.00055496892187929868
Topic #10,u'includes', 0.00020297301903827607
Topic #10,u'hospital_kitchen', 0.00016330581448374622
Topic #10,u'pack', 0.00014984366611237244
Topic #10,u'crop', 0.00011563944739163025
Topic #10,u'one', 0.00011563326594174718
Topic #10,u'distil', 0.00011012658215263944
Topic #10,u'partnership', 0.00011012658215149398
Topic #10,u'full', 7.5924560385952296e-05
Topic #10,u'cold_storage', 7.592282732716417e-05
Topic #5,u'custody', 0.00031201032174477659
Topic #5,u'restaurant', 0.00031054538015931832
Topic #5,u'use', 0.00028213840477499957
Topic #5,u'recipe', 0.00026497820216964509
Topic #5,u'provide_food', 0.00016316135372040645
Topic #5,u'interstate_conveyance', 0.00016316135372040645
Topic #5,u'include_facility', 0.00016316135372040645
Topic #5,u'three', 0.00016316134842207051
Topic #5,u'element', 0.00016316134842207051
Topic #5,u'water', 0.00016316129080636666
Topic #1,u'animal', 0.00029833115997720351
Topic #1,u'include', 0.00027277312902718507
Topic #1,u'term', 0.00022881538528699881
Topic #1,u'prepare', 0.00022460540250527066
Topic #1,u'package', 0.00020566639358884017
Topic #1,u'act', 0.00018920755998416659
Topic #1,u'road', 0.00016300163417446928
Topic #1,u'air', 0.00016300158807709054
Topic #1,u'cafeteria', 0.00016300158807501169
Topic #1,u'kennel', 0.0001630015880660886
Topic #9,u'food_stand', 0.00016343092845059079
Topic #9,u'wash', 0.00011572846603202574
Topic #9,u'instruction', 0.00011021095377858303
Topic #9,u'labeling', 0.00011021095377798339
Topic #9,u'person_claim', 7.598100177709761e-05
Topic #9,u'exemption', 7.598100177709761e-05
Topic #9,u'individual_employ', 7.598100177709761e-05
Topic #9,u'employee_mean', 7.598100177709761e-05
Topic #9,u'live', 7.5980994318278525e-05
Topic #9,u'food_animal', 7.5980994318278525e-05
Topic #3,u'whether', 0.00016339539981951229
Topic #3,u'possession', 0.00016339436479377201
Topic #3,u'foreign_person', 0.00016339396782077685
Topic #3,u'regardless', 0.00016339387517693885
Topic #3,u'central_kitchen', 0.00016339381222353646
Topic #3,u'trim', 0.00011570218732349371
Topic #3,u'mix', 0.00011018592418909005
Topic #3,u'receives', 0.00011018592418829217
Topic #3,u'drug', 9.3672367999953393e-05
Topic #3,u'freeze', 7.5963721383447272e-05
Topic #7,u'nurse_home', 0.000163386956378819
Topic #7,u'saloon', 0.00016338691046802512
Topic #7,u'lunchroom', 0.00016338691046800379
Topic #7,u'tavern', 0.00016338691046108701
Topic #7,u'kitchen', 0.00016338597392535149
Topic #7,u'example', 0.00011569693414677
Topic #7,u'extract_juice', 0.00011018127001366798
Topic #7,u'grind', 0.00011018127001271188
Topic #7,u'quantity', 0.00011018127001145151
Topic #7,u'import', 0.00011018127000441971
Topic #8,u'bar', 0.0001633428517323628
Topic #8,u'number', 0.00013754787202171028
Topic #8,u'employee', 0.00013754344088294396
Topic #8,u'hour', 0.00012066888802189113
Topic #8,u'revenue', 0.0001101515946515316
Topic #8,u'code', 0.0001101515946515316
Topic #8,u'internal', 0.0001101515946515316
Topic #8,u'soup_kitchen', 0.00011015155859307377
Topic #8,u'include_ingredient', 0.00011015155859060703
Topic #8,u'grain_elevator', 7.5940029368492401e-05
