TopicNo,Topic Words,Probability Score
Topic #6,u'record_contain', 0.0012699407154571356
Topic #6,u'create', 0.0011292033157624432
Topic #6,u'require_information', 0.0010742848970230344
Topic #6,u'even', 0.00097488659321328655
Topic #6,u'food', 0.00097488659321328655
Topic #6,u'receive', 0.00097488659321328655
Topic #6,u'release', 0.00097488659321328655
Topic #6,u'time', 0.00097488659321328655
Topic #6,u'information_require', 0.00030915107171646742
Topic #6,u'rule', 0.00026745646972647132
Topic #1,u'keep', 0.00048975312658183843
Topic #1,u'record', 0.00043427378384561818
Topic #1,u'new', 0.00025331077040720019
Topic #1,u'information', 0.00023413196010928003
Topic #1,u'compilation', 0.00016964161302064799
Topic #1,u'obligation', 0.00016964161302064799
Topic #1,u'entirely', 0.00016964161302064799
Topic #1,u'exist', 0.00016964161302064799
Topic #1,u'one', 0.00011420002045010881
Topic #1,u'person', 0.00011420002045010881
Topic #5,u'separately', 0.00017008301575617338
Topic #5,u'either', 0.00017008301575617338
Topic #5,u'combine_form', 0.00017008301575617338
Topic #5,u'moreover', 0.00011449366455391673
Topic #5,u'state', 7.8739791869862413e-05
Topic #5,u'release', 1.4222840220753406e-05
Topic #5,u'food', 1.4222840220753406e-05
Topic #5,u'even', 1.4222840220753406e-05
Topic #5,u'time', 1.4222840220753406e-05
Topic #5,u'receive', 1.4222840220753406e-05
Topic #7,u'requirement', 0.00015604949662511103
Topic #7,u'local_regulation', 7.8761052413728387e-05
Topic #7,u'use', 7.1536471141421477e-05
Topic #7,u'meet', 7.1536471141421477e-05
Topic #7,u'satisfy', 5.5745546054510381e-05
Topic #7,u'exist_record', 1.4257909036355998e-05
Topic #7,u'record', 1.422820418204498e-05
Topic #7,u'moreover', 1.4226682552404674e-05
Topic #7,u'receive', 1.4226680541150096e-05
Topic #7,u'release', 1.4226680541150096e-05
Topic #10,u'reason', 7.8784529777681139e-05
Topic #10,u'moreover', 1.4230923288756728e-05
Topic #10,u'food', 1.4230921272267438e-05
Topic #10,u'release', 1.4230921272267438e-05
Topic #10,u'time', 1.4230921272267438e-05
Topic #10,u'even', 1.4230921272267438e-05
Topic #10,u'receive', 1.4230921272267438e-05
Topic #10,u'local_regulation', 1.4230921089955296e-05
Topic #10,u'state', 1.4230921086358453e-05
Topic #10,u'meet', 1.4230920779539998e-05
Topic #9,u'moreover', 1.4231842003835262e-05
Topic #9,u'food', 1.4231839989204149e-05
Topic #9,u'release', 1.4231839989204149e-05
Topic #9,u'time', 1.4231839989204149e-05
Topic #9,u'even', 1.4231839989204149e-05
Topic #9,u'receive', 1.4231839989204149e-05
Topic #9,u'local_regulation', 1.4231839810241925e-05
Topic #9,u'state', 1.4231839804344811e-05
Topic #9,u'reason', 1.4231839802485921e-05
Topic #9,u'meet', 1.4231839496958323e-05
Topic #2,u'moreover', 1.4231842003832541e-05
Topic #2,u'food', 1.4231839989203988e-05
Topic #2,u'release', 1.4231839989203988e-05
Topic #2,u'time', 1.4231839989203988e-05
Topic #2,u'even', 1.4231839989203988e-05
Topic #2,u'receive', 1.4231839989203988e-05
Topic #2,u'local_regulation', 1.4231839806833812e-05
Topic #2,u'state', 1.4231839803031806e-05
Topic #2,u'reason', 1.423183980248575e-05
Topic #2,u'meet', 1.4231839496958162e-05
Topic #3,u'moreover', 1.423184200383238e-05
Topic #3,u'food', 1.4231839989203826e-05
Topic #3,u'release', 1.4231839989203826e-05
Topic #3,u'time', 1.4231839989203826e-05
Topic #3,u'even', 1.4231839989203826e-05
Topic #3,u'receive', 1.4231839989203826e-05
Topic #3,u'local_regulation', 1.4231839806628398e-05
Topic #3,u'state', 1.4231839803031649e-05
Topic #3,u'reason', 1.4231839802485594e-05
Topic #3,u'meet', 1.4231839496957998e-05
Topic #4,u'moreover', 1.4231842003831897e-05
Topic #4,u'time', 1.4231839989203072e-05
Topic #4,u'even', 1.4231839989203072e-05
Topic #4,u'release', 1.4231839989203072e-05
Topic #4,u'food', 1.4231839989203072e-05
Topic #4,u'receive', 1.4231839989203072e-05
Topic #4,u'local_regulation', 1.423183980676291e-05
Topic #4,u'state', 1.4231839803031012e-05
Topic #4,u'reason', 1.4231839802484838e-05
Topic #4,u'use', 1.4231839496957245e-05
Topic #8,u'moreover', 1.4231842003831794e-05
Topic #8,u'food', 1.4231839989203211e-05
Topic #8,u'release', 1.4231839989203211e-05
Topic #8,u'time', 1.4231839989203211e-05
Topic #8,u'even', 1.4231839989203211e-05
Topic #8,u'receive', 1.4231839989203211e-05
Topic #8,u'local_regulation', 1.4231839806627426e-05
Topic #8,u'state', 1.4231839803030997e-05
Topic #8,u'reason', 1.4231839802484979e-05
Topic #8,u'meet', 1.4231839496957386e-05
