TopicNo,Topic Words,Probability Score
Topic #4,u'number', 0.00082201114765140812
Topic #4,u'transporter', 0.00056564304093818221
Topic #4,u'food', 0.00047819305073282616
Topic #4,u'immediate', 0.00042213764096950523
Topic #4,u'subsequent', 0.00042213764029009688
Topic #4,u'recipient', 0.00042213764021265562
Topic #4,u'lot', 0.00041397959625833213
Topic #4,u'mail_address', 0.00035792237747497499
Topic #4,u'fax', 0.0003579223474909241
Topic #4,u'identify', 0.00032198219690256349
Topic #5,u'food', 0.00033723540053230146
Topic #5,u'release', 0.00017983345698547982
Topic #5,u'package', 0.00017161337972811344
Topic #5,u'quantity', 0.00017161337972811344
Topic #5,u'date', 0.0001151300620825043
Topic #5,u'brand', 0.0001151300437843797
Topic #5,u'cheddar_cheese', 0.0001151300437843797
Topic #5,u'follow_record', 7.8916697854590617e-05
Topic #5,u'establish', 7.891669672785213e-05
Topic #5,u'maintain', 7.8916484446117364e-05
Topic #10,u'available', 0.00032471839342732429
Topic #10,u'romaine_lettuce', 0.00011523243380391984
Topic #10,u'process', 1.4226005425243065e-05
Topic #10,u'pack_food', 1.4226005419666873e-05
Topic #10,u'carton', 1.4226005415972216e-05
Topic #10,u'bottle', 1.4226005415329898e-05
Topic #10,u'cheese', 1.4225993492938701e-05
Topic #10,u'lettuce', 1.4225993492516819e-05
Topic #10,u'transport', 1.4225991081147438e-05
Topic #10,u'manufacture', 1.4225990441809192e-05
Topic #9,u'address', 0.00032470002575177867
Topic #9,u'pack_food', 0.00017175622911062133
Topic #9,u'process', 1.4225201235017504e-05
Topic #9,u'carton', 1.4225201225743445e-05
Topic #9,u'bottle', 1.4225201225100476e-05
Topic #9,u'romaine_lettuce', 1.4225189300343125e-05
Topic #9,u'cheese', 1.4225189293436691e-05
Topic #9,u'lettuce', 1.4225189293014194e-05
Topic #9,u'transport', 1.4225186880121704e-05
Topic #9,u'manufacture', 1.4225186246476492e-05
Topic #7,u'firm', 0.00032444990593302709
Topic #7,u'name', 0.0003244498988841708
Topic #7,u'information_exists', 0.00017162404066408546
Topic #7,u'extent', 0.00017162404066408546
Topic #7,u'brand_name', 0.00011513723735898382
Topic #7,u'include', 0.00011513723735898382
Topic #7,u'specific_variety', 0.00011513723735898382
Topic #7,u'process', 1.4214241896247217e-05
Topic #7,u'pack_food', 1.4214241890472125e-05
Topic #7,u'carton', 1.4214241886783837e-05
Topic #3,u'process', 0.00017179221507967145
Topic #3,u'lettuce', 0.00011525006165754991
Topic #3,u'pack_food', 1.4228181659530183e-05
Topic #3,u'carton', 1.4228181655834807e-05
Topic #3,u'bottle', 1.4228181655191508e-05
Topic #3,u'romaine_lettuce', 1.4228169740982056e-05
Topic #3,u'cheese', 1.4228169734089563e-05
Topic #3,u'transport', 1.4228167311838979e-05
Topic #3,u'manufacture', 1.4228166676800415e-05
Topic #3,u'person', 1.4228166676800415e-05
Topic #6,u'bottle', 0.00017178250222784819
Topic #6,u'carton', 0.00017178250220124705
Topic #6,u'process', 1.4227377228645101e-05
Topic #6,u'pack_food', 1.4227377223064632e-05
Topic #6,u'romaine_lettuce', 1.422736529524547e-05
Topic #6,u'cheese', 1.4227365288343913e-05
Topic #6,u'lettuce', 1.4227365287922009e-05
Topic #6,u'transport', 1.422736286457213e-05
Topic #6,u'person', 1.4227362235280939e-05
Topic #6,u'manufacture', 1.4227362235280939e-05
Topic #2,u'bunch', 0.00017171118385042413
Topic #2,u'count', 0.00017171118385042413
Topic #2,u'gal', 0.00017171118384710015
Topic #2,u'tank', 0.00017171118384710015
Topic #2,u'cheese', 0.00011519560952386351
Topic #2,u'process', 1.4221459284841536e-05
Topic #2,u'pack_food', 1.4221459279265061e-05
Topic #2,u'carton', 1.4221459275571053e-05
Topic #2,u'bottle', 1.4221459274929761e-05
Topic #2,u'romaine_lettuce', 1.4221447366362229e-05
Topic #1,u'carton', 1.4231861846833485e-05
Topic #1,u'process', 1.4231861834312632e-05
Topic #1,u'pack_food', 1.4231861828729727e-05
Topic #1,u'bottle', 1.4231861824405087e-05
Topic #1,u'romaine_lettuce', 1.423184989736961e-05
Topic #1,u'cheese', 1.4231849890263385e-05
Topic #1,u'lettuce', 1.42318498898415e-05
Topic #1,u'transport', 1.4231847472627808e-05
Topic #1,u'manufacture', 1.4231846836129738e-05
Topic #1,u'person', 1.4231846836129738e-05
Topic #8,u'process', 1.4231861834351219e-05
Topic #8,u'pack_food', 1.4231861832167517e-05
Topic #8,u'bottle', 1.42318618253399e-05
Topic #8,u'carton', 1.4231861825032447e-05
Topic #8,u'cheese', 1.4231849898399291e-05
Topic #8,u'romaine_lettuce', 1.4231849897158889e-05
Topic #8,u'lettuce', 1.4231849889850551e-05
Topic #8,u'transport', 1.4231847472628648e-05
Topic #8,u'person', 1.4231846836130484e-05
Topic #8,u'manufacture', 1.4231846836130484e-05
