TopicNo,Topic Words,Probability Score
Topic #4,u'transporter', 0.0030921179567723581
Topic #4,u'establish', 0.00088151237058329364
Topic #4,u'require', 0.00050644354767296501
Topic #4,u'andor', 0.00045766971910946345
Topic #4,u'record', 0.00041031599648902321
Topic #4,u'access_provision', 0.00036221342307491712
Topic #4,u'subpart_reverts', 0.00036221342307491712
Topic #4,u'termination', 0.00036221342307491712
Topic #4,u'immediate', 0.0003274136241648372
Topic #4,u'provision', 0.0003103591836552096
Topic #9,u'maintenance', 0.0030894241358135066
Topic #9,u'maintain', 0.00053997845392343203
Topic #9,u'state', 0.00041319682975874555
Topic #9,u'unite', 0.00035154719864086175
Topic #9,u'record', 0.00033308641730460831
Topic #9,u'agreement_provides', 0.00031179871658000032
Topic #9,u'destination', 0.00027285107842116069
Topic #9,u'agreement', 0.00018893406352258664
Topic #9,u'contain', 0.00016303089052491443
Topic #9,u'follow_element', 0.00016303089052491443
Topic #10,u'date', 0.0028808357282997651
Topic #10,u'termination', 0.0024315560412050837
Topic #10,u'access_provision', 0.0024315560412050837
Topic #10,u'subpart_reverts', 0.0024315560412050837
Topic #10,u'package', 0.00021032759801001025
Topic #10,u'number', 0.00011494564863099807
Topic #10,u'shipment', 7.5452895222187527e-05
Topic #10,u'date_release', 5.3574331882819186e-05
Topic #10,u'shipment_receive', 5.3574331792745418e-05
Topic #10,u'maintenance', 1.4202926952447275e-05
Topic #6,u'description', 0.00051117865405341033
Topic #6,u'maintain', 0.00035320490435734419
Topic #6,u'information', 0.00020355987894188409
Topic #6,u'record', 0.00019098244455455825
Topic #6,u'compliance', 0.00016373013163477156
Topic #6,u'good', 0.00016372964668506294
Topic #6,u'provision', 0.00016372527628933091
Topic #6,u'december', 0.00013148045779694942
Topic #6,u'freight', 0.00011592784449576217
Topic #6,u'article', 0.000110398871968009
Topic #1,u'name', 0.0003704099653572936
Topic #1,u'address', 0.00020670553807186303
Topic #1,u'subsequent', 0.00020360583844750117
Topic #1,u'recipient', 0.00020360583837445814
Topic #1,u'consignee', 0.00017238609759483593
Topic #1,u'cfr', 0.00011598939525541312
Topic #1,u'shipment_move', 0.00011598635119367806
Topic #1,u'car_initial', 0.00011045746280801393
Topic #1,u'immediate', 7.668106512240254e-05
Topic #1,u'consignor', 7.6138041210713073e-05
Topic #3,u'route', 0.00021229156988041351
Topic #3,u'carrier', 0.00015034752818110866
Topic #3,u'transfer', 0.00011601874069262274
Topic #3,u'movement', 0.00011601862526241255
Topic #3,u'point', 0.00011601804537275233
Topic #3,u'interstate', 0.00011600742868291369
Topic #3,u'first', 0.00011048590456855286
Topic #3,u'car', 0.00011048587572580047
Topic #3,u'carrier_participate', 7.6092933363051699e-05
Topic #3,u'motor', 5.407471527805081e-05
Topic #5,u'effective_date', 0.0001640397941483585
Topic #5,u'date_receive', 7.6241783940802116e-05
Topic #5,u'access_provision', 1.4228839127282201e-05
Topic #5,u'subpart_reverts', 1.4228839127282201e-05
Topic #5,u'termination', 1.4228839127282201e-05
Topic #5,u'record', 1.422882923880441e-05
Topic #5,u'december', 1.4228828377881786e-05
Topic #5,u'car', 1.4228827350980721e-05
Topic #5,u'trailer_initialnumber', 1.4228827349296859e-05
Topic #5,u'car_initial', 1.422882734796638e-05
Topic #7,u'assumes', 0.00016385535075164468
Topic #7,u'acknowledgement', 0.00016385535075164468
Topic #7,u'legal_responsibility', 0.00016385535075164468
Topic #7,u'responsibility', 0.00016385534543548054
Topic #7,u'applicable_establishment', 0.00016385534543548054
Topic #7,u'compliance', 0.00016385488086876449
Topic #7,u'nontransporter', 0.000163852397889464
Topic #7,u'custom', 0.00011048361963130169
Topic #7,u'referencestatus', 0.00011048361963130169
Topic #7,u'container_initialnumber', 0.0001104835909543138
Topic #8,u'shipper', 0.00011061390774572545
Topic #8,u'receive', 7.6245856728367068e-05
Topic #8,u'transporter', 1.4244744946439109e-05
Topic #8,u'access_provision', 1.422959922698386e-05
Topic #8,u'termination', 1.422959922698386e-05
Topic #8,u'subpart_reverts', 1.422959922698386e-05
Topic #8,u'effective_date', 1.422959065441573e-05
Topic #8,u'record', 1.4229589332773737e-05
Topic #8,u'december', 1.4229588472728421e-05
Topic #8,u'car', 1.422958744711063e-05
Topic #2,u'access_provision', 1.4231853780842659e-05
Topic #2,u'subpart_reverts', 1.4231853780842659e-05
Topic #2,u'termination', 1.4231853780842659e-05
Topic #2,u'effective_date', 1.4231845207473522e-05
Topic #2,u'record', 1.4231843885079313e-05
Topic #2,u'december', 1.4231843023104566e-05
Topic #2,u'car', 1.4231841997541875e-05
Topic #2,u'trailer_initialnumber', 1.4231841995856499e-05
Topic #2,u'car_initial', 1.4231841990563436e-05
Topic #2,u'deliver_carrier', 1.4231841982549647e-05
