TopicNo,Topic Words,Probability Score
Topic #5,u'act', 0.0022263923007383233
Topic #5,u'prohibit_act', 0.0011978131829503522
Topic #5,u'regulation', 0.0010427309600197026
Topic #5,u'refusal', 0.00023342901173962601
Topic #5,u'copy', 0.00023342901173962601
Topic #5,u'require_record', 0.00023342901173962601
Topic #5,u'permit_access', 0.00023342901173962601
Topic #5,u'verification', 0.00023342901173962601
Topic #5,u'record_require', 0.00011392216943529039
Topic #5,u'maintain', 1.4225089677845545e-05
Topic #3,u'failure', 0.00027586596994317713
Topic #3,u'establish', 0.00026178161671046969
Topic #3,u'maintain', 0.0002145116416897375
Topic #3,u'nontransporter', 0.00014313716700708977
Topic #3,u'immediate', 0.00014313716700708977
Topic #3,u'subsequent', 7.8674062528965647e-05
Topic #3,u'enters', 7.8674062528965647e-05
Topic #3,u'recipient', 7.8674062528965647e-05
Topic #3,u'agreement', 7.8674062528965647e-05
Topic #3,u'previous', 7.8674062528965647e-05
Topic #7,u'make', 0.00021147665112058
Topic #7,u'fda', 0.00021147503182674182
Topic #7,u'require', 0.00019666213934254822
Topic #7,u'record', 0.00016989296653330851
Topic #7,u'person', 0.00016989296653330851
Topic #7,u'information_available', 0.00016989296653330851
Topic #7,u'fail', 5.5701217470868361e-05
Topic #7,u'available', 5.5700467465126516e-05
Topic #7,u'consequence', 5.5700461751253104e-05
Topic #7,u'maintain_record', 4.0983701222944284e-05
Topic #9,u'fda', 1.4236473905465147e-05
Topic #9,u'consequence', 1.4235891734257718e-05
Topic #9,u'available', 1.4235886169483656e-05
Topic #9,u'require', 1.4235568020707407e-05
Topic #9,u'establish', 1.4235428722051787e-05
Topic #9,u'fail', 1.4235171389955391e-05
Topic #9,u'make', 1.4234856761917647e-05
Topic #9,u'maintain_record', 1.4234735551350527e-05
Topic #9,u'maintain', 1.4231841689447946e-05
Topic #9,u'record_require', 1.4231841605330277e-05
Topic #8,u'maintain', 1.4231842108976338e-05
Topic #8,u'record_require', 1.4231842023735891e-05
Topic #8,u'information_available', 1.4231837584521329e-05
Topic #8,u'person', 1.4231837584521329e-05
Topic #8,u'record', 1.4231837584521329e-05
Topic #8,u'maintain_record', 1.4231837092809447e-05
Topic #8,u'act', 1.4231836990334759e-05
Topic #8,u'regulation', 1.4231836905822165e-05
Topic #8,u'require', 1.4231836890357295e-05
Topic #8,u'establish', 1.4231836880983141e-05
Topic #10,u'maintain', 1.4231842108234403e-05
Topic #10,u'record_require', 1.4231842023736101e-05
Topic #10,u'information_available', 1.4231837584521512e-05
Topic #10,u'person', 1.4231837584521512e-05
Topic #10,u'record', 1.4231837584521512e-05
Topic #10,u'maintain_record', 1.4231837052741532e-05
Topic #10,u'act', 1.4231836990334943e-05
Topic #10,u'require', 1.423183691057845e-05
Topic #10,u'regulation', 1.423183690582235e-05
Topic #10,u'establish', 1.4231836888528334e-05
Topic #6,u'maintain', 1.4231842108195755e-05
Topic #6,u'record_require', 1.4231842023735767e-05
Topic #6,u'person', 1.4231837584521178e-05
Topic #6,u'information_available', 1.4231837584521178e-05
Topic #6,u'record', 1.4231837584521178e-05
Topic #6,u'maintain_record', 1.423183707142156e-05
Topic #6,u'act', 1.423183699033461e-05
Topic #6,u'require', 1.42318369301408e-05
Topic #6,u'regulation', 1.4231836905822016e-05
Topic #6,u'failure', 1.4231836889068277e-05
Topic #4,u'maintain', 1.423184210819348e-05
Topic #4,u'record_require', 1.4231842025973245e-05
Topic #4,u'information_available', 1.423183758452169e-05
Topic #4,u'person', 1.423183758452169e-05
Topic #4,u'record', 1.423183758452169e-05
Topic #4,u'maintain_record', 1.4231837085834978e-05
Topic #4,u'act', 1.423183699033512e-05
Topic #4,u'require', 1.4231836936248012e-05
Topic #4,u'regulation', 1.4231836905822528e-05
Topic #4,u'immediate', 1.4231836877258779e-05
Topic #1,u'maintain', 1.4231842108192247e-05
Topic #1,u'record_require', 1.423184202373607e-05
Topic #1,u'information_available', 1.4231837584521456e-05
Topic #1,u'person', 1.4231837584521456e-05
Topic #1,u'record', 1.4231837584521456e-05
Topic #1,u'maintain_record', 1.423183704949835e-05
Topic #1,u'act', 1.4231836990334886e-05
Topic #1,u'require', 1.4231836955681438e-05
Topic #1,u'regulation', 1.4231836905822292e-05
Topic #1,u'nontransporter', 1.4231836877256357e-05
Topic #2,u'maintain', 1.4231842108191088e-05
Topic #2,u'record_require', 1.4231842023736423e-05
Topic #2,u'person', 1.4231837584521803e-05
Topic #2,u'information_available', 1.4231837584521803e-05
Topic #2,u'record', 1.4231837584521803e-05
Topic #2,u'maintain_record', 1.4231837058025146e-05
Topic #2,u'act', 1.4231836990426272e-05
Topic #2,u'regulation', 1.4231836905868159e-05
Topic #2,u'establish', 1.4231836900862452e-05
Topic #2,u'nontransporter', 1.4231836877256699e-05
