TopicNo,Topic Words,Probability Score
Topic #1,u'health', 0.00055692057754718903
Topic #1,u'present', 0.00044536584105212066
Topic #1,u'duly', 0.00037358850903092944
Topic #1,u'written_notice', 0.00037358850903092944
Topic #1,u'secretary', 0.00037358850903092944
Topic #1,u'employee', 0.00037358850903092944
Topic #1,u'designate', 0.00037358850903092944
Topic #1,u'appropriate_credential', 0.00037358850903092944
Topic #1,u'officer', 0.00037358850903092944
Topic #1,u'human_service', 0.00037358850903092944
Topic #10,u'made', 0.00054885607619547681
Topic #10,u'reproduction', 0.00018815726879296764
Topic #10,u'readily_available', 0.00018815726879296764
Topic #10,u'mean', 0.00018815726879296764
Topic #10,u'inspection', 0.00018815726879296764
Topic #10,u'photocopy', 0.00018815726879296764
Topic #10,u'available', 7.4727300544599859e-05
Topic #10,u'soon', 7.4727300544599859e-05
Topic #10,u'information', 7.4727300544599859e-05
Topic #10,u'possible', 7.4727300544599859e-05
Topic #7,u'record', 0.00048592846224061503
Topic #7,u'fda', 0.00031596865467177981
Topic #7,u'soon', 0.0003137942005530176
Topic #7,u'information', 0.0003137942005530176
Topic #7,u'available', 0.0003137942005530176
Topic #7,u'possible', 0.0003137942005530176
Topic #7,u'article', 0.00027612662500169376
Topic #7,u'food', 0.00027612662496461534
Topic #7,u'similar_manner', 0.00015796860647650587
Topic #7,u'reasonably', 0.00015796860647650587
Topic #4,u'hour', 0.00037480043032055751
Topic #4,u'official_request', 0.00037480043032055751
Topic #4,u'exceed', 0.00037480043032055751
Topic #4,u'receipt', 0.00037480043032055751
Topic #4,u'time', 0.00037480043032055751
Topic #4,u'cosmetic_act', 0.00018816586298548202
Topic #4,u'reproduction', 1.427472525576774e-05
Topic #4,u'inspection', 1.427472525576774e-05
Topic #4,u'readily_available', 1.427472525576774e-05
Topic #4,u'mean', 1.427472525576774e-05
Topic #9,u'federal_food', 0.00012635598012270972
Topic #9,u'cosmetic_act', 1.4230249874903218e-05
Topic #9,u'drug', 1.4230246415601424e-05
Topic #9,u'soon', 1.4230243889300868e-05
Topic #9,u'information', 1.4230243889300868e-05
Topic #9,u'possible', 1.4230243889300868e-05
Topic #9,u'available', 1.4230243889300868e-05
Topic #9,u'time', 1.4230243236937403e-05
Topic #9,u'official_request', 1.4230243236937403e-05
Topic #9,u'receipt', 1.4230243236937403e-05
Topic #2,u'record_availability', 6.0656910212826365e-05
Topic #2,u'requirement', 6.0656908891736778e-05
Topic #2,u'cosmetic_act', 1.4230524165402e-05
Topic #2,u'drug', 1.4230520703094912e-05
Topic #2,u'federal_food', 1.4230520676964583e-05
Topic #2,u'available', 1.4230518179015295e-05
Topic #2,u'soon', 1.4230518179015295e-05
Topic #2,u'possible', 1.4230518179015295e-05
Topic #2,u'information', 1.4230518179015295e-05
Topic #2,u'exceed', 1.4230517526637209e-05
Topic #5,u'cosmetic_act', 1.4231845633687724e-05
Topic #5,u'drug', 1.4231842171422013e-05
Topic #5,u'federal_food', 1.4231842145279323e-05
Topic #5,u'soon', 1.4231839645322747e-05
Topic #5,u'information', 1.4231839645322747e-05
Topic #5,u'possible', 1.4231839645322747e-05
Topic #5,u'available', 1.4231839645322747e-05
Topic #5,u'time', 1.4231838992778324e-05
Topic #5,u'official_request', 1.4231838992778324e-05
Topic #5,u'receipt', 1.4231838992778324e-05
Topic #6,u'cosmetic_act', 1.4231845633588625e-05
Topic #6,u'drug', 1.4231842171982904e-05
Topic #6,u'federal_food', 1.4231842145281458e-05
Topic #6,u'possible', 1.4231839645324904e-05
Topic #6,u'available', 1.4231839645324904e-05
Topic #6,u'soon', 1.4231839645324904e-05
Topic #6,u'information', 1.4231839645324904e-05
Topic #6,u'time', 1.4231838993810298e-05
Topic #6,u'official_request', 1.4231838993810298e-05
Topic #6,u'receipt', 1.4231838993810298e-05
Topic #8,u'cosmetic_act', 1.4231845633588398e-05
Topic #8,u'drug', 1.42318421714239e-05
Topic #8,u'federal_food', 1.4231842145917788e-05
Topic #8,u'soon', 1.4231839645324616e-05
Topic #8,u'information', 1.4231839645324616e-05
Topic #8,u'possible', 1.4231839645324616e-05
Topic #8,u'available', 1.4231839645324616e-05
Topic #8,u'official_request', 1.4231838992780191e-05
Topic #8,u'receipt', 1.4231838992780191e-05
Topic #8,u'hour', 1.4231838992780191e-05
Topic #3,u'cosmetic_act', 1.4231845633587874e-05
Topic #3,u'drug', 1.4231842171423447e-05
Topic #3,u'federal_food', 1.4231842145280709e-05
Topic #3,u'possible', 1.4231839645324141e-05
Topic #3,u'soon', 1.4231839645324141e-05
Topic #3,u'available', 1.4231839645324141e-05
Topic #3,u'information', 1.4231839645324141e-05
Topic #3,u'official_request', 1.4231838992779718e-05
Topic #3,u'time', 1.4231838992779718e-05
Topic #3,u'receipt', 1.4231838992779718e-05
