TopicNo,Topic Words,Probability Score
Topic #2,u'food', 0.00045457253041613353
Topic #2,u'article', 0.00045457253041613353
Topic #2,u'officer', 0.00045457253041613353
Topic #2,u'qualify_employee', 0.00045457253041613353
Topic #2,u'adulterate', 0.00031482084298066747
Topic #2,u'believe', 0.00031482084298066747
Topic #2,u'investigation', 0.00031482084298066747
Topic #2,u'act', 0.00031482084298066747
Topic #2,u'misbranded', 0.00031482084298066747
Topic #2,u'reason', 0.00031482084298066747
Topic #8,u'examination', 0.00022011867370361291
Topic #8,u'adulterate', 1.4228907440064607e-05
Topic #8,u'believe', 1.4228907440064607e-05
Topic #8,u'investigation', 1.4228907440064607e-05
Topic #8,u'act', 1.4228907440064607e-05
Topic #8,u'reason', 1.4228907440064607e-05
Topic #8,u'misbranded', 1.4228907440064607e-05
Topic #8,u'criterion', 1.4228907171859146e-05
Topic #8,u'fda', 1.4228906926868848e-05
Topic #8,u'detention', 1.4228906926868848e-05
Topic #7,u'examination', 1.4231846581841743e-05
Topic #7,u'adulterate', 1.4231837630054683e-05
Topic #7,u'believe', 1.4231837630054683e-05
Topic #7,u'investigation', 1.4231837630054683e-05
Topic #7,u'act', 1.4231837630054683e-05
Topic #7,u'reason', 1.4231837630054683e-05
Topic #7,u'misbranded', 1.4231837630054683e-05
Topic #7,u'criterion', 1.4231837361429376e-05
Topic #7,u'fda', 1.4231837116364639e-05
Topic #7,u'detention', 1.4231837116364639e-05
Topic #4,u'examination', 1.4231846567730966e-05
Topic #4,u'adulterate', 1.423183763006491e-05
Topic #4,u'believe', 1.423183763006491e-05
Topic #4,u'investigation', 1.423183763006491e-05
Topic #4,u'act', 1.423183763006491e-05
Topic #4,u'reason', 1.423183763006491e-05
Topic #4,u'misbranded', 1.423183763006491e-05
Topic #4,u'criterion', 1.4231837361429576e-05
Topic #4,u'fda', 1.423183711636484e-05
Topic #4,u'detention', 1.423183711636484e-05
Topic #9,u'examination', 1.4231846567730954e-05
Topic #9,u'adulterate', 1.4231837630025426e-05
Topic #9,u'believe', 1.4231837630025426e-05
Topic #9,u'investigation', 1.4231837630025426e-05
Topic #9,u'act', 1.4231837630025426e-05
Topic #9,u'reason', 1.4231837630025426e-05
Topic #9,u'misbranded', 1.4231837630025426e-05
Topic #9,u'criterion', 1.4231837361429578e-05
Topic #9,u'fda', 1.4231837116364842e-05
Topic #9,u'detention', 1.4231837116364842e-05
Topic #5,u'examination', 1.4231846567730954e-05
Topic #5,u'adulterate', 1.4231837630022018e-05
Topic #5,u'believe', 1.4231837630022018e-05
Topic #5,u'investigation', 1.4231837630022018e-05
Topic #5,u'act', 1.4231837630022018e-05
Topic #5,u'reason', 1.4231837630022018e-05
Topic #5,u'misbranded', 1.4231837630022018e-05
Topic #5,u'criterion', 1.423183736142958e-05
Topic #5,u'fda', 1.4231837116364844e-05
Topic #5,u'detention', 1.4231837116364844e-05
Topic #6,u'examination', 1.4231846567730949e-05
Topic #6,u'adulterate', 1.4231837630333585e-05
Topic #6,u'believe', 1.4231837630333585e-05
Topic #6,u'investigation', 1.4231837630333585e-05
Topic #6,u'act', 1.4231837630333585e-05
Topic #6,u'reason', 1.4231837630333585e-05
Topic #6,u'misbranded', 1.4231837630333585e-05
Topic #6,u'criterion', 1.4231837361429553e-05
Topic #6,u'fda', 1.4231837116364815e-05
Topic #6,u'detention', 1.4231837116364815e-05
Topic #10,u'examination', 1.4231846567730903e-05
Topic #10,u'adulterate', 1.4231837630053228e-05
Topic #10,u'believe', 1.4231837630053228e-05
Topic #10,u'investigation', 1.4231837630053228e-05
Topic #10,u'act', 1.4231837630053228e-05
Topic #10,u'reason', 1.4231837630053228e-05
Topic #10,u'misbranded', 1.4231837630053228e-05
Topic #10,u'criterion', 1.4231837361593499e-05
Topic #10,u'fda', 1.4231837116528765e-05
Topic #10,u'detention', 1.4231837116528765e-05
Topic #3,u'examination', 1.4231846567730891e-05
Topic #3,u'adulterate', 1.4231837630119122e-05
Topic #3,u'believe', 1.4231837630119122e-05
Topic #3,u'investigation', 1.4231837630119122e-05
Topic #3,u'act', 1.4231837630119122e-05
Topic #3,u'reason', 1.4231837630119122e-05
Topic #3,u'misbranded', 1.4231837630119122e-05
Topic #3,u'criterion', 1.4231837361429571e-05
Topic #3,u'fda', 1.4231837116364833e-05
Topic #3,u'detention', 1.4231837116364833e-05
Topic #1,u'examination', 1.4231846567730874e-05
Topic #1,u'adulterate', 1.4231837630099627e-05
Topic #1,u'believe', 1.4231837630099627e-05
Topic #1,u'investigation', 1.4231837630099627e-05
Topic #1,u'act', 1.4231837630099627e-05
Topic #1,u'reason', 1.4231837630099627e-05
Topic #1,u'misbranded', 1.4231837630099627e-05
Topic #1,u'criterion', 1.4231837361429573e-05
Topic #1,u'fda', 1.4231837116364835e-05
Topic #1,u'detention', 1.4231837116364835e-05
