TopicNo,Topic Words,Probability Score
Topic #5,u'person', 0.0028290347434422572
Topic #5,u'mean', 0.0016972976465571541
Topic #5,u'detention', 0.0014215398219380062
Topic #5,u'order', 0.0014215398219380062
Topic #5,u'receive', 0.0014215398219380062
Topic #5,u'food', 0.00091748252560934301
Topic #5,u'manner', 0.00016493735680604528
Topic #5,u'otherwise_preserve', 0.00016493735680604528
Topic #5,u'calendar_day', 0.00016493735680604528
Topic #5,u'normal_ship', 0.00016493735680604528
Topic #6,u'representative', 0.0014379260524148142
Topic #6,u'good', 0.00011240074526590617
Topic #6,u'bakery', 0.00011240074526590617
Topic #6,u'egg', 0.00011240071648936798
Topic #6,u'addition', 5.486384321422111e-05
Topic #6,u'person', 1.420681652978798e-05
Topic #6,u'can_food', 1.4206812039225019e-05
Topic #6,u'treat', 1.4206812030193808e-05
Topic #6,u'frozen', 1.4206812023752693e-05
Topic #6,u'candy', 1.420681202338421e-05
Topic #1,u'fda', 0.00023013127267725416
Topic #1,u'article', 0.00017565140912853097
Topic #1,u'can_food', 0.00016692991318701961
Topic #1,u'senior', 7.741412663345428e-05
Topic #1,u'food_involve', 7.741412663345428e-05
Topic #1,u'district', 7.741412663345428e-05
Topic #1,u'whose', 7.741412663345428e-05
Topic #1,u'district_director', 7.741412663345428e-05
Topic #1,u'fda_representative', 7.741412663345428e-05
Topic #1,u'authorize', 7.741412663345428e-05
Topic #7,u'frozen', 0.00016705865802399305
Topic #7,u'act', 0.00011820020598002684
Topic #7,u'fish', 7.748949516392301e-05
Topic #7,u'term', 5.4936352271395645e-05
Topic #7,u'appear', 5.4936224588312463e-05
Topic #7,u'definition', 5.4936224551660107e-05
Topic #7,u'representative', 1.4225599931081386e-05
Topic #7,u'person', 1.4225556375831059e-05
Topic #7,u'can_food', 1.422555188422854e-05
Topic #7,u'treat', 1.4225551875047768e-05
Topic #9,u'snack_food', 0.0001670399291327758
Topic #9,u'candy', 0.0001670399291296269
Topic #9,u'limit', 7.7480807854011195e-05
Topic #9,u'vegetable', 7.7480807853935803e-05
Topic #9,u'act_mean', 5.4930062395316457e-05
Topic #9,u'federal_food', 5.4930061919600683e-05
Topic #9,u'cosmetic_act', 5.4930054219164231e-05
Topic #9,u'representative', 1.4224005089666672e-05
Topic #9,u'person', 1.4223961551813393e-05
Topic #9,u'can_food', 1.422395706281988e-05
Topic #8,u'day_mean', 0.000166994394013754
Topic #8,u'work', 0.000166994394013754
Topic #8,u'friday', 0.000166994394013754
Topic #8,u'monday', 0.000166994394013754
Topic #8,u'day', 0.000166994394013754
Topic #8,u'fruit', 7.7459655742265112e-05
Topic #8,u'representative', 1.4220121917296775e-05
Topic #8,u'person', 1.4220078420524905e-05
Topic #8,u'can_food', 1.4220073946369425e-05
Topic #8,u'treat', 1.4220073937188114e-05
Topic #4,u'federal_holiday', 0.00016697409716460873
Topic #4,u'exclude', 0.00016697409716460873
Topic #4,u'treat', 0.00016697405081388407
Topic #4,u'pet_food', 0.00011249200953496558
Topic #4,u'include', 0.00011249134386245213
Topic #4,u'day_shown', 7.7450273965957991e-05
Topic #4,u'calendar_day_mean', 7.7450273965957991e-05
Topic #4,u'calendar', 7.7450273965957991e-05
Topic #4,u'every', 7.7450273965957991e-05
Topic #4,u'definition_apply', 5.4908389717856073e-05
Topic #3,u'animal_fee', 0.00011256632654211681
Topic #3,u'example', 7.7501454414262067e-05
Topic #3,u'food_include', 7.7501454414262067e-05
Topic #3,u'dairy_product', 7.7501437304099103e-05
Topic #3,u'representative', 1.4227792282051623e-05
Topic #3,u'person', 1.4227748713632706e-05
Topic #3,u'can_food', 1.422774421581237e-05
Topic #3,u'treat', 1.4227744206631481e-05
Topic #3,u'frozen', 1.4227744200312429e-05
Topic #3,u'candy', 1.4227744200305097e-05
Topic #10,u'dietary_ingredients', 0.00011255181524506364
Topic #10,u'dietary_supplement', 0.00011255181524506364
Topic #10,u'beverage', 0.00011255178638845061
Topic #10,u'use', 5.4937592651515204e-05
Topic #10,u'apply', 5.4937592261105521e-05
Topic #10,u'term', 5.4937465162702105e-05
Topic #10,u'fda', 1.4239679658646558e-05
Topic #10,u'mean', 1.4239678978524138e-05
Topic #10,u'article', 1.4239677657655797e-05
Topic #10,u'food_involve', 1.423967755702245e-05
Topic #2,u'representative', 1.4231893365010044e-05
Topic #2,u'person', 1.4231849764811826e-05
Topic #2,u'can_food', 1.4231845267399556e-05
Topic #2,u'treat', 1.4231845258205422e-05
Topic #2,u'candy', 1.423184525461488e-05
Topic #2,u'frozen', 1.4231845251879199e-05
Topic #2,u'snack_food', 1.4231845251417878e-05
Topic #2,u'receive', 1.4231843277952001e-05
Topic #2,u'order', 1.4231843277952001e-05
Topic #2,u'detention', 1.4231843277952001e-05
