TopicNo,Topic Words,Probability Score
Topic #1,u'detention', 0.00056754722509802101
Topic #1,u'issue', 0.00040783427233686978
Topic #1,u'detention_termination', 0.00040783427233686978
Topic #1,u'notice', 0.00040783427233686978
Topic #1,u'expires', 0.00036735030052007607
Topic #1,u'detention_period', 0.00036735030052007607
Topic #1,u'terminate', 0.00036735029633707539
Topic #1,u'authorize', 0.00031585698453735826
Topic #1,u'order', 0.00029421112665400175
Topic #1,u'fda_fails', 0.00028749380061132067
Topic #2,u'require_labels', 0.00019646830734366093
Topic #2,u'tag', 0.00019646830734366093
Topic #2,u'deem', 1.4226655073344153e-05
Topic #2,u'removal', 1.4226652966932474e-05
Topic #2,u'write', 1.4226652966932474e-05
Topic #2,u'representative', 1.4226652803151742e-05
Topic #2,u'remove', 1.4226652803151742e-05
Topic #2,u'fda_fails', 1.4226652018925277e-05
Topic #2,u'detention', 1.4226650857263373e-05
Topic #2,u'order', 1.4226650854854091e-05
Topic #5,u'representative', 0.00013516949272990463
Topic #5,u'remove', 0.00013516949272990463
Topic #5,u'require_labels', 1.4228399975226373e-05
Topic #5,u'tag', 1.4228399975226373e-05
Topic #5,u'deem', 1.4228399914715521e-05
Topic #5,u'removal', 1.4228397803616128e-05
Topic #5,u'write', 1.4228397803616128e-05
Topic #5,u'fda_fails', 1.4228396859045494e-05
Topic #5,u'detention', 1.4228395696503269e-05
Topic #5,u'order', 1.422839569409036e-05
Topic #4,u'require_labels', 1.4231842412359039e-05
Topic #4,u'tag', 1.4231842412359039e-05
Topic #4,u'deem', 1.4231842346236706e-05
Topic #4,u'removal', 1.4231840235144116e-05
Topic #4,u'write', 1.4231840235144116e-05
Topic #4,u'representative', 1.4231840071340318e-05
Topic #4,u'remove', 1.4231840071340318e-05
Topic #4,u'fda_fails', 1.4231839288583966e-05
Topic #4,u'detention', 1.4231838124669373e-05
Topic #4,u'order', 1.4231838122248967e-05
Topic #10,u'require_labels', 1.4231842408990199e-05
Topic #10,u'tag', 1.4231842408990199e-05
Topic #10,u'deem', 1.4231842346232579e-05
Topic #10,u'removal', 1.4231840235142097e-05
Topic #10,u'write', 1.4231840235142097e-05
Topic #10,u'representative', 1.4231840071340414e-05
Topic #10,u'remove', 1.4231840071340414e-05
Topic #10,u'fda_fails', 1.4231839288584089e-05
Topic #10,u'detention', 1.4231838124669467e-05
Topic #10,u'order', 1.4231838122249059e-05
Topic #8,u'require_labels', 1.4231842408990199e-05
Topic #8,u'tag', 1.4231842408990199e-05
Topic #8,u'deem', 1.4231842346234214e-05
Topic #8,u'removal', 1.42318402351462e-05
Topic #8,u'write', 1.42318402351462e-05
Topic #8,u'representative', 1.4231840071340412e-05
Topic #8,u'remove', 1.4231840071340412e-05
Topic #8,u'fda_fails', 1.4231839288584079e-05
Topic #8,u'detention', 1.4231838124691583e-05
Topic #8,u'order', 1.4231838122271178e-05
Topic #9,u'require_labels', 1.4231842408990182e-05
Topic #9,u'tag', 1.4231842408990182e-05
Topic #9,u'deem', 1.4231842346233606e-05
Topic #9,u'removal', 1.4231840235144267e-05
Topic #9,u'write', 1.4231840235144267e-05
Topic #9,u'representative', 1.4231840071340401e-05
Topic #9,u'remove', 1.4231840071340401e-05
Topic #9,u'fda_fails', 1.4231839288584064e-05
Topic #9,u'detention', 1.4231838124832149e-05
Topic #9,u'order', 1.4231838122411742e-05
Topic #6,u'require_labels', 1.4231842408990165e-05
Topic #6,u'tag', 1.4231842408990165e-05
Topic #6,u'deem', 1.4231842346233297e-05
Topic #6,u'removal', 1.4231840235141892e-05
Topic #6,u'write', 1.4231840235141892e-05
Topic #6,u'representative', 1.423184007134038e-05
Topic #6,u'remove', 1.423184007134038e-05
Topic #6,u'fda_fails', 1.4231839288584025e-05
Topic #6,u'detention', 1.4231838125448328e-05
Topic #6,u'order', 1.4231838123027921e-05
Topic #7,u'require_labels', 1.4231842408990121e-05
Topic #7,u'tag', 1.4231842408990121e-05
Topic #7,u'deem', 1.4231842346234742e-05
Topic #7,u'removal', 1.4231840235142917e-05
Topic #7,u'write', 1.4231840235142917e-05
Topic #7,u'representative', 1.4231840071340368e-05
Topic #7,u'remove', 1.4231840071340368e-05
Topic #7,u'fda_fails', 1.423183928858394e-05
Topic #7,u'detention', 1.423183812489232e-05
Topic #7,u'order', 1.4231838122471915e-05
Topic #3,u'require_labels', 1.423184240899007e-05
Topic #3,u'tag', 1.423184240899007e-05
Topic #3,u'deem', 1.4231842346233287e-05
Topic #3,u'removal', 1.4231840235145717e-05
Topic #3,u'write', 1.4231840235145717e-05
Topic #3,u'representative', 1.4231840075333421e-05
Topic #3,u'remove', 1.4231840075333421e-05
Topic #3,u'fda_fails', 1.4231839288583954e-05
Topic #3,u'detention', 1.4231838124876259e-05
Topic #3,u'order', 1.4231838122455854e-05
