TopicNo,Topic Words,Probability Score
Topic #3,u'calendar_day', 0.00076893155342090702
Topic #3,u'day', 0.0005568779262967523
Topic #3,u'work', 0.0005568779262967523
Topic #3,u'fourth', 0.00037599317246448294
Topic #3,u'instance', 0.00028688931365382185
Topic #3,u'evidentiary', 0.00028688931365382185
Topic #3,u'result', 0.00028688931365382185
Topic #3,u'complete', 0.00028688931365382185
Topic #3,u'confirmatory_test', 0.00028688931365382185
Topic #3,u'development', 0.00028688931365382185
Topic #6,u'seizure_action', 0.00032951026864970625
Topic #6,u'includes', 0.00028855413414843596
Topic #6,u'extenuate', 0.00028855413414843596
Topic #6,u'circumstance', 0.00028855413414843596
Topic #6,u'fda_initiate', 0.0001475508766294999
Topic #6,u'perishable_food', 6.7399861891085991e-05
Topic #6,u'procedure', 6.73998617193797e-05
Topic #6,u'detain', 6.7399861701270122e-05
Topic #6,u'apply', 6.739986169043878e-05
Topic #6,u'expedite', 6.7399861454789037e-05
Topic #5,u'doj', 0.00031733898251325236
Topic #5,u'work', 1.4319523930360969e-05
Topic #5,u'day', 1.4319523930360969e-05
Topic #5,u'advise', 1.4276476308179418e-05
Topic #5,u'recommend', 1.4276476308179418e-05
Topic #5,u'soon', 1.4276476308179418e-05
Topic #5,u'first', 1.4276476308179418e-05
Topic #5,u'recommendation', 1.4276476308179418e-05
Topic #5,u'plan', 1.4276476308179418e-05
Topic #5,u'practicable', 1.4276476308179418e-05
Topic #8,u'limit', 0.00028884929431742458
Topic #8,u'exist', 0.00013513237184257138
Topic #8,u'extenuate_circumstance', 0.00013513237184257138
Topic #8,u'purpose', 1.4224501087718631e-05
Topic #8,u'doj', 1.4224494290952159e-05
Topic #8,u'extenuate', 1.4224492437662319e-05
Topic #8,u'circumstance', 1.4224492437662319e-05
Topic #8,u'includes', 1.4224492437662319e-05
Topic #8,u'work', 1.4224489966260006e-05
Topic #8,u'day', 1.4224489966260006e-05
Topic #4,u'purpose', 0.00019650404127213151
Topic #4,u'limit', 1.4229265369598473e-05
Topic #4,u'doj', 1.4229250085612946e-05
Topic #4,u'circumstance', 1.4229248236968184e-05
Topic #4,u'extenuate', 1.4229248236968184e-05
Topic #4,u'includes', 1.4229248236968184e-05
Topic #4,u'extenuate_circumstance', 1.4229245964835542e-05
Topic #4,u'exist', 1.4229245964835542e-05
Topic #4,u'work', 1.4229245762759624e-05
Topic #4,u'day', 1.4229245762759624e-05
Topic #2,u'limit', 1.4231859490121327e-05
Topic #2,u'purpose', 1.4231851004129664e-05
Topic #2,u'doj', 1.4231844192028346e-05
Topic #2,u'circumstance', 1.4231842340480839e-05
Topic #2,u'extenuate', 1.4231842340480839e-05
Topic #2,u'includes', 1.4231842340480839e-05
Topic #2,u'extenuate_circumstance', 1.4231840070460135e-05
Topic #2,u'exist', 1.4231840070460135e-05
Topic #2,u'work', 1.4231839868144215e-05
Topic #2,u'day', 1.4231839868144215e-05
Topic #7,u'limit', 1.4231859486660577e-05
Topic #7,u'purpose', 1.4231851004132243e-05
Topic #7,u'doj', 1.4231844191958696e-05
Topic #7,u'circumstance', 1.423184234048617e-05
Topic #7,u'extenuate', 1.423184234048617e-05
Topic #7,u'includes', 1.423184234048617e-05
Topic #7,u'extenuate_circumstance', 1.4231840070475809e-05
Topic #7,u'exist', 1.4231840070475809e-05
Topic #7,u'work', 1.4231839868127562e-05
Topic #7,u'day', 1.4231839868127562e-05
Topic #9,u'limit', 1.4231859486659837e-05
Topic #9,u'purpose', 1.4231851004131662e-05
Topic #9,u'doj', 1.4231844191958e-05
Topic #9,u'circumstance', 1.423184234048286e-05
Topic #9,u'extenuate', 1.423184234048286e-05
Topic #9,u'includes', 1.423184234048286e-05
Topic #9,u'extenuate_circumstance', 1.4231840070462127e-05
Topic #9,u'exist', 1.4231840070462127e-05
Topic #9,u'work', 1.4231839868079387e-05
Topic #9,u'day', 1.4231839868079387e-05
Topic #10,u'limit', 1.4231859486659598e-05
Topic #10,u'purpose', 1.4231851004130999e-05
Topic #10,u'doj', 1.4231844192322787e-05
Topic #10,u'circumstance', 1.4231842340482164e-05
Topic #10,u'extenuate', 1.4231842340482164e-05
Topic #10,u'includes', 1.4231842340482164e-05
Topic #10,u'extenuate_circumstance', 1.4231840070635124e-05
Topic #10,u'exist', 1.4231840070635124e-05
Topic #10,u'work', 1.4231839868093381e-05
Topic #10,u'day', 1.4231839868093381e-05
Topic #1,u'limit', 1.4231859486659151e-05
Topic #1,u'purpose', 1.4231851015908945e-05
Topic #1,u'doj', 1.4231844191990628e-05
Topic #1,u'circumstance', 1.4231842340482586e-05
Topic #1,u'extenuate', 1.4231842340482586e-05
Topic #1,u'includes', 1.4231842340482586e-05
Topic #1,u'extenuate_circumstance', 1.4231840070461533e-05
Topic #1,u'exist', 1.4231840070461533e-05
Topic #1,u'work', 1.4231839868103561e-05
Topic #1,u'day', 1.4231839868103561e-05
