TopicNo,Topic Words,Probability Score
Topic #6,u'order', 0.0011261702067809315
Topic #6,u'detention', 0.0011261702064732026
Topic #6,u'qualify_employee', 0.00041983932532543622
Topic #6,u'officer', 0.0004198393251774372
Topic #6,u'hour', 0.00037364526824834945
Topic #6,u'date', 0.00037364526824834945
Topic #6,u'detention_period', 0.00037364514534912242
Topic #6,u'issue', 0.00037358547904117788
Topic #6,u'name', 0.00037358547904117788
Topic #6,u'number', 0.00018758598559988579
Topic #1,u'fda', 0.00051804742859328369
Topic #1,u'label', 0.0003317266717170365
Topic #1,u'statement', 0.00033172666875640519
Topic #1,u'food', 0.00027619089101808489
Topic #1,u'tag', 0.00025981546855162105
Topic #1,u'removal', 0.00018766362924349024
Topic #1,u'alteration', 0.00018766362924349024
Topic #1,u'violation', 0.00018766362924349024
Topic #1,u'prohibit_act', 0.00018766362924349024
Topic #1,u'article', 0.00015800536958146454
Topic #10,u'punishable', 0.00018844019558102892
Topic #10,u'fine', 0.00018844019558102892
Topic #10,u'imprisonment', 0.00018844019558102892
Topic #10,u'detention_period', 1.422441512616758e-05
Topic #10,u'alter', 1.4224403961902775e-05
Topic #10,u'move', 1.4224403916889779e-05
Topic #10,u'act', 1.4224401588535387e-05
Topic #10,u'date', 1.4224401411692935e-05
Topic #10,u'hour', 1.4224401411692935e-05
Topic #10,u'number', 1.4224400635859374e-05
Topic #5,u'move', 0.00012635598009500717
Topic #5,u'detention_period', 1.4230257623396921e-05
Topic #5,u'alter', 1.4230246441569079e-05
Topic #5,u'act', 1.4230244067257345e-05
Topic #5,u'date', 1.4230243892565883e-05
Topic #5,u'hour', 1.4230243892565883e-05
Topic #5,u'imprisonment', 1.4230243115228628e-05
Topic #5,u'fine', 1.4230243115228628e-05
Topic #5,u'punishable', 1.4230243115228628e-05
Topic #5,u'number', 1.4230243113134578e-05
Topic #9,u'authorize', 0.00012627107132974356
Topic #9,u'fda_representative', 0.00012627107132974356
Topic #9,u'without', 0.00012627107132974356
Topic #9,u'written_permission', 0.00012627107132974356
Topic #9,u'tamper', 0.00012627106790593439
Topic #9,u'period_shown', 0.00012627106790593439
Topic #9,u'manner', 0.00012627106790593439
Topic #9,u'detention_period', 1.4220690567548094e-05
Topic #9,u'alter', 1.4220679412656812e-05
Topic #9,u'move', 1.4220679360221124e-05
Topic #2,u'act', 8.6378419532201939e-05
Topic #2,u'detention_period', 1.423082658773972e-05
Topic #2,u'alter', 1.4230815401745391e-05
Topic #2,u'move', 1.4230815349873365e-05
Topic #2,u'date', 1.4230812854886026e-05
Topic #2,u'hour', 1.4230812854886026e-05
Topic #2,u'imprisonment', 1.423081207786109e-05
Topic #2,u'fine', 1.423081207786109e-05
Topic #2,u'punishable', 1.423081207786109e-05
Topic #2,u'number', 1.4230812075765244e-05
Topic #4,u'detention_period', 1.4231853386260698e-05
Topic #4,u'alter', 1.42318421973965e-05
Topic #4,u'move', 1.4231842145497705e-05
Topic #4,u'act', 1.4231839822919127e-05
Topic #4,u'date', 1.4231839648465031e-05
Topic #4,u'hour', 1.4231839648465031e-05
Topic #4,u'imprisonment', 1.4231838871408831e-05
Topic #4,u'fine', 1.4231838871408831e-05
Topic #4,u'punishable', 1.4231838871408831e-05
Topic #4,u'number', 1.4231838869312586e-05
Topic #3,u'detention_period', 1.4231853383625038e-05
Topic #3,u'alter', 1.4231842198601513e-05
Topic #3,u'move', 1.4231842145499657e-05
Topic #3,u'act', 1.4231839822827949e-05
Topic #3,u'date', 1.4231839648360985e-05
Topic #3,u'hour', 1.4231839648360985e-05
Topic #3,u'imprisonment', 1.4231838871410802e-05
Topic #3,u'fine', 1.4231838871410802e-05
Topic #3,u'punishable', 1.4231838871410802e-05
Topic #3,u'number', 1.423183886931376e-05
Topic #7,u'detention_period', 1.4231853383623829e-05
Topic #7,u'alter', 1.4231842197396563e-05
Topic #7,u'move', 1.4231842145498452e-05
Topic #7,u'act', 1.423183982284851e-05
Topic #7,u'date', 1.4231839648484801e-05
Topic #7,u'hour', 1.4231839648484801e-05
Topic #7,u'imprisonment', 1.4231838871409582e-05
Topic #7,u'fine', 1.4231838871409582e-05
Topic #7,u'punishable', 1.4231838871409582e-05
Topic #7,u'number', 1.4231838869313221e-05
Topic #8,u'detention_period', 1.4231853383623426e-05
Topic #8,u'alter', 1.4231842197396207e-05
Topic #8,u'move', 1.4231842145498044e-05
Topic #8,u'act', 1.423183982282634e-05
Topic #8,u'date', 1.423183964843033e-05
Topic #8,u'hour', 1.423183964843033e-05
Topic #8,u'imprisonment', 1.4231838871409177e-05
Topic #8,u'fine', 1.4231838871409177e-05
Topic #8,u'punishable', 1.4231838871409177e-05
Topic #8,u'number', 1.4231838869312057e-05
