TopicNo,Topic Words,Probability Score
Topic #4,u'detention', 0.0030707120338709882
Topic #4,u'order', 0.0030367670284367682
Topic #4,u'article', 0.0027323421326290688
Topic #4,u'food', 0.002563080269025784
Topic #4,u'issue', 0.0018537534183854854
Topic #4,u'violation', 0.0018537534183854854
Topic #4,u'fda_representative', 0.00077073618120582785
Topic #4,u'authorize', 0.00077073618120582785
Topic #4,u'modification', 0.00050024992640656011
Topic #4,u'request', 0.00036074592156641681
Topic #2,u'transfer', 0.0027737285311437857
Topic #2,u'detain_article', 0.0012793887813650475
Topic #2,u'location', 0.00064333933851135213
Topic #2,u'write', 0.00062246514174976828
Topic #2,u'new', 0.00060339658418706165
Topic #2,u'food', 0.00052179380075482085
Topic #2,u'within', 0.0003225725251720844
Topic #2,u'supervise', 0.0003139464587492536
Topic #2,u'decline', 0.0003139464587492536
Topic #2,u'facility', 0.00020703387693326802
Topic #3,u'act', 0.0019685891310366604
Topic #3,u'prohibit_act', 0.0018883092935144201
Topic #3,u'first', 0.00022723453475774008
Topic #3,u'whichever_occurs', 0.00022723453475774008
Topic #3,u'appropriate_custom', 7.6544548312559992e-05
Topic #3,u'direction', 7.6544548312559992e-05
Topic #3,u'import_food', 7.6544548312559992e-05
Topic #3,u'secure_facility', 7.6541960824250957e-05
Topic #3,u'mail', 1.4167742124357767e-05
Topic #3,u'issue', 1.416774144629708e-05
Topic #9,u'fda', 0.00060534457602474327
Topic #9,u'mail', 0.00016542195953895018
Topic #9,u'condition', 0.00015095974263809649
Topic #9,u'transportation_applicable', 0.00015095974263809649
Topic #9,u'section_does', 5.4493418212941459e-05
Topic #9,u'preclude_movement', 5.4493418023588965e-05
Topic #9,u'decline', 1.4266051674880853e-05
Topic #9,u'supervise', 1.4266051674880853e-05
Topic #9,u'direct', 1.4245043750080952e-05
Topic #9,u'supervision', 1.423711212645737e-05
Topic #5,u'expires', 0.00022811621840473876
Topic #5,u'detention_period', 0.00022811621840473876
Topic #5,u'importer', 5.4523282025787557e-05
Topic #5,u'owner', 5.4523273541082722e-05
Topic #5,u'deliver', 5.4522305430222886e-05
Topic #5,u'label', 1.4331702226879912e-05
Topic #5,u'remain', 1.4331696713966185e-05
Topic #5,u'tag', 1.4331696713966185e-05
Topic #5,u'fda_terminates', 1.4331696713966185e-05
Topic #5,u'food', 1.4224100338616942e-05
Topic #7,u'bond', 0.00017976632012883437
Topic #7,u'custom', 7.6846497232209633e-05
Topic #7,u'require', 7.6846497232209633e-05
Topic #7,u'law', 7.6846490866007877e-05
Topic #7,u'regulation', 7.6846490866007877e-05
Topic #7,u'consignee', 5.4521740198346337e-05
Topic #7,u'deliver', 5.4504547095535431e-05
Topic #7,u'food_subject', 5.4504311743397087e-05
Topic #7,u'execution', 5.4504311720646364e-05
Topic #7,u'article', 1.4239311987929686e-05
Topic #10,u'ensure', 0.00016552844612029575
Topic #10,u'require_tag', 0.00016552844612029575
Topic #10,u'label', 0.00016552743775573534
Topic #10,u'prohibit_act', 1.4225406536390162e-05
Topic #10,u'mail', 1.4225385280469734e-05
Topic #10,u'violation', 1.4225384589186993e-05
Topic #10,u'issue', 1.4225384589186993e-05
Topic #10,u'accompany', 1.422538231134719e-05
Topic #10,u'condition', 1.4225381183157691e-05
Topic #10,u'transportation_applicable', 1.4225381183157691e-05
Topic #6,u'form', 0.00016549735034870081
Topic #6,u'written_notification', 0.00016549735034870081
Topic #6,u'fax', 0.00016549735034870081
Topic #6,u'except', 7.6841538974413919e-05
Topic #6,u'paragraph', 7.6841538974413919e-05
Topic #6,u'provide', 7.6841538974413919e-05
Topic #6,u'prohibit_act', 1.4222734179153194e-05
Topic #6,u'mail', 1.4222712930698747e-05
Topic #6,u'violation', 1.4222712241776385e-05
Topic #6,u'issue', 1.4222712241776385e-05
Topic #8,u'federal_rule', 0.00011156718504508606
Topic #8,u'accordance', 0.00011156718504508606
Topic #8,u'civil_procedure', 0.00011156718504508606
Topic #8,u'with_supplemental_rule', 0.00011156718504508606
Topic #8,u'notwithstanding', 5.4529788363574142e-05
Topic #8,u'prohibit_act', 1.4225751497325445e-05
Topic #8,u'mail', 1.4225730225094166e-05
Topic #8,u'issue', 1.4225729545892512e-05
Topic #8,u'violation', 1.4225729545892512e-05
Topic #8,u'accompany', 1.4225727260691771e-05
Topic #1,u'prohibit_act', 1.4231866523491832e-05
Topic #1,u'mail', 1.4231845231974394e-05
Topic #1,u'issue', 1.4231844546974956e-05
Topic #1,u'violation', 1.4231844546974956e-05
Topic #1,u'accompany', 1.4231842261627647e-05
Topic #1,u'condition', 1.4231841132866297e-05
Topic #1,u'transportation_applicable', 1.4231841132866297e-05
Topic #1,u'label', 1.4231839448104681e-05
Topic #1,u'fax', 1.4231838770220561e-05
Topic #1,u'form', 1.4231838770220561e-05
