TopicNo,Topic Words,Probability Score
Topic #6,u'prior', 0.00068963259355904396
Topic #6,u'oral', 0.00052525633445210933
Topic #6,u'possible', 0.00052525633445210933
Topic #6,u'approval', 0.00052525633445210933
Topic #6,u'confirm', 0.00052525633445210933
Topic #6,u'soon', 0.00052525633445210933
Topic #6,u'obtain', 0.00052525633445210933
Topic #6,u'write', 0.00052525633445210933
Topic #6,u'written_approval', 0.00017854286547756213
Topic #6,u'feasible', 0.00017854286547756213
Topic #2,u'order', 0.00024754663032076012
Topic #2,u'detention', 0.00024754663032076012
Topic #2,u'approve', 0.00017923913628373778
Topic #2,u'approves', 8.2529346633821726e-05
Topic #2,u'written_approval', 1.4221876905227758e-05
Topic #2,u'feasible', 1.4221876905227758e-05
Topic #2,u'obtain', 1.4221876588712569e-05
Topic #2,u'oral', 1.4221876588712569e-05
Topic #2,u'soon', 1.4221876588712569e-05
Topic #2,u'write', 1.4221876588712569e-05
Topic #3,u'director', 0.00012034033156014708
Topic #3,u'whose', 0.00012034033156014708
Topic #3,u'district', 0.00012034033156014708
Topic #3,u'locate', 0.00012034033156014708
Topic #3,u'fda', 0.00012034033156014708
Topic #3,u'fda_official', 0.00012034033156014708
Topic #3,u'district_director', 0.00012034033156014708
Topic #3,u'food_involve', 0.00012034033156014708
Topic #3,u'senior', 0.00012034033156014708
Topic #3,u'article', 0.00012034033156014708
Topic #7,u'fda_representative', 8.2575862141247432e-05
Topic #7,u'authorize', 8.2575862141247432e-05
Topic #7,u'written_approval', 1.4229893448648786e-05
Topic #7,u'feasible', 1.4229893448648786e-05
Topic #7,u'approve', 1.4229893445417617e-05
Topic #7,u'approval', 1.4229893131626154e-05
Topic #7,u'confirm', 1.4229893131626154e-05
Topic #7,u'soon', 1.4229893131626154e-05
Topic #7,u'possible', 1.4229893131626154e-05
Topic #7,u'oral', 1.4229893131626154e-05
Topic #1,u'feasible', 1.4231838827121897e-05
Topic #1,u'written_approval', 1.4231838827121897e-05
Topic #1,u'approve', 1.4231838823872482e-05
Topic #1,u'soon', 1.4231838509596951e-05
Topic #1,u'oral', 1.4231838509596951e-05
Topic #1,u'possible', 1.4231838509596951e-05
Topic #1,u'write', 1.4231838509596951e-05
Topic #1,u'approval', 1.4231838509596951e-05
Topic #1,u'confirm', 1.4231838509596951e-05
Topic #1,u'obtain', 1.4231838509596951e-05
Topic #10,u'feasible', 1.4231838827109071e-05
Topic #10,u'written_approval', 1.4231838827109071e-05
Topic #10,u'approve', 1.4231838823872079e-05
Topic #10,u'soon', 1.4231838509596924e-05
Topic #10,u'oral', 1.4231838509596924e-05
Topic #10,u'possible', 1.4231838509596924e-05
Topic #10,u'write', 1.4231838509596924e-05
Topic #10,u'approval', 1.4231838509596924e-05
Topic #10,u'confirm', 1.4231838509596924e-05
Topic #10,u'obtain', 1.4231838509596924e-05
Topic #5,u'feasible', 1.4231838827106952e-05
Topic #5,u'written_approval', 1.4231838827106952e-05
Topic #5,u'approve', 1.4231838823872497e-05
Topic #5,u'soon', 1.4231838509596943e-05
Topic #5,u'oral', 1.4231838509596943e-05
Topic #5,u'possible', 1.4231838509596943e-05
Topic #5,u'write', 1.4231838509596943e-05
Topic #5,u'approval', 1.4231838509596943e-05
Topic #5,u'confirm', 1.4231838509596943e-05
Topic #5,u'obtain', 1.4231838509596943e-05
Topic #8,u'feasible', 1.423183882710695e-05
Topic #8,u'written_approval', 1.423183882710695e-05
Topic #8,u'approve', 1.4231838823872423e-05
Topic #8,u'soon', 1.423183850959742e-05
Topic #8,u'oral', 1.423183850959742e-05
Topic #8,u'possible', 1.423183850959742e-05
Topic #8,u'write', 1.423183850959742e-05
Topic #8,u'approval', 1.423183850959742e-05
Topic #8,u'confirm', 1.423183850959742e-05
Topic #8,u'obtain', 1.423183850959742e-05
Topic #4,u'feasible', 1.423183882710695e-05
Topic #4,u'written_approval', 1.423183882710695e-05
Topic #4,u'approve', 1.4231838823872348e-05
Topic #4,u'soon', 1.4231838509597049e-05
Topic #4,u'oral', 1.4231838509597049e-05
Topic #4,u'possible', 1.4231838509597049e-05
Topic #4,u'write', 1.4231838509597049e-05
Topic #4,u'approval', 1.4231838509597049e-05
Topic #4,u'confirm', 1.4231838509597049e-05
Topic #4,u'obtain', 1.4231838509597049e-05
Topic #9,u'feasible', 1.423183882710695e-05
Topic #9,u'written_approval', 1.423183882710695e-05
Topic #9,u'approve', 1.4231838823872068e-05
Topic #9,u'soon', 1.4231838509597126e-05
Topic #9,u'oral', 1.4231838509597126e-05
Topic #9,u'possible', 1.4231838509597126e-05
Topic #9,u'write', 1.4231838509597126e-05
Topic #9,u'approval', 1.4231838509597126e-05
Topic #9,u'confirm', 1.4231838509597126e-05
Topic #9,u'obtain', 1.4231838509597126e-05
