TopicNo,Topic Words,Probability Score
Topic #3,u'detention', 0.0012389577755791876
Topic #3,u'order', 0.0011749399601051098
Topic #3,u'fda', 0.00062789326798438081
Topic #3,u'number', 0.0005638784024001364
Topic #3,u'food', 0.00051315388633281543
Topic #3,u'name', 0.00049970393252534915
Topic #3,u'statement', 0.00046931668318306698
Topic #3,u'article', 0.00037760624664327975
Topic #3,u'write', 0.00032097793113679989
Topic #3,u'fda_representative', 0.00025696293760036124
Topic #10,u'detain_article', 0.00042547757363611648
Topic #10,u'food', 0.00018750844654559691
Topic #10,u'applicable_condition', 0.00011518170583397808
Topic #10,u'transportation', 0.00011518170583397808
Topic #10,u'identification', 7.8952086105313674e-05
Topic #10,u'fax', 1.4390206094249613e-05
Topic #10,u'district_director', 1.4390206094249613e-05
Topic #10,u'locate', 1.4390206094249613e-05
Topic #10,u'district', 1.4390206094249613e-05
Topic #10,u'district_office', 1.4390206094249613e-05
Topic #9,u'mail_address', 0.00041721744253285986
Topic #9,u'manner', 0.0003606795845265903
Topic #9,u'detention_period', 0.00011515524183730018
Topic #9,u'tamper', 0.00011515524183730018
Topic #9,u'form', 7.893394426246478e-05
Topic #9,u'detention_notice', 7.8933944242729834e-05
Topic #9,u'approval', 1.4584078681127446e-05
Topic #9,u'statement_indicate', 1.4584078681127446e-05
Topic #9,u'obtain', 1.4584078681127446e-05
Topic #9,u'order', 1.4216577745106157e-05
Topic #8,u'text', 0.00017180957187555134
Topic #8,u'act', 1.4229619168998386e-05
Topic #8,u'mail_address', 1.4229618462108883e-05
Topic #8,u'verbally', 1.4229611494064079e-05
Topic #8,u'telephone', 1.4229611494063263e-05
Topic #8,u'move', 1.4229607294105741e-05
Topic #8,u'alter', 1.4229607236558092e-05
Topic #8,u'brief', 1.4229607236099354e-05
Topic #8,u'exception_describe', 1.4229604107474413e-05
Topic #8,u'certain', 1.4229604107474413e-05
Topic #1,u'exception_describe', 0.00017175557661540402
Topic #1,u'certain', 0.00017175557661540402
Topic #1,u'act', 0.00017175544140824706
Topic #1,u'text', 1.4225135983477523e-05
Topic #1,u'mail_address', 1.4225135265397972e-05
Topic #1,u'verbally', 1.4225128288367561e-05
Topic #1,u'telephone', 1.4225128288284418e-05
Topic #1,u'move', 1.4225124100866441e-05
Topic #1,u'alter', 1.4225124042887026e-05
Topic #1,u'brief', 1.4225124042878471e-05
Topic #5,u'brief', 0.00011526822390932048
Topic #5,u'act', 1.423042385945601e-05
Topic #5,u'text', 1.4230423859221082e-05
Topic #5,u'mail_address', 1.4230423153682832e-05
Topic #5,u'verbally', 1.4230416196340781e-05
Topic #5,u'telephone', 1.4230416196299458e-05
Topic #5,u'move', 1.4230411993383642e-05
Topic #5,u'alter', 1.4230411935382119e-05
Topic #5,u'certain', 1.4230408802548954e-05
Topic #5,u'exception_describe', 1.4230408802548954e-05
Topic #7,u'alter', 0.00011526822390895878
Topic #7,u'text', 1.4230423859214638e-05
Topic #7,u'act', 1.4230423858985016e-05
Topic #7,u'mail_address', 1.4230423152221754e-05
Topic #7,u'telephone', 1.4230416196327914e-05
Topic #7,u'verbally', 1.4230416196326324e-05
Topic #7,u'move', 1.4230411993377218e-05
Topic #7,u'brief', 1.4230411935599204e-05
Topic #7,u'exception_describe', 1.4230408802721337e-05
Topic #7,u'certain', 1.4230408802721337e-05
Topic #2,u'move', 0.00011524570252357162
Topic #2,u'include', 7.8982555014129325e-05
Topic #2,u'follow_information', 7.89825547965937e-05
Topic #2,u'hour', 7.8941560658103482e-05
Topic #2,u'date', 1.480111964805754e-05
Topic #2,u'order', 1.4518849451715847e-05
Topic #2,u'detention', 1.4516372405462866e-05
Topic #2,u'text', 1.4227643524942708e-05
Topic #2,u'act', 1.4227643524718703e-05
Topic #2,u'mail_address', 1.4227642818421224e-05
Topic #4,u'information', 7.8995670870376909e-05
Topic #4,u'fda_include', 7.8995668401917702e-05
Topic #4,u'order', 1.4353712711814924e-05
Topic #4,u'detention', 1.435330614010503e-05
Topic #4,u'text', 1.4230014821547299e-05
Topic #4,u'act', 1.42300148206321e-05
Topic #4,u'mail_address', 1.4230014113927896e-05
Topic #4,u'telephone', 1.4230007162724801e-05
Topic #4,u'verbally', 1.4230007162690116e-05
Topic #4,u'move', 1.4230002932937611e-05
Topic #6,u'text', 1.4231861825426624e-05
Topic #6,u'act', 1.4231861825199956e-05
Topic #6,u'mail_address', 1.4231861118181652e-05
Topic #6,u'telephone', 1.4231854154721639e-05
Topic #6,u'verbally', 1.4231854154707135e-05
Topic #6,u'move', 1.42318499484429e-05
Topic #6,u'alter', 1.4231849890434833e-05
Topic #6,u'brief', 1.4231849890426271e-05
Topic #6,u'exception_describe', 1.4231846761254516e-05
Topic #6,u'certain', 1.4231846761254516e-05
