TopicNo,Topic Words,Probability Score
Topic #8,u'owner', 0.0010394650812968564
Topic #8,u'order', 0.00086604757304828786
Topic #8,u'detention', 0.00086604757293600213
Topic #8,u'fda', 0.0006508049906245281
Topic #8,u'copy', 0.0006257229724252446
Topic #8,u'provide', 0.0005804148233156997
Topic #8,u'vehicle', 0.00058036007030318822
Topic #8,u'carrier', 0.00058036007030318822
Topic #8,u'shipper', 0.00041045027273692286
Topic #8,u'record', 0.00041045027273692286
Topic #7,u'article', 0.00064595536524673534
Topic #7,u'determine_readily', 0.00058302571591347383
Topic #7,u'identity', 0.00058302571591347383
Topic #7,u'food', 0.00053611799170071592
Topic #7,u'charge', 0.00019468913740518516
Topic #7,u'agent', 0.00019468913740518516
Topic #7,u'place', 0.00019468913740518516
Topic #7,u'detain', 0.00012402018102540411
Topic #7,u'locate', 8.4857006903197541e-05
Topic #7,u'different', 7.0840099152293139e-05
Topic #2,u'operator', 0.0005942051891747568
Topic #2,u'shipper', 1.425510687059852e-05
Topic #2,u'record', 1.425510687059852e-05
Topic #2,u'vehicle', 1.422399000233186e-05
Topic #2,u'carrier', 1.422399000233186e-05
Topic #2,u'provide', 1.4223989289765866e-05
Topic #2,u'copy', 1.4223908807832813e-05
Topic #2,u'fda', 1.4223876359748708e-05
Topic #2,u'detention', 1.4223740521138705e-05
Topic #2,u'order', 1.4223740484761833e-05
Topic #9,u'determine_readily', 1.4231839432372504e-05
Topic #9,u'identity', 1.4231839432372504e-05
Topic #9,u'operator', 1.4231838876697893e-05
Topic #9,u'different', 1.423183865553508e-05
Topic #9,u'shipper', 1.4231837779738495e-05
Topic #9,u'record', 1.4231837779738495e-05
Topic #9,u'detain', 1.4231837399088827e-05
Topic #9,u'detain_article', 1.4231837292166428e-05
Topic #9,u'transport', 1.4231837292166428e-05
Topic #9,u'fda_issue', 1.4231837292166428e-05
Topic #5,u'identity', 1.4231839432309055e-05
Topic #5,u'determine_readily', 1.4231839432309055e-05
Topic #5,u'operator', 1.4231838876698227e-05
Topic #5,u'different', 1.4231838655535312e-05
Topic #5,u'shipper', 1.4231837779738778e-05
Topic #5,u'record', 1.4231837779738778e-05
Topic #5,u'detain', 1.4231837399089093e-05
Topic #5,u'fda_issue', 1.4231837292178715e-05
Topic #5,u'food_locate', 1.4231837292178715e-05
Topic #5,u'transport', 1.4231837292178715e-05
Topic #10,u'identity', 1.4231839432264659e-05
Topic #10,u'determine_readily', 1.4231839432264659e-05
Topic #10,u'operator', 1.4231838881507351e-05
Topic #10,u'different', 1.4231838655535005e-05
Topic #10,u'shipper', 1.4231837779738474e-05
Topic #10,u'record', 1.4231837779738474e-05
Topic #10,u'detain', 1.4231837399088842e-05
Topic #10,u'fda_issue', 1.4231837292166161e-05
Topic #10,u'food_locate', 1.4231837292166161e-05
Topic #10,u'transport', 1.4231837292166161e-05
Topic #6,u'identity', 1.4231839432245592e-05
Topic #6,u'determine_readily', 1.4231839432245592e-05
Topic #6,u'operator', 1.4231838876736264e-05
Topic #6,u'different', 1.4231838655535368e-05
Topic #6,u'shipper', 1.423183777973881e-05
Topic #6,u'record', 1.423183777973881e-05
Topic #6,u'detain', 1.4231837399089142e-05
Topic #6,u'fda_issue', 1.4231837292166283e-05
Topic #6,u'food_locate', 1.4231837292166283e-05
Topic #6,u'transport', 1.4231837292166283e-05
Topic #1,u'identity', 1.4231839432221595e-05
Topic #1,u'determine_readily', 1.4231839432221595e-05
Topic #1,u'operator', 1.4231838876702432e-05
Topic #1,u'different', 1.4231838655535482e-05
Topic #1,u'shipper', 1.4231837779738937e-05
Topic #1,u'record', 1.4231837779738937e-05
Topic #1,u'detain', 1.4231837399089271e-05
Topic #1,u'fda_issue', 1.4231837292168756e-05
Topic #1,u'food_locate', 1.4231837292168756e-05
Topic #1,u'transport', 1.4231837292168756e-05
Topic #4,u'identity', 1.4231839432221018e-05
Topic #4,u'determine_readily', 1.4231839432221018e-05
Topic #4,u'operator', 1.4231838876697637e-05
Topic #4,u'different', 1.4231838655534699e-05
Topic #4,u'shipper', 1.4231837779738171e-05
Topic #4,u'record', 1.4231837779738171e-05
Topic #4,u'detain', 1.4231837399088499e-05
Topic #4,u'fda_issue', 1.4231837292166444e-05
Topic #4,u'food_locate', 1.4231837292166444e-05
Topic #4,u'transport', 1.4231837292166444e-05
Topic #3,u'determine_readily', 1.4231839432220904e-05
Topic #3,u'identity', 1.4231839432220904e-05
Topic #3,u'operator', 1.4231838876697585e-05
Topic #3,u'different', 1.423183865553478e-05
Topic #3,u'shipper', 1.4231837779738229e-05
Topic #3,u'record', 1.4231837779738229e-05
Topic #3,u'detain', 1.4231837399088544e-05
Topic #3,u'detain_article', 1.4231837292165902e-05
Topic #3,u'transport', 1.4231837292165902e-05
Topic #3,u'fda_issue', 1.4231837292165902e-05
