TopicNo,Topic Words,Probability Score
Topic #3,u'citation', 0.0013249207099785654
Topic #3,u'list', 0.00061222052152001675
Topic #3,u'statute', 0.00056687755547039822
Topic #3,u'large', 0.00050252195481457552
Topic #3,u'organic_statute', 0.00039159655447236442
Topic #3,u'federal_food', 0.00027924035374350469
Topic #3,u'volume', 0.00025832947127739446
Topic #3,u'page', 0.00025832947127739446
Topic #3,u'refer', 0.00025832947127739446
Topic #3,u'authority', 0.00023504724955941139
Topic #4,u'act', 0.00085592755646358228
Topic #4,u'thereof', 0.00032417576393605852
Topic #4,u'reference', 0.00032417576346125234
Topic #4,u'include_reference', 0.00032417576162680715
Topic #4,u'amendment', 0.00032417576080871746
Topic #4,u'administrative_procedure', 1.4561283496883051e-05
Topic #4,u'public_health', 1.4207643079276216e-05
Topic #4,u'service', 1.4207643036696124e-05
Topic #4,u'would', 1.4204025436132921e-05
Topic #4,u'list', 1.420249219297534e-05
Topic #9,u'agency', 0.00072618434191175862
Topic #9,u'example', 0.00027209784067736974
Topic #9,u'would', 0.00027191122430216653
Topic #9,u'link', 0.00025931432332823828
Topic #9,u'statutory_authority', 0.00025931432332823828
Topic #9,u'necessary', 0.00025931432332823828
Topic #9,u'one', 0.00023593812272561032
Topic #9,u'list', 0.00021599239574878685
Topic #9,u'specify', 9.4197572586002991e-05
Topic #9,u'paragraph', 9.4195064464522359e-05
Topic #10,u'include', 0.00056971701394341713
Topic #10,u'executive', 0.00025963352328036408
Topic #10,u'order', 0.00025963352328036408
Topic #10,u'regulation', 0.00014219866513274804
Topic #10,u'executive_delegation', 0.00010831861766572505
Topic #10,u'provide_authority', 7.8888549459172681e-05
Topic #10,u'statutory_provision', 7.8888549288841755e-05
Topic #10,u'food', 7.8888549164596902e-05
Topic #10,u'includes', 7.8888548926848266e-05
Topic #10,u'centralize_citation', 7.888854853537929e-05
Topic #5,u'authority_citation', 0.00032470349787519108
Topic #5,u'executive_delegation', 0.00010987907992335622
Topic #5,u'include', 1.4231901406020172e-05
Topic #5,u'citation', 1.4227232820061283e-05
Topic #5,u'provision', 1.4226099850452815e-05
Topic #5,u'large', 1.4226079613183132e-05
Topic #5,u'order', 1.422607396581665e-05
Topic #5,u'executive', 1.422607396581665e-05
Topic #5,u'paragraph', 1.4226072555898812e-05
Topic #5,u'sec', 1.4226069817237252e-05
Topic #8,u'drug', 0.00028104070934847414
Topic #8,u'provision', 1.4228082689655955e-05
Topic #8,u'large', 1.4228062456428094e-05
Topic #8,u'order', 1.4228056810142856e-05
Topic #8,u'executive', 1.4228056810142856e-05
Topic #8,u'paragraph', 1.4228055393668766e-05
Topic #8,u'executive_delegation', 1.4228053000132891e-05
Topic #8,u'sec', 1.4228052666939828e-05
Topic #8,u'example', 1.422805215895386e-05
Topic #8,u'section', 1.4228052108295728e-05
Topic #7,u'cosmetic_act', 0.00028096461146586473
Topic #7,u'section', 0.00027274153219841474
Topic #7,u'would', 1.4403315698420464e-05
Topic #7,u'list', 1.4224970963008381e-05
Topic #7,u'provision', 1.422440195602438e-05
Topic #7,u'large', 1.4224381737965636e-05
Topic #7,u'executive', 1.4224376096617611e-05
Topic #7,u'order', 1.4224376096617611e-05
Topic #7,u'paragraph', 1.4224374681773392e-05
Topic #7,u'executive_delegation', 1.4224372290500643e-05
Topic #6,u'provision', 0.00025991827511440341
Topic #6,u'paragraph', 0.00017174546059855561
Topic #6,u'manner_set', 0.00017174043062337767
Topic #6,u'large', 1.4223879424412916e-05
Topic #6,u'executive', 1.422387378126321e-05
Topic #6,u'order', 1.422387378126321e-05
Topic #6,u'executive_delegation', 1.42238699736779e-05
Topic #6,u'sec', 1.422386965063458e-05
Topic #6,u'example', 1.4223869143754867e-05
Topic #6,u'section', 1.4223869092205965e-05
Topic #2,u'sec', 0.00011525313309443097
Topic #2,u'labeling_act', 7.9001108860074327e-05
Topic #2,u'fair_package', 7.9001106005467978e-05
Topic #2,u'regulation', 1.5600630063327798e-05
Topic #2,u'provision', 1.4228578968734278e-05
Topic #2,u'large', 1.4228558733996991e-05
Topic #2,u'executive', 1.4228553087535472e-05
Topic #2,u'order', 1.4228553087535472e-05
Topic #2,u'paragraph', 1.4228551671611498e-05
Topic #2,u'executive_delegation', 1.4228549277353224e-05
Topic #1,u'service', 7.9003745641134464e-05
Topic #1,u'public_health', 7.9003745432023646e-05
Topic #1,u'act', 1.4376843684029859e-05
Topic #1,u'provision', 1.4230034149674544e-05
Topic #1,u'large', 1.4230013909443756e-05
Topic #1,u'executive', 1.4230008261414157e-05
Topic #1,u'order', 1.4230008261414157e-05
Topic #1,u'paragraph', 1.4230006848609837e-05
Topic #1,u'executive_delegation', 1.423000445015969e-05
Topic #1,u'sec', 1.4230004099824317e-05
