TopicNo,Topic Words,Probability Score
Topic #3,u'hear', 0.0021494504557785766
Topic #3,u'apply', 0.00073529180456607859
Topic #3,u'report', 0.00053629262973416266
Topic #3,u'administrative_record', 0.00047866933088944712
Topic #3,u'regulatory_hear', 0.00047866932973130615
Topic #3,u'except', 0.00032230162474445933
Topic #3,u'hear_specify', 0.00025802254666980513
Topic #3,u'respect', 0.00025802254666968549
Topic #3,u'request', 0.00018028540698792372
Topic #3,u'work', 0.00017865387901174585
Topic #4,u'preside_officer', 0.0016277783882372768
Topic #4,u'report', 0.00043011596698249279
Topic #4,u'final', 0.00041435423974487236
Topic #4,u'agency_decision', 0.00041435423974487236
Topic #4,u'record', 0.00037813219587595428
Topic #4,u'within', 0.0002707189928252468
Topic #4,u'food', 0.00025800019116324483
Topic #4,u'petition', 0.00025800019116324483
Topic #4,u'stay', 0.00025800019116324483
Topic #4,u'drug', 0.00025800019116324483
Topic #9,u'final_decision', 0.00050461242803949858
Topic #9,u'administrative_detention', 0.00025987291598885526
Topic #9,u'expert_witness', 1.4221386570697016e-05
Topic #9,u'report', 1.4221381207582482e-05
Topic #9,u'respect', 1.4221378940538514e-05
Topic #9,u'hear_specify', 1.4221378940538324e-05
Topic #9,u'party', 1.4221378795053212e-05
Topic #9,u'right', 1.4221378795053212e-05
Topic #9,u'judicial_review', 1.4221378792663973e-05
Topic #9,u'purpose', 1.4221378792663973e-05
Topic #2,u'order', 0.00048843509236960487
Topic #2,u'detention', 0.00048843509139159509
Topic #2,u'informal_hear', 0.00038778880229549514
Topic #2,u'request', 0.00038630294849823762
Topic #2,u'fda_grant', 0.00032343518709373223
Topic #2,u'appeal', 0.00032343518454992982
Topic #2,u'statement', 0.00027161671330621468
Topic #2,u'district_director', 0.00017928199317270222
Topic #2,u'include', 0.00017108843256102174
Topic #2,u'reason', 0.00017108727991114542
Topic #1,u'conduct', 0.00032422789020919516
Topic #1,u'accordance', 0.00032422788989492219
Topic #1,u'rather', 0.0002805769213347027
Topic #1,u'hear_pursuant', 0.00025924754722085125
Topic #1,u'regulation', 0.00025924754722085125
Topic #1,u'regulatory', 0.00025924754722085125
Topic #1,u'appropriate', 0.00011505891192237832
Topic #1,u'notice', 7.8867027218583103e-05
Topic #1,u'fda', 7.8864120139828339e-05
Topic #1,u'requirement_apply', 7.8854399271315948e-05
Topic #6,u'purpose', 0.00025993653274427789
Topic #6,u'judicial_review', 0.00025993653274427789
Topic #6,u'final_decision', 1.4224901948455826e-05
Topic #6,u'expert_witness', 1.4224867952605858e-05
Topic #6,u'report', 1.4224862593054176e-05
Topic #6,u'respect', 1.4224860325448189e-05
Topic #6,u'hear_specify', 1.4224860325427802e-05
Topic #6,u'right', 1.4224860179923986e-05
Topic #6,u'party', 1.4224860179923986e-05
Topic #6,u'administrative_detention', 1.4224860177815589e-05
Topic #10,u'party', 0.00025990263531335879
Topic #10,u'right', 0.00025990263531335879
Topic #10,u'provision', 0.00014371757597681582
Topic #10,u'final_decision', 1.5134975323866444e-05
Topic #10,u'expert_witness', 1.4223012928920058e-05
Topic #10,u'report', 1.4223007571905009e-05
Topic #10,u'respect', 1.4223005308515293e-05
Topic #10,u'hear_specify', 1.4223005308504151e-05
Topic #10,u'administrative_detention', 1.422300516096022e-05
Topic #10,u'purpose', 1.4223005160637186e-05
Topic #5,u'whenever_credibility', 0.00017175557659607812
Topic #5,u'material_issue', 0.00017175557659607812
Topic #5,u'expert_witness', 0.00017175544142092951
Topic #5,u'final_decision', 1.4225169906358065e-05
Topic #5,u'report', 1.4225130609127124e-05
Topic #5,u'hear_specify', 1.4225128324468527e-05
Topic #5,u'respect', 1.422512832445168e-05
Topic #5,u'right', 1.4225128179006016e-05
Topic #5,u'party', 1.4225128179006016e-05
Topic #5,u'administrative_detention', 1.4225128176899477e-05
Topic #8,u'preside', 0.0001152333403797353
Topic #8,u'hearing', 0.0001152333403797353
Topic #8,u'fda_employees', 0.00011523334036725698
Topic #8,u'describes', 0.00011523203815679972
Topic #8,u'detention', 1.4338986627885694e-05
Topic #8,u'order', 1.4338983498299238e-05
Topic #8,u'final_decision', 1.4226142527421713e-05
Topic #8,u'expert_witness', 1.4226108493950769e-05
Topic #8,u'report', 1.4226103143303893e-05
Topic #8,u'respect', 1.4226100899655822e-05
Topic #7,u'final_decision', 1.4231895833715455e-05
Topic #7,u'expert_witness', 1.423186182197113e-05
Topic #7,u'report', 1.4231856459523095e-05
Topic #7,u'respect', 1.4231854190886423e-05
Topic #7,u'hear_specify', 1.4231854190875581e-05
Topic #7,u'party', 1.4231854045311166e-05
Topic #7,u'right', 1.4231854045311166e-05
Topic #7,u'administrative_detention', 1.4231854043201719e-05
Topic #7,u'judicial_review', 1.4231854042920143e-05
Topic #7,u'purpose', 1.4231854042920143e-05
