TopicNo,Topic Words,Probability Score
Topic #2,u'classify_information', 0.00076175428797222735
Topic #2,u'information', 0.00067925234875988131
Topic #2,u'fda', 0.0002145687482742402
Topic #2,u'evidence', 0.00019571180934776507
Topic #2,u'notice', 0.00019571180934776507
Topic #2,u'nature', 0.00019571180934776507
Topic #2,u'general', 0.00019571180934776507
Topic #2,u'opportunity', 0.00019571180934776507
Topic #2,u'offer', 0.00019571180934776507
Topic #2,u'preside_officer', 0.00019571180934776507
Topic #7,u'detention', 0.0006419729990495913
Topic #7,u'base', 0.00028343593414334022
Topic #7,u'state', 0.00028343593414334022
Topic #7,u'whole', 0.00028343593414334022
Topic #7,u'confirmation', 0.00028343593414334022
Topic #7,u'whether', 0.00028343593414334022
Topic #7,u'support', 0.00022863844874814753
Topic #7,u'use', 0.00022863844874814753
Topic #7,u'order', 0.00017422098565789059
Topic #7,u'classify', 9.4203617406928743e-05
Topic #4,u'use', 1.4231842990937358e-05
Topic #4,u'support', 1.4231842990937358e-05
Topic #4,u'base', 1.4231839260787763e-05
Topic #4,u'state', 1.4231839260787763e-05
Topic #4,u'whole', 1.4231839260787763e-05
Topic #4,u'whether', 1.4231839260787763e-05
Topic #4,u'confirmation', 1.4231839260787763e-05
Topic #4,u'consistently', 1.4231839226859406e-05
Topic #4,u'safeguard', 1.4231839226859406e-05
Topic #4,u'source', 1.4231839226859406e-05
Topic #10,u'use', 1.4231842990937355e-05
Topic #10,u'support', 1.4231842990937355e-05
Topic #10,u'base', 1.4231839260793582e-05
Topic #10,u'state', 1.4231839260793582e-05
Topic #10,u'whole', 1.4231839260793582e-05
Topic #10,u'whether', 1.4231839260793582e-05
Topic #10,u'confirmation', 1.4231839260793582e-05
Topic #10,u'consistently', 1.4231839226864536e-05
Topic #10,u'safeguard', 1.4231839226864536e-05
Topic #10,u'source', 1.4231839226864536e-05
Topic #9,u'use', 1.4231842990937353e-05
Topic #9,u'support', 1.4231842990937353e-05
Topic #9,u'base', 1.4231839260788888e-05
Topic #9,u'state', 1.4231839260788888e-05
Topic #9,u'whole', 1.4231839260788888e-05
Topic #9,u'whether', 1.4231839260788888e-05
Topic #9,u'confirmation', 1.4231839260788888e-05
Topic #9,u'consistently', 1.4231839226910667e-05
Topic #9,u'safeguard', 1.4231839226910667e-05
Topic #9,u'source', 1.4231839226910667e-05
Topic #5,u'use', 1.4231842990937353e-05
Topic #5,u'support', 1.4231842990937353e-05
Topic #5,u'base', 1.423183926078822e-05
Topic #5,u'state', 1.423183926078822e-05
Topic #5,u'whole', 1.423183926078822e-05
Topic #5,u'whether', 1.423183926078822e-05
Topic #5,u'confirmation', 1.423183926078822e-05
Topic #5,u'consistently', 1.4231839226955282e-05
Topic #5,u'safeguard', 1.4231839226955282e-05
Topic #5,u'source', 1.4231839226955282e-05
Topic #3,u'use', 1.4231842990937351e-05
Topic #3,u'support', 1.4231842990937351e-05
Topic #3,u'base', 1.4231839260789052e-05
Topic #3,u'state', 1.4231839260789052e-05
Topic #3,u'whole', 1.4231839260789052e-05
Topic #3,u'whether', 1.4231839260789052e-05
Topic #3,u'confirmation', 1.4231839260789052e-05
Topic #3,u'consistently', 1.4231839226948566e-05
Topic #3,u'safeguard', 1.4231839226948566e-05
Topic #3,u'source', 1.4231839226948566e-05
Topic #8,u'use', 1.423184299093735e-05
Topic #8,u'support', 1.423184299093735e-05
Topic #8,u'base', 1.4231839260791028e-05
Topic #8,u'state', 1.4231839260791028e-05
Topic #8,u'whole', 1.4231839260791028e-05
Topic #8,u'whether', 1.4231839260791028e-05
Topic #8,u'confirmation', 1.4231839260791028e-05
Topic #8,u'consistently', 1.4231839226983496e-05
Topic #8,u'safeguard', 1.4231839226983496e-05
Topic #8,u'source', 1.4231839226983496e-05
Topic #6,u'use', 1.4231842990937333e-05
Topic #6,u'support', 1.4231842990937333e-05
Topic #6,u'base', 1.4231839260787468e-05
Topic #6,u'state', 1.4231839260787468e-05
Topic #6,u'whole', 1.4231839260787468e-05
Topic #6,u'whether', 1.4231839260787468e-05
Topic #6,u'confirmation', 1.4231839260787468e-05
Topic #6,u'consistently', 1.4231839226866982e-05
Topic #6,u'safeguard', 1.4231839226866982e-05
Topic #6,u'source', 1.4231839226866982e-05
Topic #1,u'use', 1.4231842990937311e-05
Topic #1,u'support', 1.4231842990937311e-05
Topic #1,u'base', 1.4231839260789134e-05
Topic #1,u'state', 1.4231839260789134e-05
Topic #1,u'whole', 1.4231839260789134e-05
Topic #1,u'whether', 1.4231839260789134e-05
Topic #1,u'confirmation', 1.4231839260789134e-05
Topic #1,u'consistently', 1.4231839227889276e-05
Topic #1,u'safeguard', 1.4231839227889276e-05
Topic #1,u'source', 1.4231839227889276e-05
