TopicNo,Topic Words,Probability Score
Topic #6,u'import', 0.00073340937174744031
Topic #6,u'district', 0.00037378789664832996
Topic #6,u'director', 0.00037378733578570067
Topic #6,u'district_director_mean', 0.00037378733578570067
Topic #6,u'jurisdiction', 0.00037378733578570067
Topic #6,u'drug_administration', 0.00037378733578570067
Topic #6,u'food', 0.00037378733578570067
Topic #6,u'term', 0.00037378733578570067
Topic #6,u'entry', 0.00037378733578570067
Topic #6,u'article', 0.00037378733578570067
Topic #2,u'provision', 0.00048584122851574256
Topic #2,u'designate', 0.00037412598897039814
Topic #2,u'administer', 0.00037412598897039814
Topic #2,u'act', 0.00037412598897039814
Topic #2,u'enforce', 0.00037412598897039814
Topic #2,u'behalf', 0.00037412598897039814
Topic #2,u'officer', 0.00037412598897039814
Topic #2,u'district', 0.00037412542989636867
Topic #2,u'consignee', 0.00012589336105049828
Topic #2,u'consignee_mean', 0.00012589336105049828
Topic #5,u'tariff_act', 0.0001263468647727343
Topic #5,u'drug', 8.6368734976237312e-05
Topic #5,u'amend', 1.422921982715017e-05
Topic #5,u'federal_food', 1.4229217507848855e-05
Topic #5,u'cosmetic_act', 1.4229217506221922e-05
Topic #5,u'district', 1.4229216605829458e-05
Topic #5,u'import', 1.4229215842347309e-05
Topic #5,u'definition', 1.4229215746593824e-05
Topic #5,u'officer', 1.4229215738692958e-05
Topic #5,u'act', 1.4229215738692958e-05
Topic #4,u'cosmetic_act', 8.6374409369589886e-05
Topic #4,u'definition', 6.0655341295213541e-05
Topic #4,u'tariff_act', 1.4230154685326117e-05
Topic #4,u'amend', 1.4230154683365386e-05
Topic #4,u'federal_food', 1.423015236331356e-05
Topic #4,u'drug', 1.4230152360086e-05
Topic #4,u'district', 1.4230151463131706e-05
Topic #4,u'import', 1.4230150699505473e-05
Topic #4,u'designate', 1.4230150595812099e-05
Topic #4,u'enforce', 1.4230150595812099e-05
Topic #9,u'federal_food', 8.6370399590393572e-05
Topic #9,u'regulation_prescribe', 6.0652534160295858e-05
Topic #9,u'purpose', 6.0652533790133637e-05
Topic #9,u'amend', 1.4229494075071106e-05
Topic #9,u'tariff_act', 1.4229494074733444e-05
Topic #9,u'cosmetic_act', 1.4229491752896074e-05
Topic #9,u'drug', 1.4229491751423756e-05
Topic #9,u'district', 1.4229490855930069e-05
Topic #9,u'definition', 1.4229490224072049e-05
Topic #9,u'import', 1.4229490092379537e-05
Topic #10,u'amend', 1.4231842148363309e-05
Topic #10,u'tariff_act', 1.4231842147944621e-05
Topic #10,u'federal_food', 1.4231839826474997e-05
Topic #10,u'cosmetic_act', 1.4231839824781998e-05
Topic #10,u'drug', 1.4231839823179342e-05
Topic #10,u'district', 1.4231838924753862e-05
Topic #10,u'definition', 1.4231838305022548e-05
Topic #10,u'import', 1.4231838160916289e-05
Topic #10,u'act', 1.4231838057201711e-05
Topic #10,u'enforce', 1.4231838057201711e-05
Topic #1,u'amend', 1.4231842148358107e-05
Topic #1,u'tariff_act', 1.4231842148009561e-05
Topic #1,u'federal_food', 1.4231839826518287e-05
Topic #1,u'cosmetic_act', 1.4231839825952493e-05
Topic #1,u'drug', 1.4231839823183303e-05
Topic #1,u'district', 1.4231838924757821e-05
Topic #1,u'import', 1.4231838160920252e-05
Topic #1,u'officer', 1.4231838057205668e-05
Topic #1,u'enforce', 1.4231838057205668e-05
Topic #1,u'act', 1.4231838057205668e-05
Topic #3,u'amend', 1.4231842148356043e-05
Topic #3,u'tariff_act', 1.4231842148022548e-05
Topic #3,u'federal_food', 1.4231839826411139e-05
Topic #3,u'cosmetic_act', 1.4231839824783934e-05
Topic #3,u'drug', 1.4231839823181209e-05
Topic #3,u'district', 1.4231838924755312e-05
Topic #3,u'import', 1.4231838160918166e-05
Topic #3,u'definition', 1.4231838140519382e-05
Topic #3,u'officer', 1.4231838057203163e-05
Topic #3,u'act', 1.4231838057203163e-05
Topic #7,u'amend', 1.4231842148355212e-05
Topic #7,u'tariff_act', 1.4231842147945686e-05
Topic #7,u'federal_food', 1.4231839826410326e-05
Topic #7,u'cosmetic_act', 1.423183982478304e-05
Topic #7,u'drug', 1.4231839823180403e-05
Topic #7,u'district', 1.423183892475684e-05
Topic #7,u'definition', 1.4231838258168924e-05
Topic #7,u'import', 1.4231838160917361e-05
Topic #7,u'act', 1.4231838057204689e-05
Topic #7,u'enforce', 1.4231838057204689e-05
Topic #8,u'amend', 1.4231842148353656e-05
Topic #8,u'tariff_act', 1.4231842148289475e-05
Topic #8,u'federal_food', 1.423183982640874e-05
Topic #8,u'cosmetic_act', 1.4231839824781493e-05
Topic #8,u'drug', 1.4231839823178795e-05
Topic #8,u'district', 1.4231838924910084e-05
Topic #8,u'definition', 1.4231838391072834e-05
Topic #8,u'import', 1.4231838161230083e-05
Topic #8,u'officer', 1.4231838057200788e-05
Topic #8,u'enforce', 1.4231838057200788e-05
