TopicNo,Topic Words,Probability Score
Topic #5,u'sample', 0.00080681855470666705
Topic #5,u'custom', 0.00062940192534338853
Topic #5,u'collector', 0.00062940192534338853
Topic #5,u'article', 0.00062940192534338853
Topic #5,u'consignee', 0.00062940192534338853
Topic #5,u'owner', 0.00062940192534338853
Topic #5,u'district_director', 0.00059179001810849433
Topic #5,u'result', 0.00052383492130377506
Topic #5,u'examination', 0.00052383492130377506
Topic #5,u'distribute', 0.00052383492130377506
Topic #1,u'notice', 0.00076024175020282807
Topic #1,u'upon', 0.0001791686080344021
Topic #1,u'receipt', 0.0001791686080344021
Topic #1,u'sample', 3.1118321337844391e-05
Topic #1,u'hold', 1.4303581697175093e-05
Topic #1,u'result', 1.4303581697175093e-05
Topic #1,u'distribute', 1.4303581697175093e-05
Topic #1,u'examination', 1.4303581697175093e-05
Topic #1,u'district_director', 1.4217214136455749e-05
Topic #1,u'collector', 1.4216945438693936e-05
Topic #3,u'deliver', 0.00012044256958440184
Topic #3,u'intention', 0.00012044256958440184
Topic #3,u'receipt', 1.4228815589927078e-05
Topic #3,u'upon', 1.4228815589927078e-05
Topic #3,u'distribute', 1.4228814673562102e-05
Topic #3,u'examination', 1.4228814673562102e-05
Topic #3,u'hold', 1.4228814673562102e-05
Topic #3,u'result', 1.4228814673562102e-05
Topic #3,u'sample', 1.4228814521988762e-05
Topic #3,u'notice', 1.4228814422173862e-05
Topic #4,u'receipt', 1.4231838825468387e-05
Topic #4,u'upon', 1.4231838825468387e-05
Topic #4,u'intention', 1.4231838810862186e-05
Topic #4,u'deliver', 1.4231838810862186e-05
Topic #4,u'distribute', 1.4231837907895025e-05
Topic #4,u'examination', 1.4231837907895025e-05
Topic #4,u'hold', 1.4231837907895025e-05
Topic #4,u'result', 1.4231837907895025e-05
Topic #4,u'sample', 1.4231837755884758e-05
Topic #4,u'notice', 1.4231837656079101e-05
Topic #7,u'receipt', 1.4231838825465946e-05
Topic #7,u'upon', 1.4231838825465946e-05
Topic #7,u'intention', 1.4231838810862186e-05
Topic #7,u'deliver', 1.4231838810862186e-05
Topic #7,u'distribute', 1.4231837907895025e-05
Topic #7,u'examination', 1.4231837907895025e-05
Topic #7,u'hold', 1.4231837907895025e-05
Topic #7,u'result', 1.4231837907895025e-05
Topic #7,u'sample', 1.4231837755870617e-05
Topic #7,u'notice', 1.4231837656079137e-05
Topic #10,u'receipt', 1.4231838825465593e-05
Topic #10,u'upon', 1.4231838825465593e-05
Topic #10,u'intention', 1.4231838810862186e-05
Topic #10,u'deliver', 1.4231838810862186e-05
Topic #10,u'distribute', 1.4231837907895025e-05
Topic #10,u'examination', 1.4231837907895025e-05
Topic #10,u'hold', 1.4231837907895025e-05
Topic #10,u'result', 1.4231837907895025e-05
Topic #10,u'sample', 1.4231837755870582e-05
Topic #10,u'notice', 1.4231837656079101e-05
Topic #6,u'receipt', 1.423183882546498e-05
Topic #6,u'upon', 1.423183882546498e-05
Topic #6,u'intention', 1.4231838810862186e-05
Topic #6,u'deliver', 1.4231838810862186e-05
Topic #6,u'distribute', 1.4231837907895025e-05
Topic #6,u'examination', 1.4231837907895025e-05
Topic #6,u'hold', 1.4231837907895025e-05
Topic #6,u'result', 1.4231837907895025e-05
Topic #6,u'sample', 1.4231837755870587e-05
Topic #6,u'notice', 1.4231837656079108e-05
Topic #9,u'receipt', 1.4231838825464304e-05
Topic #9,u'upon', 1.4231838825464304e-05
Topic #9,u'intention', 1.4231838810862186e-05
Topic #9,u'deliver', 1.4231838810862186e-05
Topic #9,u'distribute', 1.4231837907895025e-05
Topic #9,u'examination', 1.4231837907895025e-05
Topic #9,u'hold', 1.4231837907895025e-05
Topic #9,u'result', 1.4231837907895025e-05
Topic #9,u'sample', 1.4231837755870582e-05
Topic #9,u'notice', 1.4231837656079101e-05
Topic #8,u'receipt', 1.423183882546428e-05
Topic #8,u'upon', 1.423183882546428e-05
Topic #8,u'intention', 1.4231838810862173e-05
Topic #8,u'deliver', 1.4231838810862173e-05
Topic #8,u'distribute', 1.423183790789501e-05
Topic #8,u'examination', 1.423183790789501e-05
Topic #8,u'hold', 1.423183790789501e-05
Topic #8,u'result', 1.423183790789501e-05
Topic #8,u'sample', 1.4231837756404782e-05
Topic #8,u'notice', 1.4231837656613303e-05
Topic #2,u'receipt', 1.4231838825464131e-05
Topic #2,u'upon', 1.4231838825464131e-05
Topic #2,u'intention', 1.4231838810862157e-05
Topic #2,u'deliver', 1.4231838810862157e-05
Topic #2,u'distribute', 1.4231837907894995e-05
Topic #2,u'examination', 1.4231837907894995e-05
Topic #2,u'hold', 1.4231837907894995e-05
Topic #2,u'result', 1.4231837907894995e-05
Topic #2,u'sample', 1.4231837755870551e-05
Topic #2,u'notice', 1.4231837656079072e-05
