TopicNo,Topic Words,Probability Score
Topic #5,u'application', 0.0016105119852080163
Topic #5,u'file', 0.0012054387350885845
Topic #5,u'testimony', 0.0002660037355564653
Topic #5,u'submit', 0.00026596437388305683
Topic #5,u'article', 0.0002521664050721682
Topic #5,u'support', 0.00016740802342600614
Topic #5,u'include_evidence', 0.00016740802342600614
Topic #5,u'prior', 0.00016731416419667213
Topic #5,u'confine', 0.00011274741017162663
Topic #5,u'matter_relevant', 0.00011274741017162663
Topic #8,u'specify', 0.00023173004848558166
Topic #8,u'owner', 0.0002178149482888404
Topic #8,u'district_director', 0.00020902781695023714
Topic #8,u'time_limit', 0.0001680482741695831
Topic #8,u'place', 0.00014153174068843978
Topic #8,u'time', 0.00014153174068843978
Topic #8,u'consignee', 0.00011886711834798278
Topic #8,u'give', 0.00011886711819354435
Topic #8,u'introduce_testimony', 7.7887592073293775e-05
Topic #8,u'period', 7.7887592073293775e-05
Topic #4,u'hear', 0.00020930266090414104
Topic #4,u'device', 0.00011334303431333646
Topic #4,u'refusal', 5.5265350749706488e-05
Topic #4,u'admission', 5.5265350591522854e-05
Topic #4,u'prior', 1.4320834186254601e-05
Topic #4,u'submit', 1.4227206119848734e-05
Topic #4,u'application', 1.4226754923799835e-05
Topic #4,u'file', 1.4226499561552562e-05
Topic #4,u'cosmetic', 1.4226488888874534e-05
Topic #4,u'drug', 1.4226485610026057e-05
Topic #6,u'cosmetic', 0.00016832982737480142
Topic #6,u'file', 1.422966282134393e-05
Topic #6,u'device', 1.422964886475138e-05
Topic #6,u'drug', 1.4229648862338207e-05
Topic #6,u'change', 1.4229646674475593e-05
Topic #6,u'time_limit', 1.4229645658014059e-05
Topic #6,u'write', 1.4229645652246457e-05
Topic #6,u'introduce_orally', 1.4229645652246457e-05
Topic #6,u'reasonable', 1.4229645651703534e-05
Topic #6,u'circumstance', 1.4229645651703534e-05
Topic #7,u'reasonable', 0.00016826134622985244
Topic #7,u'light', 0.00016826134622985244
Topic #7,u'circumstance', 0.00016826134622985244
Topic #7,u'drug', 0.00011332207556896159
Topic #7,u'file', 1.4223868868129826e-05
Topic #7,u'cosmetic', 1.4223858199356585e-05
Topic #7,u'device', 1.4223854931686466e-05
Topic #7,u'change', 1.4223852742264694e-05
Topic #7,u'time_limit', 1.4223851725868612e-05
Topic #7,u'write', 1.4223851720695507e-05
Topic #1,u'introduce_orally', 0.00011336325688885251
Topic #1,u'write', 0.00011336325688885251
Topic #1,u'file', 1.4229034223519361e-05
Topic #1,u'cosmetic', 1.4229023534609026e-05
Topic #1,u'device', 1.4229020268391204e-05
Topic #1,u'drug', 1.4229020265978114e-05
Topic #1,u'change', 1.4229018078208903e-05
Topic #1,u'time_limit', 1.4229017060513067e-05
Topic #1,u'circumstance', 1.4229017054204251e-05
Topic #1,u'reasonable', 1.4229017054204251e-05
Topic #10,u'change', 7.8025134428774711e-05
Topic #10,u'file', 1.4230948046938306e-05
Topic #10,u'cosmetic', 1.4230937355605284e-05
Topic #10,u'device', 1.4230934083318637e-05
Topic #10,u'drug', 1.4230934081114371e-05
Topic #10,u'time_limit', 1.423093087771893e-05
Topic #10,u'write', 1.4230930871594538e-05
Topic #10,u'introduce_orally', 1.4230930871594538e-05
Topic #10,u'circumstance', 1.4230930871408048e-05
Topic #10,u'reasonable', 1.4230930871408048e-05
Topic #2,u'state', 7.8020174304167469e-05
Topic #2,u'reason_therefor', 7.8020174304167469e-05
Topic #2,u'file', 1.423004025060615e-05
Topic #2,u'cosmetic', 1.4230029560201625e-05
Topic #2,u'device', 1.4230026287701019e-05
Topic #2,u'drug', 1.4230026285289716e-05
Topic #2,u'change', 1.4230024101065943e-05
Topic #2,u'time_limit', 1.4230023083834114e-05
Topic #2,u'light', 1.4230023079955984e-05
Topic #2,u'circumstance', 1.4230023079955984e-05
Topic #3,u'file', 1.4231855958611178e-05
Topic #3,u'cosmetic', 1.4231845266300185e-05
Topic #3,u'device', 1.4231841994322694e-05
Topic #3,u'drug', 1.4231841992039288e-05
Topic #3,u'change', 1.4231839803630735e-05
Topic #3,u'time_limit', 1.4231838786894981e-05
Topic #3,u'write', 1.4231838781149622e-05
Topic #3,u'introduce_orally', 1.4231838781149622e-05
Topic #3,u'reasonable', 1.4231838780583425e-05
Topic #3,u'circumstance', 1.4231838780583425e-05
Topic #9,u'file', 1.4231855958585366e-05
Topic #9,u'cosmetic', 1.4231845266323016e-05
Topic #9,u'device', 1.4231841994229398e-05
Topic #9,u'drug', 1.423184199181581e-05
Topic #9,u'change', 1.4231839803630769e-05
Topic #9,u'time_limit', 1.4231838786896007e-05
Topic #9,u'write', 1.4231838781150529e-05
Topic #9,u'introduce_orally', 1.4231838781150529e-05
Topic #9,u'reasonable', 1.4231838780584329e-05
Topic #9,u'circumstance', 1.4231838780584329e-05
