TopicNo,Topic Words,Probability Score
Topic #8,u'device', 0.00036075298986798591
Topic #8,u'cosmetic', 0.00036075298986798591
Topic #8,u'owner', 0.00011516516498395716
Topic #8,u'file', 0.00011516516498395716
Topic #8,u'consignee', 0.00011516516498395716
Topic #8,u'drug', 1.4217675663368734e-05
Topic #8,u'carry', 1.421766722344621e-05
Topic #8,u'specify', 1.421766722344621e-05
Topic #8,u'operation', 1.421766722344621e-05
Topic #8,u'time', 1.421766722344621e-05
Topic #5,u'drug', 0.00027234581246800521
Topic #5,u'carry', 0.00025955067673779877
Topic #5,u'place', 0.00025955067673779877
Topic #5,u'approximate_time', 0.00025955067673779877
Topic #5,u'completion', 0.00025955067673779877
Topic #5,u'specify', 0.00025955067673779877
Topic #5,u'operation', 0.00025955067673779877
Topic #5,u'time', 0.00025955067673779877
Topic #5,u'detail_proposals', 1.4203722784686157e-05
Topic #5,u'contain', 1.4203722784686157e-05
Topic #3,u'act', 0.00027216880563783725
Topic #3,u'bring', 0.00027216880563783725
Topic #3,u'article', 0.00027216880563783725
Topic #3,u'compliance', 0.00027216880563783725
Topic #3,u'render', 0.00027216880563783725
Topic #3,u'food', 0.00027216880563783725
Topic #3,u'relabel', 0.00017959499290005405
Topic #3,u'authorization', 0.00017959499146775684
Topic #3,u'application', 0.00017959499062987106
Topic #3,u'detail_proposals', 0.00017138585143295786
Topic #2,u'drug', 1.4231849349761875e-05
Topic #2,u'time', 1.4231840904620191e-05
Topic #2,u'completion', 1.4231840904620191e-05
Topic #2,u'carry', 1.4231840904620191e-05
Topic #2,u'operation', 1.4231840904620191e-05
Topic #2,u'specify', 1.4231840904620191e-05
Topic #2,u'place', 1.4231840904620191e-05
Topic #2,u'approximate_time', 1.4231840904620191e-05
Topic #2,u'contain', 1.4231838789948213e-05
Topic #2,u'detail_proposals', 1.4231838789948213e-05
Topic #7,u'drug', 1.4231849349574863e-05
Topic #7,u'time', 1.4231840907916045e-05
Topic #7,u'completion', 1.4231840907916045e-05
Topic #7,u'carry', 1.4231840907916045e-05
Topic #7,u'operation', 1.4231840907916045e-05
Topic #7,u'specify', 1.4231840907916045e-05
Topic #7,u'place', 1.4231840907916045e-05
Topic #7,u'approximate_time', 1.4231840907916045e-05
Topic #7,u'contain', 1.4231838789951089e-05
Topic #7,u'detail_proposals', 1.4231838789951089e-05
Topic #1,u'drug', 1.4231849349571455e-05
Topic #1,u'time', 1.4231840904621322e-05
Topic #1,u'completion', 1.4231840904621322e-05
Topic #1,u'carry', 1.4231840904621322e-05
Topic #1,u'operation', 1.4231840904621322e-05
Topic #1,u'specify', 1.4231840904621322e-05
Topic #1,u'place', 1.4231840904621322e-05
Topic #1,u'approximate_time', 1.4231840904621322e-05
Topic #1,u'contain', 1.4231838789951257e-05
Topic #1,u'detail_proposals', 1.4231838789951257e-05
Topic #6,u'drug', 1.4231849349567975e-05
Topic #6,u'time', 1.4231840904617855e-05
Topic #6,u'completion', 1.4231840904617855e-05
Topic #6,u'carry', 1.4231840904617855e-05
Topic #6,u'operation', 1.4231840904617855e-05
Topic #6,u'specify', 1.4231840904617855e-05
Topic #6,u'place', 1.4231840904617855e-05
Topic #6,u'approximate_time', 1.4231840904617855e-05
Topic #6,u'contain', 1.4231838789943605e-05
Topic #6,u'detail_proposals', 1.4231838789943605e-05
Topic #9,u'drug', 1.4231849349567538e-05
Topic #9,u'carry', 1.4231840904617421e-05
Topic #9,u'place', 1.4231840904617421e-05
Topic #9,u'completion', 1.4231840904617421e-05
Topic #9,u'approximate_time', 1.4231840904617421e-05
Topic #9,u'specify', 1.4231840904617421e-05
Topic #9,u'operation', 1.4231840904617421e-05
Topic #9,u'time', 1.4231840904617421e-05
Topic #9,u'detail_proposals', 1.4231838789943852e-05
Topic #9,u'contain', 1.4231838789943852e-05
Topic #4,u'drug', 1.4231849349566807e-05
Topic #4,u'time', 1.4231840904616692e-05
Topic #4,u'completion', 1.4231840904616692e-05
Topic #4,u'carry', 1.4231840904616692e-05
Topic #4,u'operation', 1.4231840904616692e-05
Topic #4,u'specify', 1.4231840904616692e-05
Topic #4,u'place', 1.4231840904616692e-05
Topic #4,u'approximate_time', 1.4231840904616692e-05
Topic #4,u'contain', 1.4231838789942195e-05
Topic #4,u'detail_proposals', 1.4231838789942195e-05
Topic #10,u'drug', 1.4231849349565173e-05
Topic #10,u'carry', 1.4231840904615066e-05
Topic #10,u'place', 1.4231840904615066e-05
Topic #10,u'completion', 1.4231840904615066e-05
Topic #10,u'approximate_time', 1.4231840904615066e-05
Topic #10,u'specify', 1.4231840904615066e-05
Topic #10,u'operation', 1.4231840904615066e-05
Topic #10,u'time', 1.4231840904615066e-05
Topic #10,u'detail_proposals', 1.4231838789941724e-05
Topic #10,u'contain', 1.4231838789941724e-05
