TopicNo,Topic Words,Probability Score
Topic #2,u'detention', 0.0065518298720104581
Topic #2,u'drug', 0.0056764566298647323
Topic #2,u'order', 0.0048384840811498608
Topic #2,u'paragraph', 0.0035184763726363345
Topic #2,u'detain_drug', 0.0026154848502774448
Topic #2,u'movement', 0.0021653333374163091
Topic #2,u'fda', 0.0021348473788352232
Topic #2,u'detention_period', 0.0019920438759350387
Topic #2,u'fda_representative', 0.0018936609198235226
Topic #2,u'request', 0.0018192347628455425
Topic #4,u'record', 0.0015441040435020153
Topic #4,u'person', 0.00082401929899909995
Topic #4,u'appropriate', 0.00032277590992779302
Topic #4,u'correlation', 0.0002584078853128714
Topic #4,u'change', 0.00025840788531285519
Topic #4,u'pack', 0.00025840765559888832
Topic #4,u'information_sought', 0.00025749014168384904
Topic #4,u'identify', 0.00025749014168384904
Topic #4,u'fullest_extent_practicable', 0.00025749014168384904
Topic #4,u'type', 0.00025749014168384904
Topic #1,u'adulterate', 0.0012472354817452552
Topic #1,u'misbranded', 0.0010031614517649254
Topic #1,u'recordkeeping', 0.00047986627487733776
Topic #1,u'calendar', 0.00039134974941518235
Topic #1,u'operator', 0.00038668129475031112
Topic #1,u'notice', 0.00035837170107066806
Topic #1,u'rather', 0.00027089163243633577
Topic #1,u'misbranded_drug', 0.00025816469445613058
Topic #1,u'action_involve', 0.00025816469445613058
Topic #1,u'warehouse', 0.00025816440712321466
Topic #8,u'whichever_occurs', 0.0011237528504955223
Topic #8,u'first', 0.0011237528454437888
Topic #8,u'move', 0.00086896775885960081
Topic #8,u'owner', 0.00055401319258682378
Topic #8,u'reason', 0.00045081270776134436
Topic #8,u'purpose', 0.00043687237450553828
Topic #8,u'case', 0.00032255027361231456
Topic #8,u'remove', 0.00025823181194044884
Topic #8,u'representative', 0.00025823181194044884
Topic #8,u'establish', 0.00025823158200529963
Topic #5,u'expires', 0.0011234791866917074
Topic #5,u'require', 0.00096697215080326611
Topic #5,u'district_director', 0.00059994105842662584
Topic #5,u'approve', 0.00050817477085553469
Topic #5,u'period', 0.0004871243695646074
Topic #5,u'seize', 0.00027907376492864019
Topic #5,u'district', 0.00027906781284424919
Topic #5,u'whose', 0.00027906781273515839
Topic #5,u'supervision', 0.00025817587381872303
Topic #5,u'year', 0.00025816689960026813
Topic #6,u'federal_food', 0.00079263887509643089
Topic #6,u'detention_termination', 0.00025966701214585636
Topic #6,u'feasible', 0.00011510781458601285
Topic #6,u'written_approval', 0.00011510781458601285
Topic #6,u'viii', 0.00011510772614714654
Topic #6,u'prior', 0.00011510709176890149
Topic #6,u'inspection', 7.8900545461631612e-05
Topic #6,u'otherwise_brought', 1.4683269541569681e-05
Topic #6,u'destroy', 1.4538000325833645e-05
Topic #6,u'compliance', 1.4537988174318323e-05
Topic #9,u'cosmetic_act', 0.00079030028976725096
Topic #9,u'soon', 0.0004289199178853118
Topic #9,u'agent', 0.00038799708671000284
Topic #9,u'charge', 0.00038799708445058406
Topic #9,u'factory', 0.0002591227666712177
Topic #9,u'purpose', 0.0002368370629009209
Topic #9,u'define', 0.00017941558083751601
Topic #9,u'readily_determine', 0.00014328634665211956
Topic #9,u'identity', 0.00014328634456267259
Topic #9,u'general', 0.00013747586813277451
Topic #10,u'terminate', 0.00072594456551510508
Topic #10,u'process', 0.00049733386911729916
Topic #10,u'calendar_day', 0.00046538362323189013
Topic #10,u'include', 0.00042455289878975852
Topic #10,u'follow_information', 0.00017949765060540061
Topic #10,u'last', 0.00017129762842102396
Topic #10,u'sentence', 0.00017129762842102396
Topic #10,u'exceed', 0.00014200347942502526
Topic #10,u'additional', 0.00013471955376620837
Topic #10,u'appeal_includes', 0.00011487538820052392
Topic #7,u'issuance', 0.00067030175352688801
Topic #7,u'protect', 0.00032406200814240387
Topic #7,u'shorter', 0.00025952931580723766
Topic #7,u'need', 0.00023609079301832993
Topic #7,u'text', 0.00011504281288506543
Topic #7,u'evaluate', 7.8856948467461856e-05
Topic #7,u'legal_action', 7.8856947428804238e-05
Topic #7,u'inspection', 7.8854564890957335e-05
Topic #7,u'drug_encounter', 7.8853672568268004e-05
Topic #7,u'prevent_distribution', 7.8853672022473543e-05
Topic #3,u'initiate_legal_action', 0.00032407377609243438
Topic #3,u'recordkeeping_requirement', 0.00025944388841337318
Topic #3,u'responsible_individual', 0.0002535316031202247
Topic #3,u'extends', 0.00017142737449847478
Topic #3,u'make', 0.00017142704310858727
Topic #3,u'beyond', 0.00017142704310858727
Topic #3,u'day_period', 0.00017142704310858727
Topic #3,u'otherwise_applicable', 0.00017142704310858727
Topic #3,u'regional_food', 0.00017142701544662009
Topic #3,u'drug_director', 0.00017142697915586204
