TopicNo,Topic Words,Probability Score
Topic #9,u'hour', 0.0070309610622420107
Topic #9,u'disregard_fractional', 0.0020757211097910217
Topic #9,u'part', 0.0020757211097910217
Topic #9,u'time', 0.0020740723939759913
Topic #9,u'first', 0.0020740723939759913
Topic #9,u'multiple', 0.0020740723939759913
Topic #9,u'work', 0.0011402240206693614
Topic #9,u'annual', 0.00075041838417139542
Topic #9,u'number', 0.00069814412264079979
Topic #9,u'gross', 0.00045585664603648958
Topic #8,u'compute', 0.0024807808152002707
Topic #8,u'equivalent', 0.00055995870056319247
Topic #8,u'per', 0.00027448664121003304
Topic #8,u'year', 0.00026036382150502064
Topic #8,u'day', 0.00026032135290289375
Topic #8,u'supervise_officer', 0.00025176977885469037
Topic #8,u'hourly_rate', 0.00023457470798463002
Topic #8,u'regular_pay', 0.00023457470798463002
Topic #8,u'rate', 0.00023457470798463002
Topic #8,u'percent', 0.00023457470798463002
Topic #5,u'food', 0.00035561448119479096
Topic #5,u'veteran_day', 0.00016491358776147337
Topic #5,u'memorial_day', 0.00011116567602412101
Topic #5,u'columbus_day', 0.00011116567602231411
Topic #5,u'laboratory_support', 7.6596158255914812e-05
Topic #5,u'include_administrative', 7.6596158255914812e-05
Topic #5,u'cost', 5.4358326256493444e-05
Topic #5,u'connection', 5.4358083014893459e-05
Topic #5,u'relabeling', 5.4358082955162938e-05
Topic #5,u'import', 5.4358082851267232e-05
Topic #6,u'employee', 0.00032446262443223365
Topic #6,u'include_administrative_support', 7.6651296637973782e-05
Topic #6,u'pay', 1.4285631434700489e-05
Topic #6,u'annual_rate', 1.4285631434700489e-05
Topic #6,u'annual', 1.4254932981655994e-05
Topic #6,u'equivalent', 1.4228670146547836e-05
Topic #6,u'work', 1.4226729687526945e-05
Topic #6,u'hour', 1.4226574666147167e-05
Topic #6,u'disregard_fractional', 1.4226551827198561e-05
Topic #6,u'part', 1.4226551827198561e-05
Topic #7,u'analyst', 0.00032403569764237982
Topic #7,u'service', 0.00028945045984179378
Topic #7,u'charge', 0.00028945045984179378
Topic #7,u'amend', 0.00017900343239332945
Topic #7,u'life_insurance', 0.0001648082925931372
Topic #7,u'note', 0.00016480829258527769
Topic #7,u'minimum_charge', 0.00016476771968196554
Topic #7,u'supervise_officers', 0.00016476771968196554
Topic #7,u'stat', 7.6547235552232678e-05
Topic #7,u'device', 5.4323330331074995e-05
Topic #4,u'week', 0.00026201069588210549
Topic #4,u'recondition', 5.4388696564860556e-05
Topic #4,u'inadmissible', 5.4388696558141782e-05
Topic #4,u'cost_chargeable', 5.4388696524072212e-05
Topic #4,u'pursuant', 5.4388683138916693e-05
Topic #4,u'relabeling', 5.4388664745444442e-05
Topic #4,u'connection', 5.4388664595763034e-05
Topic #4,u'import', 5.4388664591795565e-05
Topic #4,u'disregard_fractional', 1.4224329850107519e-05
Topic #4,u'part', 1.4224329850107519e-05
Topic #2,u'pct', 0.00016497496521162991
Topic #2,u'independence_day', 0.00011121048481698671
Topic #2,u'drug', 9.4522602612302941e-05
Topic #2,u'action', 5.4380003955037237e-05
Topic #2,u'bond', 5.4379961788477828e-05
Topic #2,u'executes', 5.4379961756123874e-05
Topic #2,u'paid', 5.4379961755222251e-05
Topic #2,u'consignee', 5.437996173201388e-05
Topic #2,u'application_request', 5.4379961728410202e-05
Topic #2,u'cosmetic_act', 5.437996172323744e-05
Topic #3,u'man', 0.00016496788391766163
Topic #3,u'support', 0.00016496788391766163
Topic #3,u'require', 0.00016496788391766163
Topic #3,u'equal', 0.00016496788391766163
Topic #3,u'fails', 5.4375925531261088e-05
Topic #3,u'comply', 5.4375925503359572e-05
Topic #3,u'federal_food', 5.4375925500576134e-05
Topic #3,u'cosmetic', 5.4375925472227784e-05
Topic #3,u'part', 1.4220990040538484e-05
Topic #3,u'disregard_fractional', 1.4220990040538484e-05
Topic #1,u'provide', 0.00011682682847506687
Topic #1,u'labor_day', 0.00011125117404078342
Topic #1,u'calculate', 5.7422281741031587e-05
Topic #1,u'law', 5.4399853114441312e-05
Topic #1,u'travel_expense', 5.4376663518546302e-05
Topic #1,u'supervise_officer', 1.4835917133539865e-05
Topic #1,u'charge', 1.4264082385211111e-05
Topic #1,u'service', 1.4264082385211111e-05
Topic #1,u'drug', 1.4242517999944821e-05
Topic #1,u'act', 1.4228700916470911e-05
Topic #10,u'include', 5.4410918336168932e-05
Topic #10,u'supervision', 5.441091825243402e-05
Topic #10,u'cost', 5.4410643346482738e-05
Topic #10,u'disregard_fractional', 1.4230142080492746e-05
Topic #10,u'part', 1.4230142080492746e-05
Topic #10,u'pct', 1.4230131860153614e-05
Topic #10,u'multiple', 1.4230131578614379e-05
Topic #10,u'time', 1.4230131578614379e-05
Topic #10,u'first', 1.4230131578614379e-05
Topic #10,u'thanksgiving_day', 1.4230129713169782e-05
