TopicNo,Topic Words,Probability Score
Topic #2,u'hear', 0.00050396879827003692
Topic #2,u'participant', 0.00041607747700797689
Topic #2,u'modify', 0.00025907319344971883
Topic #2,u'public_hear', 0.00025907319344971883
Topic #2,u'advance', 0.00025907319344971883
Topic #2,u'announcement', 0.00025907319344971883
Topic #2,u'provision', 0.00025907319344971883
Topic #2,u'part', 0.00025907319344971883
Topic #2,u'applicable', 0.00025907319344971883
Topic #2,u'notice', 0.00025907319344971883
Topic #10,u'action', 0.00025987273806507457
Topic #10,u'accordance', 0.00025987273806507457
Topic #10,u'law', 0.00025987273806507457
Topic #10,u'suspend', 1.4221373597344721e-05
Topic #10,u'waive', 1.42213735969306e-05
Topic #10,u'suspension', 1.422136167161716e-05
Topic #10,u'thereby', 1.4221356239651949e-05
Topic #10,u'serve', 1.4221356239651949e-05
Topic #10,u'end', 1.4221356239651949e-05
Topic #10,u'justice', 1.4221356239651949e-05
Topic #5,u'justice', 0.000259782717696686
Topic #5,u'end', 0.000259782717696686
Topic #5,u'thereby', 0.000259782717696686
Topic #5,u'serve', 0.000259782717696686
Topic #5,u'suspension', 0.0001151549996800749
Topic #5,u'suspend', 1.4216445810946923e-05
Topic #5,u'waive', 1.421644581059919e-05
Topic #5,u'action', 1.4216431448564947e-05
Topic #5,u'law', 1.4216431448564947e-05
Topic #5,u'accordance', 1.4216431448564947e-05
Topic #3,u'waive', 0.00017180957145205111
Topic #3,u'suspend', 1.4229619170976096e-05
Topic #3,u'suspension', 1.4229607238372165e-05
Topic #3,u'action', 1.4229604783277649e-05
Topic #3,u'law', 1.4229604783277649e-05
Topic #3,u'accordance', 1.4229604783277649e-05
Topic #3,u'serve', 1.4229601800431725e-05
Topic #3,u'thereby', 1.4229601800431725e-05
Topic #3,u'end', 1.4229601800431725e-05
Topic #3,u'justice', 1.4229601800431725e-05
Topic #9,u'suspend', 0.00017180957143574267
Topic #9,u'waive', 1.4229619170557879e-05
Topic #9,u'suspension', 1.4229607238362379e-05
Topic #9,u'action', 1.4229604783267903e-05
Topic #9,u'law', 1.4229604783267903e-05
Topic #9,u'accordance', 1.4229604783267903e-05
Topic #9,u'serve', 1.4229601800421982e-05
Topic #9,u'thereby', 1.4229601800421982e-05
Topic #9,u'end', 1.4229601800421982e-05
Topic #9,u'justice', 1.4229601800421982e-05
Topic #1,u'modification', 0.00011525664973289715
Topic #1,u'procedural_requirement', 0.00011525664973289715
Topic #1,u'suspend', 1.4228986183094129e-05
Topic #1,u'waive', 1.4228986182696442e-05
Topic #1,u'suspension', 1.4228974270928566e-05
Topic #1,u'action', 1.4228971816694202e-05
Topic #1,u'law', 1.4228971816694202e-05
Topic #1,u'accordance', 1.4228971816694202e-05
Topic #1,u'end', 1.4228968833139736e-05
Topic #1,u'justice', 1.4228968833139736e-05
Topic #6,u'commissioner', 0.00011525664973278039
Topic #6,u'preside_officer', 0.00011525664973278039
Topic #6,u'suspend', 1.4228986183085672e-05
Topic #6,u'waive', 1.4228986182683335e-05
Topic #6,u'suspension', 1.4228974270915283e-05
Topic #6,u'action', 1.4228971815798424e-05
Topic #6,u'law', 1.4228971815798424e-05
Topic #6,u'accordance', 1.4228971815798424e-05
Topic #6,u'thereby', 1.4228968833126485e-05
Topic #6,u'serve', 1.4228968833126485e-05
Topic #8,u'waiver', 7.9014289458070305e-05
Topic #8,u'suspend', 1.4230939851412373e-05
Topic #8,u'waive', 1.4230939838621278e-05
Topic #8,u'suspension', 1.4230927898175416e-05
Topic #8,u'action', 1.4230925452834198e-05
Topic #8,u'law', 1.4230925452834198e-05
Topic #8,u'accordance', 1.4230925452834198e-05
Topic #8,u'thereby', 1.4230922468951641e-05
Topic #8,u'justice', 1.4230922468951641e-05
Topic #8,u'end', 1.4230922468951641e-05
Topic #7,u'suspend', 1.4231861827380379e-05
Topic #7,u'waive', 1.423186182677024e-05
Topic #7,u'suspension', 1.423184989678564e-05
Topic #7,u'action', 1.4231847440669135e-05
Topic #7,u'law', 1.4231847440669135e-05
Topic #7,u'accordance', 1.4231847440669135e-05
Topic #7,u'serve', 1.423184445637894e-05
Topic #7,u'thereby', 1.423184445637894e-05
Topic #7,u'end', 1.423184445637894e-05
Topic #7,u'justice', 1.423184445637894e-05
Topic #4,u'suspend', 1.4231861827161488e-05
Topic #4,u'waive', 1.4231861826751702e-05
Topic #4,u'suspension', 1.4231849892684029e-05
Topic #4,u'action', 1.4231847440650614e-05
Topic #4,u'law', 1.4231847440650614e-05
Topic #4,u'accordance', 1.4231847440650614e-05
Topic #4,u'serve', 1.4231844456360419e-05
Topic #4,u'thereby', 1.4231844456360419e-05
Topic #4,u'end', 1.4231844456360419e-05
Topic #4,u'justice', 1.4231844456360419e-05
