TopicNo,Topic Words,Probability Score
Topic #7,u'fda', 0.0050972060827151203
Topic #7,u'guidance_documents', 0.0028672379681744377
Topic #7,u'issue', 0.0024377991333906445
Topic #7,u'paragraph', 0.0019005717780153422
Topic #7,u'revise', 0.0013926223507744523
Topic #7,u'guidance_document', 0.0013462944136300272
Topic #7,u'publish', 0.00070021843692302018
Topic #7,u'federal_register', 0.00070021736123454341
Topic #7,u'available', 0.00069450142651638095
Topic #7,u'notice', 0.00036325851988725926
Topic #8,u'guidance_document', 0.0031852215353660308
Topic #8,u'issuance', 0.0017484629690609316
Topic #8,u'guidance_documents', 0.0016634255180821935
Topic #8,u'level', 0.0013751800304338615
Topic #8,u'include', 0.0013571061643935598
Topic #8,u'follow', 0.0010138253671562567
Topic #8,u'ggp', 0.00086012753998050988
Topic #8,u'development', 0.00080482587881922541
Topic #8,u'someone', 0.0007305465963498084
Topic #8,u'withdrawn', 0.00059231057970736281
Topic #3,u'comment', 0.0026127751785796622
Topic #3,u'document', 0.0024439008641543515
Topic #3,u'guidance_document', 0.0016063602904892811
Topic #3,u'internet', 0.0012472350417644081
Topic #3,u'make', 0.0010941842120625455
Topic #3,u'procedure', 0.00081603569826325386
Topic #3,u'hard_copy', 0.00075727497419670947
Topic #3,u'review', 0.00075314504873293337
Topic #3,u'available', 0.000732408944380283
Topic #3,u'submit', 0.00067156399358803045
Topic #5,u'center', 0.0012409896755609974
Topic #5,u'office', 0.0012396941224902328
Topic #5,u'contact', 0.00059938129395567714
Topic #5,u'list', 0.00050008842287964633
Topic #5,u'comprehensive_list', 0.00049918419972590049
Topic #5,u'resolve', 0.00043645790247509705
Topic #5,u'identify', 0.00041265100973193319
Topic #5,u'activity', 0.00035663323978256519
Topic #5,u'chief_mediator', 0.00025694101029670241
Topic #5,u'become', 0.00025694101029670241
Topic #2,u'appropriate', 0.0012333884765523022
Topic #2,u'lane', 0.00027201673447272264
Topic #2,u'fisher', 0.00027201673447272264
Topic #2,u'rockville', 0.00027201666682475517
Topic #2,u'hfa', 0.00027201666681092427
Topic #2,u'harmonisation', 0.00025923693576941333
Topic #2,u'international_conference', 0.00025923693576941333
Topic #2,u'guidance_result', 0.00025923693576941333
Topic #2,u'complex', 7.8762687440637878e-05
Topic #2,u'scientific_issue', 7.8762687308453223e-05
Topic #6,u'agency', 0.00093558109652046599
Topic #6,u'regulation', 0.00054561865610193688
Topic #6,u'describe', 0.00032359667572840714
Topic #6,u'guidance_document_relate', 0.00024899395137510866
Topic #6,u'change_statute', 0.00024899395137510866
Topic #6,u'train_regard', 0.00024885510854785606
Topic #6,u'application', 0.00024885510854785606
Topic #6,u'exists', 0.00017113812964022703
Topic #6,u'relevant_statutes', 0.00010891214550772489
Topic #6,u'alternative_approach', 0.00010891200979674153
Topic #4,u'list', 0.00070420010229549162
Topic #4,u'exist', 0.00060389391228738191
Topic #4,u'fda_revise', 0.0003593333608061015
Topic #4,u'next', 0.00035933334865582018
Topic #4,u'revision', 0.00035929186787871624
Topic #4,u'guidance_document', 0.00033780431871252516
Topic #4,u'implement', 0.00027150948696366532
Topic #4,u'contact', 0.00025905921732207832
Topic #4,u'supervisor', 0.00025878938125476104
Topic #4,u'highest', 0.00025878366636905695
Topic #10,u'ensure', 0.00056987318807852415
Topic #10,u'case', 0.00017162417456505175
Topic #10,u'term', 7.8921729388157293e-05
Topic #10,u'special_mean', 7.8921729172734737e-05
Topic #10,u'speech', 7.8921711652445956e-05
Topic #10,u'press_material', 7.8921704788017483e-05
Topic #10,u'will', 7.8915509595346578e-05
Topic #10,u'complies', 7.8915508897055571e-05
Topic #10,u'discus', 7.891550862687983e-05
Topic #10,u'alternative_approach', 4.8660422840826878e-05
Topic #9,u'fda', 0.00053838679457668859
Topic #9,u'change', 0.00042310737474151553
Topic #9,u'feasible', 0.00041460433643931575
Topic #9,u'information', 0.00032275528344725865
Topic #9,u'regulatory_requirement', 0.00032275328238936716
Topic #9,u'statutory', 0.00032275328154884479
Topic #9,u'seek', 0.00027101736077736433
Topic #9,u'word', 0.00025744451554117492
Topic #9,u'obtain_copy', 0.00022648086921603599
Topic #9,u'workshop', 0.00021466394479468693
Topic #1,u'new', 0.00052595672634004166
Topic #1,u'version', 0.00032842749271836839
Topic #1,u'development', 0.00029619396340078828
Topic #1,u'fda_employee_involve', 0.00025927196327087858
Topic #1,u'current', 0.00025927196327087858
Topic #1,u'vii', 0.00025927164699195837
Topic #1,u'good', 0.00020795902758301071
Topic #1,u'guidance_practice', 0.00020795902004101021
Topic #1,u'place', 0.00017130535356851804
Topic #1,u'area', 0.0001149172798301728
