TopicNo,Topic Words,Probability Score
Topic #3,u'proceeding', 0.0068658171200136802
Topic #3,u'record', 0.0067633910370255646
Topic #3,u'opportunity', 0.0064512214865253851
Topic #3,u'preside_officer', 0.0016590224579304275
Topic #3,u'proceed', 0.0015723450587410944
Topic #3,u'appeal', 0.00067688412461514751
Topic #3,u'deputy_commissioner', 0.00065656158391182021
Topic #3,u'paragraph', 0.00049130773007969447
Topic #3,u'made', 0.00045036570681533726
Topic #3,u'associate_commissioner', 0.00044197319901322524
Topic #1,u'interest', 0.00070575405024158038
Topic #1,u'additional_restriction', 0.00058608958651389716
Topic #1,u'impose', 0.00048601541219097489
Topic #1,u'possible', 0.0004084900884976573
Topic #1,u'witness', 0.00039262907125852124
Topic #1,u'substantial_threat', 0.00026830164844243541
Topic #1,u'circumstance', 0.00025586921973304506
Topic #1,u'guideline', 0.00022211817428350602
Topic #1,u'course', 0.00017414288524968
Topic #1,u'state', 0.000169705738135964
Topic #4,u'electronic_medium', 0.00064605934219621672
Topic #4,u'public', 0.00033501546818782578
Topic #4,u'coverage', 0.00029577059826593077
Topic #4,u'agency_proceeds', 0.00025647792414177175
Topic #4,u'outweigh', 0.00025647792414177175
Topic #4,u'public_proceeding', 0.0002226665250452486
Topic #4,u'presumption', 0.0002226665250452486
Topic #4,u'clear', 0.00022266432808191859
Topic #4,u'agency', 0.0002057103743786098
Topic #4,u'advance_notice', 0.00019280694825398652
Topic #7,u'agency', 0.00062135703046030627
Topic #7,u'telephone', 0.00024010419080794143
Topic #7,u'hour', 0.00024010294687664584
Topic #7,u'observe', 0.00022255746142090538
Topic #7,u'write', 0.00020081351579524079
Topic #7,u'determine', 0.00017000532585825857
Topic #7,u'determines', 0.00016158584662074438
Topic #7,u'portion', 0.00016158584658217229
Topic #7,u'public_proceed', 0.0001615838835148743
Topic #7,u'fact', 0.0001608517343640361
Topic #9,u'absence', 0.00045756271042369492
Topic #9,u'unavailability', 0.00016206930799671069
Topic #9,u'describe', 0.00014872358994148332
Topic #9,u'deputy_commissioner', 8.1797206466778776e-05
Topic #9,u'product_available', 7.5420968438516927e-05
Topic #9,u'nonpool_participant', 7.5420968438516927e-05
Topic #9,u'cost', 7.5420968438516927e-05
Topic #9,u'like', 7.5420964056298624e-05
Topic #9,u'camera', 7.5415750758218067e-05
Topic #9,u'rockville', 5.3600956664247571e-05
Topic #10,u'require', 0.00034877623772224941
Topic #10,u'whether', 0.00029618420991238544
Topic #10,u'decision', 0.00025685518719805313
Topic #10,u'one', 0.00023132605788257071
Topic #10,u'follow_factor', 0.00020211188681392797
Topic #10,u'set_forth', 0.00020108995528505077
Topic #10,u'become', 0.00017031780240864088
Topic #10,u'necessary', 0.00017031780240864088
Topic #10,u'medium', 0.00014852475155554352
Topic #10,u'justify', 0.00010919323750042075
Topic #8,u'hear', 0.00028415902009587795
Topic #8,u'provide', 0.00018805827768676308
Topic #8,u'additional_requirement', 0.00014608535782907383
Topic #8,u'additional', 0.00010919995399899281
Topic #8,u'written_copy', 0.00010919995399899281
Topic #8,u'condition_impose', 0.00010919995399899281
Topic #8,u'room', 7.541120251790128e-05
Topic #8,u'limit', 7.541120251790128e-05
Topic #8,u'space', 7.541120251790128e-05
Topic #8,u'etc', 7.5411179055215181e-05
Topic #5,u'responsibility', 0.00022307827778803748
Topic #5,u'testimony', 0.00020334647548337449
Topic #5,u'food', 0.000201109663270704
Topic #5,u'hear_includes', 0.00016192790586848425
Topic #5,u'source', 0.00016192790586848425
Topic #5,u'conduct', 0.00016192790586848425
Topic #5,u'remove', 0.00016192790586848425
Topic #5,u'substantial_disruption', 0.00016192790586848425
Topic #5,u'right', 0.00016192790586848425
Topic #5,u'duty', 0.00016192790586848425
Topic #2,u'videotape', 0.00011489123475269945
Topic #2,u'particular_circumstance', 0.00010940203325271061
Topic #2,u'narrowly_drawn', 0.00010940203325271061
Topic #2,u'microphone', 7.5476494024316376e-05
Topic #2,u'record_portion', 6.4936654444322441e-05
Topic #2,u'fda', 5.3635948104552587e-05
Topic #2,u'administrative_proceed', 5.3635948014581046e-05
Topic #2,u'person_intend', 5.3635737666597609e-05
Topic #2,u'additional_restriction', 1.4674922345207542e-05
Topic #2,u'public', 1.4258453303225742e-05
Topic #6,u'witness', 1.4301724161023411e-05
Topic #6,u'opportunity', 1.4231911473932583e-05
Topic #6,u'absence', 1.423184910733742e-05
Topic #6,u'deputy_commissioner', 1.4231844887458818e-05
Topic #6,u'reporter', 1.4231844257160572e-05
Topic #6,u'testimony', 1.4231841238378109e-05
Topic #6,u'additional_requirement', 1.4231840662665853e-05
Topic #6,u'public_proceed', 1.4231839950133169e-05
Topic #6,u'associate_commissioner', 1.4231839756792867e-05
Topic #6,u'regulatory_affair', 1.4231839756792867e-05
