TopicNo,Topic Words,Probability Score
Topic #10,u'guideline', 0.0026806649853764008
Topic #10,u'establish', 0.0026074249977461775
Topic #10,u'limit', 0.0025463064041402182
Topic #10,u'electronic_coverage', 0.002485227402535276
Topic #10,u'restriction', 0.0024164962826597881
Topic #10,u'take', 0.00037032598145680283
Topic #10,u'preside_officer', 0.00033378339296966287
Topic #10,u'discretion', 0.00022274669767573867
Topic #10,u'timely_conduct', 0.00022274528870266759
Topic #10,u'hear', 0.00017554612573470141
Topic #4,u'public', 0.002664775004288166
Topic #4,u'administrative_proceeding', 0.0025037193539879936
Topic #4,u'proceed', 0.00088698514595494623
Topic #4,u'agency', 0.00078692931573586824
Topic #4,u'arrangement', 0.00041284964153641196
Topic #4,u'make', 0.00040988457908911841
Topic #4,u'record', 0.00036003248272882814
Topic #4,u'need', 0.00030928829993726454
Topic #4,u'respond', 0.00030928829993726454
Topic #4,u'permit', 0.00030908048226383671
Topic #2,u'possible', 0.0026417345433953354
Topic #2,u'whenever', 0.0024525642362990597
Topic #2,u'possibility', 0.0001635259799439411
Topic #2,u'accommodate', 0.0001635259799439411
Topic #2,u'party_intending', 0.00016058166780021554
Topic #2,u'much', 0.00016058166780021554
Topic #2,u'agency_recommends', 0.00016058166780021554
Topic #2,u'videotape_provide', 0.00016058166780021554
Topic #2,u'wherever', 5.393727041509013e-05
Topic #2,u'advance_notice', 1.4161837471947082e-05
Topic #6,u'subject', 0.0025174604737220061
Topic #6,u'electronic_medium', 0.00047696764311359684
Topic #6,u'advance_notice', 0.00041502751444076667
Topic #6,u'coverage', 0.0002397386859087054
Topic #6,u'network_reporter', 0.00016373944953144881
Topic #6,u'one', 0.00016373944216646499
Topic #6,u'present', 0.00015019508652516086
Topic #6,u'certain', 0.00011592246690144569
Topic #6,u'witness', 7.6080087530226614e-05
Topic #6,u'limit_availability', 7.6080087530226614e-05
Topic #9,u'proceed', 0.0012084645232260638
Topic #9,u'interest', 0.00034264402616107756
Topic #9,u'commencement', 0.00025991127210502285
Topic #9,u'representative', 0.00024915913200876789
Topic #9,u'medium_representative', 0.00019364161036153785
Topic #9,u'equipment', 0.00017288845164539388
Topic #9,u'facsimile', 0.00016371903789699251
Topic #9,u'progress', 0.00016365927570080951
Topic #9,u'stationary', 0.00016365927570080951
Topic #9,u'taken', 0.00016365927570080951
Topic #8,u'preside_officer', 0.00065914879013171735
Topic #8,u'set', 0.00041005419709686593
Topic #8,u'might', 0.00026889082363034712
Topic #8,u'require', 0.00023435245248288724
Topic #8,u'restrictive', 0.00022596979100225951
Topic #8,u'cannot', 0.00017254472753577111
Topic #8,u'appropriate', 0.00016396821845899987
Topic #8,u'anticipate', 0.00012799286114291073
Topic #8,u'responsibility', 0.0001160640061465499
Topic #8,u'continue_record', 0.00011054627716135528
Topic #3,u'allow', 0.00045922642238203324
Topic #3,u'full', 0.00020415169657178516
Topic #3,u'one', 0.00016420265207072287
Topic #3,u'independent_reporter', 0.00016420263776960672
Topic #3,u'note_previously', 0.00016420259177436951
Topic #3,u'commitment', 0.00011883314978994564
Topic #3,u'disassemble_equipment', 0.00011070430858229348
Topic #3,u'network_representative', 0.00011070430858229348
Topic #3,u'share', 0.00011061902945446726
Topic #3,u'made', 0.000110618887909737
Topic #7,u'fda', 0.0003408724912467523
Topic #7,u'time', 0.00026089560861400238
Topic #7,u'policy', 0.00011634234761425543
Topic #7,u'openness', 0.0001163405934929631
Topic #7,u'part', 7.6359994039331688e-05
Topic #7,u'establish_elsewhere', 7.6359994039331688e-05
Topic #7,u'year', 5.4206388494999756e-05
Topic #7,u'willingly_commit', 5.4206388333742159e-05
Topic #7,u'many', 5.4206293955329678e-05
Topic #7,u'procedure', 1.7105410653145975e-05
Topic #1,u'space', 0.00011084822201513435
Topic #1,u'limitation', 0.00011084822201513435
Topic #1,u'multitude', 0.00011084822201513435
Topic #1,u'camera', 0.00011084822201513435
Topic #1,u'preclude', 0.00011084822201513435
Topic #1,u'case', 0.00011084818095126773
Topic #1,u'whenever', 1.42236244854552e-05
Topic #1,u'restriction', 1.4223595025420445e-05
Topic #1,u'note_previously', 1.4223594343779261e-05
Topic #1,u'one', 1.4223592671271754e-05
Topic #5,u'necessary', 7.6424504569942372e-05
Topic #5,u'depart', 7.6424504569942372e-05
Topic #5,u'particular_situation', 7.6424221902652529e-05
Topic #5,u'sought', 1.455049953803993e-05
Topic #5,u'fda', 1.424682441229585e-05
Topic #5,u'whenever', 1.4229215121066452e-05
Topic #5,u'restriction', 1.4229185629488813e-05
Topic #5,u'note_previously', 1.422918495177228e-05
Topic #5,u'one', 1.4229183276453135e-05
Topic #5,u'pool_system', 1.422918178571315e-05
