TopicNo,Topic Words,Probability Score
Topic #2,u'taken', 0.00075475100700873291
Topic #2,u'official_reporter', 0.00075475100700873291
Topic #2,u'impose', 1.4210761633488338e-05
Topic #2,u'exceptional_circumstance', 1.4210761633488338e-05
Topic #2,u'proceed', 1.4210761320135123e-05
Topic #2,u'official_record', 1.4210761320135123e-05
Topic #2,u'written_transcript', 1.4210760300539357e-05
Topic #2,u'list', 1.4210760296619363e-05
Topic #2,u'restriction', 1.4210760296619363e-05
Topic #2,u'whenever', 1.4210760293636746e-05
Topic #3,u'public', 0.0003827115151261989
Topic #3,u'fda', 0.00027481766954937233
Topic #3,u'administrative_proceed', 0.00023843664530254178
Topic #3,u'agency', 0.00018187227296190291
Topic #3,u'proceed', 0.00017278896621073674
Topic #3,u'official_record', 0.00017278896621073674
Topic #3,u'videotape_record', 0.00017278801120480206
Topic #3,u'administrative_proceeding', 0.00015846886241297994
Topic #3,u'open', 0.00014549124554436431
Topic #3,u'electronic_medium', 0.00012208783764568792
Topic #5,u'written_transcript', 0.00017316604632440486
Topic #5,u'proceed', 0.00017316509242158826
Topic #5,u'official_record', 0.00017316509242158826
Topic #5,u'taken', 1.4225062826802061e-05
Topic #5,u'official_reporter', 1.4225062826802061e-05
Topic #5,u'impose', 1.4225054093221332e-05
Topic #5,u'exceptional_circumstance', 1.4225054093221332e-05
Topic #5,u'list', 1.4225052754414178e-05
Topic #5,u'restriction', 1.4225052754414178e-05
Topic #5,u'whenever', 1.4225052751913752e-05
Topic #6,u'exceptional_circumstance', 0.00017312397499258527
Topic #6,u'impose', 0.00017312397499258527
Topic #6,u'list', 0.00011644962479921468
Topic #6,u'restriction', 0.00011644962479921468
Topic #6,u'procedure_specify', 7.9997869688672722e-05
Topic #6,u'guideline', 7.9997869688672722e-05
Topic #6,u'subject', 7.9997869688672722e-05
Topic #6,u'official_reporter', 1.4221607777868798e-05
Topic #6,u'taken', 1.4221607777868798e-05
Topic #6,u'proceed', 1.4221598732271837e-05
Topic #8,u'possible', 0.00011650964285259936
Topic #8,u'whenever', 0.00011650964285259936
Topic #8,u'taken', 1.4228937591750937e-05
Topic #8,u'official_reporter', 1.4228937591750937e-05
Topic #8,u'exceptional_circumstance', 1.4228928846634644e-05
Topic #8,u'impose', 1.4228928846634644e-05
Topic #8,u'official_record', 1.4228928532826174e-05
Topic #8,u'proceed', 1.4228928532826174e-05
Topic #8,u'written_transcript', 1.4228927512447461e-05
Topic #8,u'restriction', 1.4228927509815254e-05
Topic #10,u'taken', 1.423184888347414e-05
Topic #10,u'official_reporter', 1.423184888347414e-05
Topic #10,u'impose', 1.4231840134476971e-05
Topic #10,u'exceptional_circumstance', 1.4231840134476971e-05
Topic #10,u'proceed', 1.4231839820402169e-05
Topic #10,u'official_record', 1.4231839820402169e-05
Topic #10,u'written_transcript', 1.4231838799157338e-05
Topic #10,u'list', 1.4231838795187826e-05
Topic #10,u'restriction', 1.4231838795187826e-05
Topic #10,u'whenever', 1.4231838792684944e-05
Topic #9,u'taken', 1.4231848883473317e-05
Topic #9,u'official_reporter', 1.4231848883473317e-05
Topic #9,u'impose', 1.423184013447616e-05
Topic #9,u'exceptional_circumstance', 1.423184013447616e-05
Topic #9,u'proceed', 1.423183982039989e-05
Topic #9,u'official_record', 1.423183982039989e-05
Topic #9,u'written_transcript', 1.4231838799156514e-05
Topic #9,u'list', 1.423183879518557e-05
Topic #9,u'restriction', 1.423183879518557e-05
Topic #9,u'whenever', 1.4231838792684127e-05
Topic #7,u'taken', 1.4231848883473221e-05
Topic #7,u'official_reporter', 1.4231848883473221e-05
Topic #7,u'impose', 1.4231840134476053e-05
Topic #7,u'exceptional_circumstance', 1.4231840134476053e-05
Topic #7,u'proceed', 1.4231839820400403e-05
Topic #7,u'official_record', 1.4231839820400403e-05
Topic #7,u'written_transcript', 1.4231838799156877e-05
Topic #7,u'list', 1.4231838795267e-05
Topic #7,u'restriction', 1.4231838795267e-05
Topic #7,u'whenever', 1.4231838792683988e-05
Topic #1,u'taken', 1.4231848883472985e-05
Topic #1,u'official_reporter', 1.4231848883472985e-05
Topic #1,u'impose', 1.4231840134475819e-05
Topic #1,u'exceptional_circumstance', 1.4231840134475819e-05
Topic #1,u'proceed', 1.4231839820399782e-05
Topic #1,u'official_record', 1.4231839820399782e-05
Topic #1,u'written_transcript', 1.4231838799156182e-05
Topic #1,u'list', 1.4231838795185631e-05
Topic #1,u'restriction', 1.4231838795185631e-05
Topic #1,u'whenever', 1.4231838792683751e-05
Topic #4,u'taken', 1.423184888347258e-05
Topic #4,u'official_reporter', 1.423184888347258e-05
Topic #4,u'impose', 1.4231840138390424e-05
Topic #4,u'exceptional_circumstance', 1.4231840138390424e-05
Topic #4,u'proceed', 1.423183982039926e-05
Topic #4,u'official_record', 1.423183982039926e-05
Topic #4,u'written_transcript', 1.4231838799155779e-05
Topic #4,u'list', 1.4231838795242995e-05
Topic #4,u'restriction', 1.4231838795242995e-05
Topic #4,u'whenever', 1.4231838792683348e-05
