TopicNo,Topic Words,Probability Score
Topic #10,u'person', 0.0055756165457620348
Topic #10,u'request', 0.0054321243981997024
Topic #10,u'available', 0.00054570306818915552
Topic #10,u'copy', 0.00048584231226716536
Topic #10,u'information', 0.00047745634533387067
Topic #10,u'public_examination', 0.00034752091019242629
Topic #10,u'make', 0.00024601999190694519
Topic #10,u'compilation', 0.00019874814011433415
Topic #10,u'material', 0.00019873413992744018
Topic #10,u'deliver', 0.00019500186561103263
Topic #9,u'petition', 0.0052739696778474499
Topic #9,u'submission', 0.001273820122141709
Topic #9,u'division', 0.0007547040301732758
Topic #9,u'docket_management', 0.00075470402349544997
Topic #9,u'law', 0.00071505032832388257
Topic #9,u'administrative', 0.00065489063492810574
Topic #9,u'judge', 0.00065489063492810574
Topic #9,u'preside_officer', 0.00059472430145207666
Topic #9,u'file', 0.00050674474955630065
Topic #9,u'paragraph', 0.00050314741538771089
Topic #5,u'order', 0.0050156021663404502
Topic #5,u'submit', 0.0049490293137200601
Topic #5,u'receive', 0.0048055343708621225
Topic #5,u'information_subject', 0.0047190055117997502
Topic #5,u'support', 0.0047190055117997502
Topic #5,u'fda', 0.0047190055117997502
Topic #5,u'particular', 0.0047190055117997502
Topic #5,u'consider', 0.0046592760893043473
Topic #5,u'clearly', 0.00028576296405003279
Topic #5,u'specifically', 0.00021504862198799135
Topic #1,u'hear', 0.00055417702074001614
Topic #1,u'material_submit', 0.00044546739113350152
Topic #1,u'alternative_form', 0.00016125322663253401
Topic #1,u'advisory_committee', 0.00016125322663253401
Topic #1,u'public_hear', 0.00016125322663253401
Topic #1,u'case', 0.00011503924212997041
Topic #1,u'date_receive', 7.555834726003469e-05
Topic #1,u'consider_submit', 7.555834726003469e-05
Topic #1,u'hear_file', 7.3342315520178673e-05
Topic #1,u'report', 5.3686347327310488e-05
Topic #8,u'except', 0.00051511393691525251
Topic #8,u'paragraph', 0.00044653727876355764
Topic #8,u'material_list', 0.00016235867683998608
Topic #8,u'way', 0.00016023311247347367
Topic #8,u'prepare', 0.00016023311247347367
Topic #8,u'information_aggregate', 0.00016023311247347367
Topic #8,u'reveal', 0.00016023311247347367
Topic #8,u'confidential_information', 0.00016023311247347367
Topic #8,u'comment', 0.00014897879033681617
Topic #8,u'extent_provide', 0.00010951617667800586
Topic #3,u'include', 0.00049302215840647042
Topic #3,u'proceed', 0.00020173575314749029
Topic #3,u'quality_control_procedure', 0.00016229417250773057
Topic #3,u'production', 0.00016229412655233044
Topic #3,u'exclude', 0.00015969701257319963
Topic #3,u'permit_access', 0.00015969701257319963
Topic #3,u'business_day', 0.00010947267161895394
Topic #3,u'extend', 0.00010947267161895394
Topic #3,u'next', 0.00010947267161895394
Topic #3,u'period', 0.00010947267161895394
Topic #2,u'study', 0.00045742192128530885
Topic #2,u'test', 0.00045742192128530885
Topic #2,u'ingredient', 0.00030997283859243816
Topic #2,u'product', 0.00030997283859243816
Topic #2,u'party', 0.00030842877196026705
Topic #2,u'participant', 0.00030842877196026705
Topic #2,u'public_disclosure', 0.00029663502172013942
Topic #2,u'counsel', 0.00016209187156606073
Topic #2,u'stability', 0.00016209181417076979
Topic #2,u'includes', 0.0001620747200251047
Topic #4,u'objection', 0.00029746043072668423
Topic #4,u'process', 0.0001625361834649283
Topic #4,u'manufacture_method', 0.0001625361834649283
Topic #4,u'potency', 0.00016253613768456635
Topic #4,u'hearing_file', 8.7771037176980363e-05
Topic #4,u'fisher', 7.5611546976378949e-05
Topic #4,u'lane', 7.5611546976378949e-05
Topic #4,u'citizen_petition', 7.5611546974279988e-05
Topic #4,u'relate', 7.5611161076424624e-05
Topic #4,u'hear_file', 7.4582570110196599e-05
Topic #7,u'subject', 0.00029719115586970867
Topic #7,u'requirement', 0.00017634160613812716
Topic #7,u'judicial_review', 0.00016238673751655256
Topic #7,u'effectiveness_information', 0.00016238673747743767
Topic #7,u'safety', 0.00016238673747743767
Topic #7,u'usefulness', 0.00016238669164229675
Topic #7,u'similar_information', 0.00016238669164122003
Topic #7,u'sunday', 0.00013684539840084445
Topic #7,u'government_act', 0.00010925781219235168
Topic #7,u'false_reports', 0.00010925781219235168
Topic #6,u'quantitative', 0.00016252350181236686
Topic #6,u'semiquantitative_formula', 0.00016252350181236686
Topic #6,u'bioavailability', 0.00016252345600929535
Topic #6,u'purity', 0.00016252345599269329
Topic #6,u'agency', 0.00014913297399352061
Topic #6,u'develop', 0.00010962735647585659
Topic #6,u'guidance_documents', 0.00010962735647585659
Topic #6,u'knowledge', 0.00010962734918712462
Topic #6,u'best', 0.00010962734918712462
Topic #6,u'recognize_medical', 5.3719959791611875e-05
