TopicNo,Topic Words,Probability Score
Topic #4,u'petition', 0.0036661593604929532
Topic #4,u'federal_register', 0.0020634647770615476
Topic #4,u'document_result', 0.001723627009048501
Topic #4,u'notice', 0.001723627009048501
Topic #4,u'file', 0.00094321346159923587
Topic #4,u'day', 0.0002896383902935214
Topic #4,u'case', 0.0002039208212263557
Topic #4,u'comment_receive', 0.00016401327104218716
Topic #4,u'deny', 0.00015442385386724597
Topic #4,u'grant', 0.00012592602358151375
Topic #8,u'stay', 0.0026676433215989444
Topic #8,u'commissioner', 0.0013431795757739879
Topic #8,u'interest', 0.00059115981555944307
Topic #8,u'grant', 0.0005892292638734844
Topic #8,u'proceed', 0.00035775363117839442
Topic #8,u'public', 0.00035773938890759925
Topic #8,u'publish', 0.00031452281680809823
Topic #8,u'determination', 0.00031451288096231159
Topic #8,u'deny', 0.00027066886392648325
Topic #8,u'administrative_action', 0.00021302190799595493
Topic #5,u'docket_management', 0.0023710644845998884
Topic #5,u'division', 0.0023710644841873109
Topic #5,u'document_file', 0.0017292296784242244
Topic #5,u'good', 0.00020461830915435771
Topic #5,u'specific', 0.00017871833184681147
Topic #5,u'information_identify', 0.00016428928003743391
Topic #5,u'record_supporting', 0.00016428928003743391
Topic #5,u'receive', 0.00016170207957787912
Topic #5,u'consider_submit', 0.00016170207957787912
Topic #5,u'office', 0.00016139431825329045
Topic #3,u'action', 0.0012095360555363639
Topic #3,u'petitioner', 0.00047697534344740949
Topic #3,u'demonstrate', 0.0001643285890100921
Topic #3,u'ground_support', 0.0001643285890100921
Topic #3,u'public_policy', 0.0001643285890100921
Topic #3,u'sound', 0.0001643285890100921
Topic #3,u'injury', 0.00011157531773828851
Topic #3,u'suffer', 0.00011157531773828851
Topic #3,u'otherwise', 0.00011157531773828851
Topic #3,u'irreparable', 0.00011157531773828851
Topic #7,u'include', 0.00062896836786935297
Topic #7,u'relies', 0.00016573048542580947
Topic #7,u'information', 0.00016573048542580947
Topic #7,u'information_submit', 0.00016573048542580697
Topic #7,u'comment', 0.00016573048542580697
Topic #7,u'enforcement_action', 0.00011168788952233147
Topic #7,u'kind', 0.00011168788952233147
Topic #7,u'number', 7.6929566140515241e-05
Topic #7,u'citation', 7.6928822494207039e-05
Topic #7,u'action_involve', 7.6928822494207039e-05
Topic #6,u'decision', 0.00054845810062935276
Topic #6,u'matter', 0.0004003109483416954
Topic #6,u'day', 0.00031081075894132798
Topic #6,u'date', 0.00028627273096487003
Topic #6,u'decision_involve', 0.00026831892515651035
Topic #6,u'follow', 0.00020571401049329389
Topic #6,u'later', 0.00020570830446663566
Topic #6,u'record', 0.00016542670329326682
Topic #6,u'administrative_proceed', 0.0001654265488505451
Topic #6,u'consists', 0.0001654265488505451
Topic #10,u'original_decision', 0.00016589037863904939
Topic #10,u'publish', 0.0001658803440769852
Topic #10,u'follow_applies', 0.00011179564422059187
Topic #10,u'one', 0.00011179564422059187
Topic #10,u'whole', 0.00011179561547223761
Topic #10,u'telephone', 7.7003039803578776e-05
Topic #10,u'action_request', 7.7003022737203675e-05
Topic #10,u'number', 7.7002297175340968e-05
Topic #10,u'document_file', 1.4220690282912798e-05
Topic #10,u'notice', 1.4220685640162345e-05
Topic #1,u'request', 0.00016528271220134856
Topic #1,u'accordance', 0.00015217182181666002
Topic #1,u'advisory_opinion', 0.00011180801054162852
Topic #1,u'time', 7.6991120224440628e-05
Topic #1,u'length', 7.6991120224440628e-05
Topic #1,u'health', 5.4627481983951581e-05
Topic #1,u'department', 5.4627481812327493e-05
Topic #1,u'human_service', 5.4627481552293725e-05
Topic #1,u'submit', 5.4618207397278358e-05
Topic #1,u'stay', 1.4315023406587142e-05
Topic #9,u'food', 0.00011746434471367145
Topic #9,u'drug_administration', 5.4656460542024973e-05
Topic #9,u'undersign_submits', 1.4240582163918429e-05
Topic #9,u'follow_matter', 1.4240582163918429e-05
Topic #9,u'petition_request', 1.4240582163918429e-05
Topic #9,u'drug_stay', 1.4240582163918429e-05
Topic #9,u'action', 1.423008410053934e-05
Topic #9,u'petition', 1.4229896059857784e-05
Topic #9,u'effective_date', 1.4229851222340582e-05
Topic #9,u'commissioner', 1.4229810921690087e-05
Topic #2,u'signature', 7.7058628459775912e-05
Topic #2,u'date', 1.4246302361395828e-05
Topic #2,u'document_file', 1.4230959405415196e-05
Topic #2,u'document_result', 1.4230954754818829e-05
Topic #2,u'notice', 1.4230954754818829e-05
Topic #2,u'paragraph', 1.4230948294256399e-05
Topic #2,u'whole', 1.4230947610211764e-05
Topic #2,u'publish', 1.4230947372934385e-05
Topic #2,u'statute_requires', 1.4230946177079882e-05
Topic #2,u'comment_receive', 1.4230945733534242e-05
