TopicNo,Topic Words,Probability Score
Topic #7,u'petition', 0.0082674758983984544
Topic #7,u'disposition', 0.0051229689800139739
Topic #7,u'docket_management', 0.0010175160675655606
Topic #7,u'division', 0.0010175160673548045
Topic #7,u'file', 0.00089026074971663798
Topic #7,u'decision', 0.00075684347718488871
Topic #7,u'number', 0.00034593070976588034
Topic #7,u'reconsideration', 0.00030028075398954223
Topic #7,u'without', 0.00029372911419517611
Topic #7,u'section_and', 0.00025752561186627031
Topic #2,u'subject_matter_involve', 0.0053050369111063431
Topic #2,u'government', 0.00013591983902024737
Topic #2,u'category', 0.00010900386364923969
Topic #2,u'work', 0.00010900351117599476
Topic #2,u'petition_consider', 0.00010900351117599476
Topic #2,u'priority_assign', 0.00010900351117599476
Topic #2,u'overall', 0.00010900351117599476
Topic #2,u'time_requirement_establish', 0.00010900349673021219
Topic #2,u'statute', 0.00010900349673021219
Topic #2,u'agency', 0.00010900331648477831
Topic #9,u'commissioner', 0.0016142120924106181
Topic #9,u'submit', 0.00062066504173545315
Topic #9,u'accordance', 0.00055974168005355632
Topic #9,u'issue', 0.00052059618224001172
Topic #9,u'record', 0.00045482369864938209
Topic #9,u'specify', 0.00034999632871832804
Topic #9,u'proposal', 0.00030837703849252311
Topic #9,u'administrative_proceed', 0.00030826416253706268
Topic #9,u'follow', 0.00022212826730780069
Topic #9,u'fda', 0.00020043598996570124
Topic #1,u'paragraph', 0.0011037588995548543
Topic #1,u'action', 0.00054575926540922665
Topic #1,u'revoke', 0.0005379661991551047
Topic #1,u'regulation', 0.00051641306180100753
Topic #1,u'take', 0.00049428444081053217
Topic #1,u'petition_file', 0.00044157339883818417
Topic #1,u'petitioner', 0.00040270233010092338
Topic #1,u'commissioner', 0.00037178802717077161
Topic #1,u'matter', 0.00036627524954306476
Topic #1,u'administrative_action', 0.0003531463920825403
Topic #5,u'include', 0.00082336629327635347
Topic #5,u'person', 0.00044930403757768297
Topic #5,u'docket', 0.00035734390354111387
Topic #5,u'number', 0.00028055129090325773
Topic #5,u'provide', 0.00026533064737223696
Topic #5,u'unite', 0.00020119736715895861
Topic #5,u'state', 0.00020119736692953381
Topic #5,u'view', 0.00018130942334572438
Topic #5,u'court', 0.00016173486642373914
Topic #5,u'attorney', 0.00016173486642373914
Topic #3,u'amend', 0.00073591611396740342
Topic #3,u'information', 0.00058045106837578317
Topic #3,u'view', 0.00026520335035485807
Topic #3,u'exact_word', 0.00017613349243316716
Topic #3,u'notice_request', 0.00016210198944893928
Topic #3,u'correspondence', 0.00010940284715323108
Topic #3,u'discussion', 0.00010940284714741557
Topic #3,u'relies', 8.2959008406806762e-05
Topic #3,u'petition_includes', 7.5453449192948053e-05
Topic #3,u'petition_relies', 7.5453449192948053e-05
Topic #8,u'date', 0.00055944437660247401
Topic #8,u'show', 0.00016236525368864277
Topic #8,u'decision_unless', 0.00013224141841381004
Topic #8,u'subject_matter', 0.00010952338288223155
Topic #8,u'agency_resource', 0.00010952338288223155
Topic #8,u'available', 0.00010952338288223155
Topic #8,u'existence', 0.00010952337229841105
Topic #8,u'agency_priority', 0.00010952337229841105
Topic #8,u'category', 0.0001095230302241644
Topic #8,u'citizen_petition', 9.3138396421091539e-05
Topic #10,u'request', 0.00041961309183263633
Topic #10,u'federal_register', 0.00038882205161419836
Topic #10,u'notice', 0.00025757076015879088
Topic #10,u'referral', 0.00025753134816712347
Topic #10,u'publication', 0.00010947672608226135
Topic #10,u'rule', 0.0001094757957955891
Topic #10,u'statement', 7.5505260112737504e-05
Topic #10,u'effect', 7.5504375574523739e-05
Topic #10,u'request_action', 7.5504375574523739e-05
Topic #10,u'consumer', 7.5504354126395079e-05
Topic #4,u'petitioner', 0.00038798826987138248
Topic #4,u'apply', 0.00025737356457399094
Topic #4,u'known', 0.0001761466972642144
Topic #4,u'consist', 0.00016219676185915701
Topic #4,u'suggestion', 0.00016219671601521224
Topic #4,u'transcript', 0.00016219507347578171
Topic #4,u'copy', 0.0001541787938794022
Topic #4,u'unfavorable', 0.00013669193356473494
Topic #4,u'well', 0.00013027882046408114
Topic #4,u'supplement', 0.00010940973218442796
Topic #6,u'agency', 0.00025767704201481919
Topic #6,u'elsewhere', 0.0001466280887169862
Topic #6,u'tentative_response', 0.00010952326787659555
Topic #6,u'indicate', 0.00010952203309335167
Topic #6,u'likely', 0.00010952201402756139
Topic #6,u'ultimate', 0.00010952201402756139
Topic #6,u'implement', 0.00010952200034240621
Topic #6,u'approval', 0.00010952135460563259
Topic #6,u'response', 0.00010951857874072092
Topic #6,u'legal_ground', 7.5535605563044602e-05
