TopicNo,Topic Words,Probability Score
Topic #1,u'petition', 0.0035231427359563553
Topic #1,u'reconsideration', 0.0024136595660218837
Topic #1,u'include', 0.0011472076063584146
Topic #1,u'interest', 0.00076033216572515122
Topic #1,u'day', 0.00073208715297282633
Topic #1,u'information', 0.0006642960771430299
Topic #1,u'consider', 0.00047713439096652412
Topic #1,u'view', 0.00042283439679559559
Topic #1,u'decision_involve', 0.00033166828677854836
Topic #1,u'public', 0.00032348040127876631
Topic #9,u'commissioner', 0.0030428633808874386
Topic #9,u'decision', 0.0013889215562165184
Topic #9,u'matter', 0.0013497782563623984
Topic #9,u'administrative_record', 0.00073384959632067173
Topic #9,u'federal_register', 0.00062991115622972678
Topic #9,u'review', 0.00062677526119196399
Topic #9,u'publish', 0.00032422602741396693
Topic #9,u'determination', 0.00032421776204085681
Topic #9,u'pending', 0.00032397695577042831
Topic #9,u'court', 0.00032249541344078558
Topic #2,u'docket_management', 0.0011278395888478004
Topic #2,u'division', 0.0011278395812017289
Topic #2,u'document_file', 0.00025917258344278638
Topic #2,u'information_identify', 0.00022042339694926499
Topic #2,u'record_supporting', 0.00022042339694926499
Topic #2,u'public_display', 0.00014999820288558763
Topic #2,u'write', 0.00014999820288558763
Topic #2,u'office', 0.00014999820288558763
Topic #2,u'place', 0.00014999820288558763
Topic #2,u'receive', 1.4920782724465252e-05
Topic #5,u'action', 0.00095186154668586869
Topic #5,u'grant', 0.00041587993455861547
Topic #5,u'relief', 0.00025914730918310869
Topic #5,u'warrant', 0.00025914730918310869
Topic #5,u'take', 0.00025914730918310869
Topic #5,u'stay', 0.00024348200519008469
Topic #5,u'administrative_reconsideration', 0.00023573478954671206
Topic #5,u'food', 0.00017941644671811118
Topic #5,u'review', 0.00017733570267255432
Topic #5,u'review_court', 0.00016997257523842247
Topic #10,u'file', 0.00082743548845298689
Topic #10,u'docket_file', 0.00027223576167330446
Topic #10,u'except', 0.00027223317268295862
Topic #10,u'whole', 0.00025947948145745823
Topic #10,u'factual', 0.00011502082111042516
Topic #10,u'petitioner_relies', 0.00011502082111042516
Topic #10,u'legal_ground', 0.00011502082111042516
Topic #10,u'organize_format', 0.00011502072348948336
Topic #10,u'upon', 0.00011502057086000162
Topic #10,u'relates', 0.00011501758340127863
Topic #6,u'petitioner', 0.00074464321032464834
Topic #6,u'ground_support', 0.00015774746717372456
Topic #6,u'sound', 0.00015774746717372456
Topic #6,u'public_policy', 0.00015774746717372456
Topic #6,u'name', 0.00011512272816847791
Topic #6,u'action_request', 0.00011512265710794041
Topic #6,u'consider', 1.4392819966614834e-05
Topic #6,u'legal_action', 1.4360470345691355e-05
Topic #6,u'brings', 1.4360470345691355e-05
Topic #6,u'court', 1.4321169747896351e-05
Topic #8,u'record', 0.00050501405205222107
Topic #8,u'administrative_proceed', 0.00025961053618910409
Topic #8,u'consists', 0.00025961053618910409
Topic #8,u'follow', 0.00025961053618910409
Topic #8,u'original_petition', 0.0002596105095624071
Topic #8,u'specify', 0.0002596105095624071
Topic #8,u'modify', 4.1659965068031676e-05
Topic #8,u'whole', 1.4207041490451006e-05
Topic #8,u'commissioner_reconsiders', 1.4207015919237846e-05
Topic #8,u'comment_receive', 1.4207015893564798e-05
Topic #3,u'petition_submit', 0.00042511804240930555
Topic #3,u'subject', 0.00036031719125162286
Topic #3,u'administrative_record_relate', 0.00025958928490775625
Topic #3,u'reconsideration_specify', 0.00025958928490775625
Topic #3,u'matter_relate', 0.00023127113534388989
Topic #3,u'requirement', 0.00011493359310395568
Topic #3,u'reconsideration_relate', 8.0754718543001025e-05
Topic #3,u'lane', 7.8875095715474032e-05
Topic #3,u'fisher', 7.8875092842412245e-05
Topic #3,u'request_reconsideration', 7.8848271714773986e-05
Topic #7,u'request', 0.00039347622412707532
Topic #7,u'submit', 0.00039346359640766364
Topic #7,u'good', 0.00023621131866974343
Topic #7,u'position', 0.00017153680783292278
Topic #7,u'pursue', 0.00017153680783292278
Topic #7,u'frivolous', 0.00017153680783292278
Topic #7,u'faith', 0.00017153680783292278
Topic #7,u'cause', 7.8881456707542071e-05
Topic #7,u'accordance', 7.8878203074749114e-05
Topic #7,u'review_court', 1.5467525945577393e-05
Topic #4,u'overrule', 0.00025983784632330382
Topic #4,u'prior_decision', 0.00025983784632330382
Topic #4,u'original_decision', 0.00017168713341546773
Topic #4,u'publish', 0.00017167875918243554
Topic #4,u'rockville', 7.8950588880145013e-05
Topic #4,u'whole', 1.4219485582743766e-05
Topic #4,u'modify', 1.4219468799033407e-05
Topic #4,u'record', 1.4219460322796633e-05
Topic #4,u'commissioner_reconsiders', 1.4219459999222414e-05
Topic #4,u'comment_receive', 1.4219459973485669e-05
