TopicNo,Topic Words,Probability Score
Topic #1,u'food', 0.0018013778788266185
Topic #1,u'drug_administration', 0.0011546807299187209
Topic #1,u'law_administer', 0.00089499735893239002
Topic #1,u'public_board', 0.00068540824744227694
Topic #1,u'human_service', 0.00061809723632326094
Topic #1,u'health', 0.00061809723306241351
Topic #1,u'drug_administration_mean', 0.00048029652002769442
Topic #1,u'hear', 0.00047778977190264738
Topic #1,u'right', 0.00047778977190264738
Topic #1,u'establish', 0.00038619424145852925
Topic #8,u'commissioner', 0.0016039990596490056
Topic #8,u'law', 0.00072438220361206707
Topic #8,u'federal_food', 0.00032311856933844673
Topic #8,u'involve', 0.0003230556692519595
Topic #8,u'recommendation', 0.00032304088452831845
Topic #8,u'term', 0.00025867660183888732
Topic #8,u'define', 0.00025867660183888732
Topic #8,u'administrative', 0.00019787967379677633
Topic #8,u'establish', 0.00019582962519172016
Topic #8,u'document_request', 0.00017091984028700464
Topic #6,u'person', 0.0012002663055080266
Topic #6,u'mean', 0.00093375786529687258
Topic #6,u'advisory_committee', 0.00079593878561631543
Topic #6,u'order', 0.00042619446953287289
Topic #6,u'party', 0.00027016499634889774
Topic #6,u'petition', 0.00027012046820290201
Topic #6,u'interest', 0.00027011981740949055
Topic #6,u'made', 0.00025747282024771195
Topic #6,u'fda', 0.00025747282024771195
Topic #6,u'whenever', 0.00025747282024771195
Topic #7,u'hear_conduct', 0.0010944631981735765
Topic #7,u'public_hear', 0.00074726869813226612
Topic #7,u'public', 0.00051675147826748722
Topic #7,u'regulatory_hear', 0.00025790605085565049
Topic #7,u'inquiry_mean', 0.00025551704554480575
Topic #7,u'board', 0.00017118890020389161
Topic #7,u'hear_mean', 0.00011484541865377013
Topic #7,u'evidentiary', 0.00011484541865377013
Topic #7,u'animal_drug_application', 0.0001148453876947009
Topic #7,u'formal', 0.00011484496876125668
Topic #4,u'form', 0.00081443759752774549
Topic #4,u'include', 0.00075721733857254036
Topic #4,u'take', 0.00063355911280036194
Topic #4,u'word', 0.00050151681760787152
Topic #4,u'administrative_action', 0.00044474860387659924
Topic #4,u'definition', 0.00032253158900084921
Topic #4,u'designee', 0.00027091796931690134
Topic #4,u'cosmetic_act', 0.00025820665173213725
Topic #4,u'accordance', 0.00025820641984383431
Topic #4,u'singular', 0.0002578236936885059
Topic #2,u'center', 0.0005164574741232539
Topic #2,u'issue', 0.00041580757402262069
Topic #2,u'administrative', 0.00038800142648689865
Topic #2,u'director', 0.00025894364804003497
Topic #2,u'task_force', 0.00025894341557936078
Topic #2,u'board_mean', 0.0002585522034274717
Topic #2,u'constitute', 0.0002585522034274717
Topic #2,u'tribunal', 0.0002585522034274717
Topic #2,u'every', 0.00023554935471249946
Topic #2,u'office', 0.00022371720425967792
Topic #10,u'regulation', 0.00042947279703931397
Topic #10,u'federal_register', 0.00025945179416077095
Topic #10,u'federal_regulations', 0.00025945179416077095
Topic #10,u'codify', 0.00025945179416077095
Topic #10,u'code', 0.00025945179416077095
Topic #10,u'publish', 0.00025945179416077095
Topic #10,u'agency_regulation', 0.00025945179416077095
Topic #10,u'revoke', 0.00022512094154213098
Topic #10,u'association', 0.00017143184318895956
Topic #10,u'issuance', 0.00011500837002012303
Topic #5,u'drug', 0.000389004371812627
Topic #5,u'commissioner_mean', 0.00032440565074792256
Topic #5,u'amend', 0.00017161271633471089
Topic #5,u'corporation', 0.00017161266588549239
Topic #5,u'include_request', 0.00011512969670296975
Topic #5,u'status_reports', 0.00011512969670296975
Topic #5,u'matter', 0.0001151292167719809
Topic #5,u'public_hear', 1.4894081739698801e-05
Topic #5,u'food', 1.4343039433321027e-05
Topic #5,u'commissioner', 1.4341945431894514e-05
Topic #9,u'compose_wholly', 0.00025965447152853915
Topic #9,u'full', 0.00025965447152853915
Topic #9,u'individual', 0.00017156596938389942
Topic #9,u'person_includes', 0.00017156596938389942
Topic #9,u'council', 0.00017156583452596709
Topic #9,u'lane', 0.0001150982607032458
Topic #9,u'fisher', 0.0001150982607032458
Topic #9,u'follow_definition', 7.8894907272720921e-05
Topic #9,u'apply', 7.8894906637749868e-05
Topic #9,u'part', 7.8894905457103589e-05
Topic #3,u'group', 0.00025942010708056691
Topic #3,u'similar', 0.00025942010708056691
Topic #3,u'panel', 0.00025941987495743798
Topic #3,u'docket_management', 0.00021579222792093687
Topic #3,u'division', 0.00021579222792093687
Topic #3,u'mean', 0.00017966689515449373
Topic #3,u'amend', 0.00017141097841600459
Topic #3,u'application', 0.00017141097840538507
Topic #3,u'refrain', 0.0001712844399281991
Topic #3,u'rockville', 0.00011499430160835869
