TopicNo,Topic Words,Probability Score
Topic #2,u'petition', 0.0051473885286851071
Topic #2,u'disposition', 0.0042686279575317888
Topic #2,u'person', 0.00077469272991661294
Topic #2,u'interest', 0.00061456216571591032
Topic #2,u'specify', 0.00049276903176909733
Topic #2,u'name', 0.00036006860273080972
Topic #2,u'regulation', 0.00029400542392444184
Topic #2,u'notice_promulgate', 0.0002549543285360844
Topic #2,u'regulation_propose', 0.00023871527843347598
Topic #2,u'reconsideration', 0.00022954957785146788
Topic #7,u'subject_matter_involve', 0.0043100656377790172
Topic #7,u'administrative_record_specify', 0.0003101087780332109
Topic #7,u'conclusion', 0.00010939879152089495
Topic #7,u'respect', 0.00010939879152089495
Topic #7,u'amendment', 5.3595346194957112e-05
Topic #7,u'disposition', 1.4163282341311561e-05
Topic #7,u'report', 1.4163222935733132e-05
Topic #7,u'thereafter', 1.4163222784246336e-05
Topic #7,u'transcript', 1.4163221763426039e-05
Topic #7,u'petition', 1.416322055876271e-05
Topic #8,u'comment', 0.0017657753783530301
Topic #8,u'docket_management', 0.001119191791526556
Topic #8,u'division', 0.0011191917914344974
Topic #8,u'include', 0.00086527841612398795
Topic #8,u'proposal', 0.00077927880793346004
Topic #8,u'matter', 0.00056835629871329824
Topic #8,u'tentative', 0.00056078450104576872
Topic #8,u'provision', 0.00048090966520829336
Topic #8,u'time', 0.00046477596274256797
Topic #8,u'date', 0.00046057836133888233
Topic #3,u'federal_register', 0.0014458852708681758
Topic #3,u'publish', 0.0011148814244363941
Topic #3,u'commissioner', 0.00075147761675861051
Topic #3,u'subject', 0.00062918479948833857
Topic #3,u'propose_regulation', 0.00062510985358440151
Topic #3,u'publication', 0.00041155863302225865
Topic #3,u'act', 0.00033735180796469981
Topic #3,u'submit_orally', 0.00030733088090997417
Topic #3,u'write', 0.00030733088090997417
Topic #3,u'appropriate_notice', 0.00030733088090997417
Topic #6,u'final_regulation', 0.0014393078539190675
Topic #6,u'notice', 0.00086266147594447082
Topic #6,u'submit', 0.00065113623043568417
Topic #6,u'paragraph', 0.0006306170845993117
Topic #6,u'federal_register', 0.00051220252478651471
Topic #6,u'request', 0.00046721502794858078
Topic #6,u'opportunity', 0.00041079399848944982
Topic #6,u'regulation', 0.0004102513481766315
Topic #6,u'state', 0.00039196861391554917
Topic #6,u'within', 0.00036868981100343255
Topic #10,u'commissioner', 0.0012274030477715447
Topic #10,u'number', 0.00094900582168065543
Topic #10,u'public', 0.00045732648800815388
Topic #10,u'docket', 0.00036940563681430539
Topic #10,u'information', 0.00035695826348778562
Topic #10,u'transcript', 0.00030921819525050803
Topic #10,u'assign', 0.00030809140490600974
Topic #10,u'cause', 0.00026504296399150489
Topic #10,u'good', 0.00026504296399150489
Topic #10,u'regulation', 0.00024805137923556656
Topic #9,u'document', 0.0004119896538903681
Topic #9,u'summary', 0.00021066862304659325
Topic #9,u'term', 0.00017663266173134848
Topic #9,u'substance', 0.00017663266157701227
Topic #9,u'center', 0.00016261770067618324
Topic #9,u'submit_directly', 0.00016261706680777699
Topic #9,u'contain', 0.00014923809835790043
Topic #9,u'easily', 0.00011518931293795795
Topic #9,u'understandable', 0.00011518931282082787
Topic #9,u'first', 0.00011518931274570048
Topic #4,u'action', 0.00041191882687094096
Topic #4,u'available', 0.00037226686798145825
Topic #4,u'stay', 0.00031095818487999994
Topic #4,u'new', 0.00017108433971269618
Topic #4,u'file', 0.00016255572684830495
Topic #4,u'nature', 0.0001151468094176797
Topic #4,u'information', 0.00011514587795812957
Topic #4,u'animal_drug_regulation', 0.00010966002184582376
Topic #4,u'unnecessary', 0.0001096599932773382
Topic #4,u'reconsideration', 9.2769776644979318e-05
Topic #1,u'administrative_proceed', 0.00031079773411634386
Topic #1,u'record', 0.00031079773411634386
Topic #1,u'follow', 0.00025832555355110291
Topic #1,u'consists', 0.00016275946512965246
Topic #1,u'additional_procedure', 0.0001097784323993574
Topic #1,u'food_additive', 0.00010977843239875206
Topic #1,u'color_additive_petitions', 0.00010977843239875206
Topic #1,u'correspondence', 0.00010977840397882674
Topic #1,u'close', 1.4287398936108053e-05
Topic #1,u'name', 1.4263704231508897e-05
Topic #5,u'need', 0.0001713187782155217
Topic #5,u'thereafter', 0.00016280742544971984
Topic #5,u'business_address', 0.00011530515182147702
Topic #5,u'case', 0.00010981079446926594
Topic #5,u'comment_period', 7.572450812795804e-05
Topic #5,u'statement', 7.5724492911005668e-05
Topic #5,u'reference', 7.5724492911005668e-05
Topic #5,u'lack', 7.5724492911005668e-05
Topic #5,u'existence', 7.5724492911005668e-05
Topic #5,u'environmental_impact', 7.5724492911005668e-05
