TopicNo,Topic Words,Probability Score
Topic #1,u'agency', 0.0013097943663788298
Topic #1,u'review', 0.0011888021223459204
Topic #1,u'matter', 0.00092027898488982655
Topic #1,u'center', 0.00074330310372491403
Topic #1,u'lower_level', 0.0005004047368689983
Topic #1,u'resolve', 0.00050040473195170961
Topic #1,u'component', 0.00050040468482049781
Topic #1,u'two', 0.00050040468482049781
Topic #1,u'information', 0.00041543582743743424
Topic #1,u'administrative_file', 0.00035713238007544689
Topic #6,u'interest', 0.0010037829089473535
Topic #6,u'request', 0.00096177905927062146
Topic #6,u'agency', 0.00069205395398429291
Topic #6,u'person_outside', 0.0005153318744645657
Topic #6,u'person', 0.00041479674840277215
Topic #6,u'denial', 0.00032609801708996186
Topic #6,u'file', 0.00025836916137189056
Topic #6,u'present', 0.00025836916137189056
Topic #6,u'information', 0.00025836884315330881
Topic #6,u'new', 0.00025836882536154758
Topic #10,u'require', 0.00085056779985908889
Topic #10,u'delegation', 0.00036018931245146137
Topic #10,u'authority', 0.00036018931245146137
Topic #10,u'unusual', 0.00024578696005644391
Topic #10,u'public', 0.00024578696005644391
Topic #10,u'immediate_review', 0.00024578696005644391
Topic #10,u'situation', 0.00024578696005644391
Topic #10,u'sponsor', 0.00011498512021927231
Topic #10,u'policy', 1.454084019569419e-05
Topic #10,u'agency_management', 1.454084019569419e-05
Topic #2,u'decision', 0.0005462199801952517
Topic #2,u'agency_review', 0.00048155002569394678
Topic #2,u'internal', 0.00048155002387145063
Topic #2,u'base', 0.00025934233965000655
Topic #2,u'information', 9.9947207185139457e-05
Topic #2,u'fda_employee', 7.8872280764873481e-05
Topic #2,u'administrative_file', 1.4224440747093364e-05
Topic #2,u'person_outside', 1.4206859530844773e-05
Topic #2,u'establish', 1.4206698370842358e-05
Topic #2,u'channel', 1.4206698370842358e-05
Topic #4,u'act', 0.0005307445469609546
Topic #4,u'advisory_committee', 0.00017158021070309639
Topic #4,u'reason', 0.00017158007514695708
Topic #4,u'describe', 0.0001715781651096591
Topic #4,u'service', 0.00011510785128285906
Topic #4,u'manufacturer', 0.00011510785128285906
Topic #4,u'drug', 0.00011510785128285906
Topic #4,u'public_health', 0.00011510785128285906
Topic #4,u'device_regulate', 0.00011510785128285906
Topic #4,u'center', 1.4210604647562145e-05
Topic #8,u'supervisor', 0.00024448329392922307
Topic #8,u'initiative', 7.899611273512019e-05
Topic #8,u'consultation', 1.4273523556331266e-05
Topic #8,u'made', 1.4273523556331266e-05
Topic #8,u'administrative_file', 1.4268925824440598e-05
Topic #8,u'follow_circumstance', 1.4241069139804143e-05
Topic #8,u'review', 1.4227732265269105e-05
Topic #8,u'employee', 1.4227726447696795e-05
Topic #8,u'matter', 1.4227697448355541e-05
Topic #8,u'reason', 1.4227661040802283e-05
Topic #7,u'commissioner', 0.00023638944437613579
Topic #7,u'occur', 0.00016792419316895513
Topic #7,u'follow_purpose', 0.00016792419316895513
Topic #7,u'office', 0.00016792419316895513
Topic #7,u'personal_review', 0.00016792419316895513
Topic #7,u'center_director', 0.00016792419316895513
Topic #7,u'matter', 1.4223804961862075e-05
Topic #7,u'reason', 1.421776224153122e-05
Topic #7,u'center', 1.4217755000258889e-05
Topic #7,u'information', 1.42177512031847e-05
Topic #3,u'describe', 0.00017167656875873661
Topic #3,u'request_review', 0.00017167450894768532
Topic #3,u'panel', 0.00017167450894768532
Topic #3,u'advisory', 0.00017167450894768532
Topic #3,u'appropriate_scientific', 0.00017167450894768532
Topic #3,u'scientific_controversy', 0.00017167450894768532
Topic #3,u'reason', 1.4218416503002138e-05
Topic #3,u'center', 1.4218409243859919e-05
Topic #3,u'information', 1.4218405449761977e-05
Topic #3,u'two', 1.4218404909979161e-05
Topic #9,u'follow_circumstance', 7.900085631889292e-05
Topic #9,u'supervisor', 1.4521772218248544e-05
Topic #9,u'reason', 1.4230935949962023e-05
Topic #9,u'center', 1.4230928725404096e-05
Topic #9,u'information', 1.4230924920781297e-05
Topic #9,u'two', 1.4230924379732858e-05
Topic #9,u'component', 1.4230924379732858e-05
Topic #9,u'applicant', 1.4230923957622173e-05
Topic #9,u'sponsor', 1.4230923941706459e-05
Topic #9,u'describe', 1.4230923788352394e-05
Topic #5,u'reason', 1.4231861894675383e-05
Topic #5,u'center', 1.4231854663832522e-05
Topic #5,u'information', 1.4231850858408586e-05
Topic #5,u'two', 1.42318503172633e-05
Topic #5,u'component', 1.42318503172633e-05
Topic #5,u'applicant', 1.4231849907631457e-05
Topic #5,u'sponsor', 1.4231849891698598e-05
Topic #5,u'describe', 1.4231849727465608e-05
Topic #5,u'advisory_committee', 1.4231846788801005e-05
Topic #5,u'new', 1.4231845436351486e-05
