TopicNo,Topic Words,Probability Score
Topic #5,u'file', 0.0037183942640842522
Topic #5,u'others', 0.0017667730998716243
Topic #5,u'availability', 0.0017667730998716243
Topic #5,u'place', 0.00028871410360487308
Topic #5,u'assure_proper', 0.00016442210331303638
Topic #5,u'reasonable_restriction', 0.00016442210331303638
Topic #5,u'upon', 0.00016442210331303638
Topic #5,u'catalog', 0.00016442210331303638
Topic #5,u'storage', 0.00016442210331303638
Topic #5,u'document', 0.00016442038370165227
Topic #2,u'review', 0.001819200916604675
Topic #2,u'assignment', 0.00022814402447338797
Topic #2,u'consistent', 7.6852309239098428e-05
Topic #2,u'prompt_completion', 7.6852309239098428e-05
Topic #2,u'completeness', 1.4225406072216229e-05
Topic #2,u'long', 1.4222683652295641e-05
Topic #2,u'attention', 1.4222683652295641e-05
Topic #2,u'impede', 1.4222683652295641e-05
Topic #2,u'access', 1.4217966076410956e-05
Topic #2,u'file', 1.4209763921807401e-05
Topic #8,u'completeness', 0.0018099600970433369
Topic #8,u'matter', 0.00094599242324362677
Topic #8,u'administrative_file', 0.0006084161552312265
Topic #8,u'work', 0.00059054351851060025
Topic #8,u'agency_employee', 0.00043995583181953091
Topic #8,u'fda_employees', 0.00035540741743831511
Topic #8,u'access', 0.0003152817425436843
Topic #8,u'view', 0.00017333818626324218
Topic #8,u'record', 0.00017333818626324218
Topic #8,u'impede', 0.000164691509086014
Topic #10,u'decision', 0.00037147341178846117
Topic #10,u'recommendation', 0.00029086574176970492
Topic #10,u'final_form', 0.00016555937607221175
Topic #10,u'type', 0.00016555937607221175
Topic #10,u'significant', 0.00011717225963178041
Topic #10,u'defamatory', 0.00011157597741045176
Topic #10,u'avoid', 0.00011157597741045176
Topic #10,u'language', 0.00011157597741045176
Topic #10,u'scientific', 0.00011157594115518723
Topic #10,u'opinion', 7.6855878399731501e-05
Topic #6,u'document', 0.00031714537986396793
Topic #6,u'addition', 0.00031656003114209088
Topic #6,u'new', 0.0001656761544271086
Topic #6,u'later', 0.0001656761544271086
Topic #6,u'made', 0.0001656761544271086
Topic #6,u'revision', 0.0001656761544271086
Topic #6,u'personnel_complaint', 0.0001116546263553536
Topic #6,u'undocumented_charge', 0.00011165462635469431
Topic #6,u'author', 1.4214702132601558e-05
Topic #6,u'agency_employee', 1.4213780297783641e-05
Topic #1,u'date', 0.0002628563546271542
Topic #1,u'sign', 0.0002628563546271542
Topic #1,u'appropriate', 0.00026285363318024989
Topic #1,u'author', 0.00026284773002632615
Topic #1,u'supervisory_personnel', 0.00017417798261526335
Topic #1,u'remove', 0.00016551075226736294
Topic #1,u'alter', 0.00016551075226736294
Topic #1,u'include', 0.00011713819127196683
Topic #1,u'whom_copy', 0.00011154321159058706
Topic #1,u'show', 0.00011154321159058706
Topic #7,u'memoranda', 0.00020608652294076073
Topic #7,u'given', 0.00016577829276636979
Topic #7,u'employee', 0.00016577829276636979
Topic #7,u'complete', 0.00016577824657087334
Topic #7,u'letter', 7.6956576794240598e-05
Topic #7,u'raise_formally', 5.4591519776186135e-05
Topic #7,u'whether', 5.4591519684253516e-05
Topic #7,u'document', 1.428183271763022e-05
Topic #7,u'effect', 1.4281829629443397e-05
Topic #7,u'status', 1.4281829629443397e-05
Topic #4,u'intemperate_remark', 0.00011179189470856845
Topic #4,u'basis', 5.4615172916110858e-05
Topic #4,u'appropriate_documentation', 5.4615172552625005e-05
Topic #4,u'decision', 1.4252861072037821e-05
Topic #4,u'others', 1.4229315767556087e-05
Topic #4,u'availability', 1.4229315767556087e-05
Topic #4,u'complete', 1.4229306867510112e-05
Topic #4,u'conduct', 1.422930450431597e-05
Topic #4,u'analysis', 1.422930365919819e-05
Topic #4,u'scientific', 1.4229303645853843e-05
Topic #3,u'meeting', 7.7007787949576642e-05
Topic #3,u'minute', 7.7007787949576642e-05
Topic #3,u'availability', 1.4230067245803214e-05
Topic #3,u'others', 1.4230067245803214e-05
Topic #3,u'complete', 1.4230058345038798e-05
Topic #3,u'conduct', 1.4230055981095484e-05
Topic #3,u'analysis', 1.4230055133693036e-05
Topic #3,u'scientific', 1.4230055120352267e-05
Topic #3,u'appropriate_employee', 1.4230055104862968e-05
Topic #3,u'irrelevant_matter', 1.4230055104680453e-05
Topic #9,u'written_document', 7.6991916320782552e-05
Topic #9,u'consultant', 7.6991900646845266e-05
Topic #9,u'pertinent', 7.699190064684162e-05
Topic #9,u'opinion', 7.6991001036355038e-05
Topic #9,u'informally', 5.461656568750703e-05
Topic #9,u'petition', 5.4616565502904568e-05
Topic #9,u'availability', 1.4227131470568286e-05
Topic #9,u'others', 1.4227131470568286e-05
Topic #9,u'complete', 1.4227122571766382e-05
Topic #9,u'conduct', 1.4227120209484727e-05
