TopicNo,Topic Words,Probability Score
Topic #8,u'regulation', 0.0022641451111901382
Topic #8,u'interest', 0.0017526122994706629
Topic #8,u'person', 0.001449393879285736
Topic #8,u'fda', 0.00061400424332010714
Topic #8,u'discuss', 0.00051664553549543091
Topic #8,u'administrative_record', 0.00050467720644254376
Topic #8,u'draft', 0.00047310646263891019
Topic #8,u'comment', 0.00041069854641115182
Topic #8,u'request', 0.00041026375957070826
Topic #8,u'final_regulation', 0.00032395220591224967
Topic #9,u'draft', 0.0011689276514114299
Topic #9,u'commissioner', 0.00066350512418106235
Topic #9,u'preamble', 0.00053317217727589345
Topic #9,u'final_notice', 0.00052408213314630891
Topic #9,u'executive_branch', 0.00043336221706123765
Topic #9,u'person_outside', 0.00043336221508552916
Topic #9,u'detail', 0.0004206801478352455
Topic #9,u'publish', 0.00041256757739502889
Topic #9,u'propose_regulation', 0.00039784009438336977
Topic #9,u'notice', 0.00039783945685135502
Topic #1,u'provision', 0.00090631520654566142
Topic #1,u'furnish', 0.00066946880163421538
Topic #1,u'federal_register', 0.00055335413134876361
Topic #1,u'accordingly', 0.00025921457429959271
Topic #1,u'available', 0.00017947821076219825
Topic #1,u'made', 0.000179478210537928
Topic #1,u'notice_publish', 0.00017947784384875705
Topic #1,u'person_outside', 0.00017947713929449897
Topic #1,u'executive_branch', 0.00017947713914941347
Topic #1,u'publication', 7.8747906594023849e-05
Topic #4,u'apply', 0.0006597173903766198
Topic #4,u'docket_management', 0.00058017350564898288
Topic #4,u'division', 0.00058017350313449611
Topic #4,u'draft_notice', 0.00048855688793273072
Topic #4,u'file', 0.00042346994715374708
Topic #4,u'teprssc', 0.00025858126072578615
Topic #4,u'memoranda', 0.00025732937469837578
Topic #4,u'correspondence', 0.00025732937469837578
Topic #4,u'restrict', 0.00025213107566329155
Topic #4,u'disclosure', 0.00025213107566329155
Topic #2,u'include', 0.00057232861570073973
Topic #2,u'either', 0.00033718315015013957
Topic #2,u'amendment', 0.00025968735531702416
Topic #2,u'portion', 0.00017980657356885782
Topic #2,u'procedure', 0.00017158655179724895
Topic #2,u'term', 1.422113968576206e-05
Topic #2,u'furnish_directly', 1.422113968576206e-05
Topic #2,u'general', 1.4215107697457698e-05
Topic #2,u'request', 1.4212070684441211e-05
Topic #2,u'division', 1.4211645739031995e-05
Topic #7,u'prescribe', 0.00025987273905632376
Topic #7,u'performance_standard', 0.00025987147541180813
Topic #7,u'electronic_product', 0.00025987134442143246
Topic #7,u'accordance', 1.4221392244669309e-05
Topic #7,u'teprssc', 1.4221391872815647e-05
Topic #7,u'accordingly', 1.4221391846295508e-05
Topic #7,u'provision', 1.4221373052950928e-05
Topic #7,u'consider', 1.4221366069073508e-05
Topic #7,u'amendment', 1.4221365848135015e-05
Topic #7,u'final_regulation', 1.4221364494534217e-05
Topic #5,u'general', 0.00023650984082502702
Topic #5,u'concept', 7.8957635932949702e-05
Topic #5,u'fda', 1.4417859042547231e-05
Topic #5,u'term', 1.4404043007224329e-05
Topic #5,u'furnish_directly', 1.4404043007224329e-05
Topic #5,u'representative', 1.4388500316264894e-05
Topic #5,u'discuss', 1.4351718569071348e-05
Topic #5,u'include', 1.4350193923355203e-05
Topic #5,u'person', 1.4343675205395713e-05
Topic #5,u'interest', 1.4343407473343857e-05
Topic #6,u'without', 0.00017997805594968211
Topic #6,u'prior_permission', 0.00017997805588505287
Topic #6,u'commissioner', 0.00017997688219802227
Topic #6,u'accordance', 1.4224803491683503e-05
Topic #6,u'teprssc', 1.4224803119929892e-05
Topic #6,u'accordingly', 1.4224803094043018e-05
Topic #6,u'electronic_product', 1.4224791464925033e-05
Topic #6,u'provision', 1.4224784285140842e-05
Topic #6,u'consider', 1.4224777327799372e-05
Topic #6,u'amendment', 1.4224777107820064e-05
Topic #10,u'public_meet', 0.00017175557238019847
Topic #10,u'open', 0.00017175557238019847
Topic #10,u'schedule', 0.00017175557238019847
Topic #10,u'notice', 1.4338017732913718e-05
Topic #10,u'regulation', 1.4338017142799052e-05
Topic #10,u'accordance', 1.4225151324478739e-05
Topic #10,u'teprssc', 1.4225150951924578e-05
Topic #10,u'accordingly', 1.4225150925471299e-05
Topic #10,u'electronic_product', 1.4225139296573073e-05
Topic #10,u'provision', 1.4225132166977261e-05
Topic #3,u'assistance', 7.9000766365391377e-05
Topic #3,u'welcome', 7.9000764821085027e-05
Topic #3,u'develop_idea', 7.9000762407007314e-05
Topic #3,u'fda', 1.4462962048150904e-05
Topic #3,u'accordance', 1.4229111639759415e-05
Topic #3,u'teprssc', 1.422911126772515e-05
Topic #3,u'accordingly', 1.4229111255071728e-05
Topic #3,u'electronic_product', 1.4229099599076766e-05
Topic #3,u'provision', 1.4229092433465659e-05
Topic #3,u'consider', 1.4229085456353103e-05
