TopicNo,Topic Words,Probability Score
Topic #9,u'agency', 0.0065463798333690957
Topic #9,u'otherwise_obligate', 0.0062438392682953713
Topic #9,u'view_express', 0.0062438392682953713
Topic #9,u'bind', 0.0062438392682953713
Topic #9,u'commit', 0.0062438392682953713
Topic #9,u'statement', 0.00021611785191886062
Topic #9,u'made', 0.00021611689274981334
Topic #9,u'subsequently', 0.00021601992976593551
Topic #9,u'identification', 0.00015687642131781253
Topic #9,u'appropriate_file', 0.00015687642131781253
Topic #7,u'advisory_opinion', 0.0031554700167904012
Topic #7,u'request', 0.00078743688052729873
Topic #7,u'revoke', 0.00077793022457145239
Topic #7,u'amend', 0.00077793022457145239
Topic #7,u'division', 0.00063878465567826319
Topic #7,u'given', 0.00063050273671799663
Topic #7,u'commissioner', 0.00059256411394351712
Topic #7,u'docket_management', 0.00054580316173160931
Topic #7,u'file', 0.00045574719570798416
Topic #7,u'fda', 0.00043499947542379922
Topic #8,u'issue', 0.00065624498401036836
Topic #8,u'opinion', 0.0003709535999761646
Topic #8,u'compliance_policy', 0.00020437947355938225
Topic #8,u'guide', 0.00020437947355938225
Topic #8,u'food', 0.00011474090066614068
Topic #8,u'codify', 0.0001092916411386561
Topic #8,u'manual', 0.0001092916411386561
Topic #8,u'fda_begin', 0.0001092916411386561
Topic #8,u'question', 7.5379887776969923e-05
Topic #8,u'concise_statement', 7.5379887776969923e-05
Topic #6,u'notice', 0.00046606366661152397
Topic #6,u'federal_register', 0.0002231743773843985
Topic #6,u'best', 0.00022312019238181408
Topic #6,u'final_regulation', 0.0001704698222344994
Topic #6,u'propose', 0.0001704698222344994
Topic #6,u'preamble', 0.00010928914093293347
Topic #6,u'manufacturer', 0.00010928914093293347
Topic #6,u'text', 7.5384159874699154e-05
Topic #6,u'portion', 7.5384159874699154e-05
Topic #6,u'hisher', 7.5366087037198381e-05
Topic #2,u'submit', 0.00034931325422025018
Topic #2,u'place', 0.00025719974719514213
Topic #2,u'individual', 0.00016208869092742699
Topic #2,u'one', 0.00016208869092742699
Topic #2,u'copy', 0.00016208802003122224
Topic #2,u'web_site', 0.00010934638514309413
Topic #2,u'http', 0.00010934638514309413
Topic #2,u'add', 0.00010934638514304413
Topic #2,u'data', 7.5423645523540572e-05
Topic #2,u'request_includes', 7.5423645523540572e-05
Topic #1,u'statement', 0.00028449530636883379
Topic #1,u'applicable', 0.00016212535642976349
Topic #1,u'transition_period', 0.00016212535642976349
Topic #1,u'fact', 0.00013604028430071248
Topic #1,u'undersign_certifies', 7.5440697579527951e-05
Topic #1,u'point', 7.5437097930010837e-05
Topic #1,u'legal', 7.5437097930010837e-05
Topic #1,u'relevant', 7.5437097930010837e-05
Topic #1,u'full', 7.5437097930010837e-05
Topic #1,u'whenever_feasible', 5.3604472840141387e-05
Topic #3,u'whether', 0.00022314747937427992
Topic #3,u'health', 0.00020137285014160648
Topic #3,u'involve', 0.00016200318533043595
Topic #3,u'significant_danger', 0.00016200297997885621
Topic #3,u'unusual', 0.00016200297997885621
Topic #3,u'immediate', 0.00016200297997885621
Topic #3,u'situation', 0.00016200297997885621
Topic #3,u'whenever', 0.00016200295802818707
Topic #3,u'possible', 0.00016200295802818707
Topic #3,u'information_staff', 0.00010928856046414493
Topic #4,u'subject', 0.00017614570977247148
Topic #4,u'information', 0.00017066047854794909
Topic #4,u'delegate', 0.00016220556817122021
Topic #4,u'function', 0.00016220556817122021
Topic #4,u'www', 0.0001094252143580611
Topic #4,u'provision', 5.3640271651211828e-05
Topic #4,u'freedom', 1.4238024705259004e-05
Topic #4,u'permanent', 1.4238022196850884e-05
Topic #4,u'case', 1.4236130937952909e-05
Topic #4,u'maintain', 1.423309887090887e-05
Topic #10,u'legal_requirement', 0.0001622648715380922
Topic #10,u'gov', 0.00010946525185595318
Topic #10,u'rockville', 7.5505638620417984e-05
Topic #10,u'fisher', 5.3659898184810289e-05
Topic #10,u'lane', 5.3659897598832191e-05
Topic #10,u'commit', 1.4226415558051439e-05
Topic #10,u'otherwise_obligate', 1.4226415558051439e-05
Topic #10,u'bind', 1.4226415558051439e-05
Topic #10,u'view_express', 1.4226415558051439e-05
Topic #10,u'trade_correspondence', 1.422638523239525e-05
Topic #5,u'mail_address', 7.5520659866467493e-05
Topic #5,u'signature', 7.5520659864959923e-05
Topic #5,u'law', 7.5434645092317559e-05
Topic #5,u'fact', 1.4855869888571654e-05
Topic #5,u'statement', 1.430001420484181e-05
Topic #5,u'knowledge', 1.4247313839934998e-05
Topic #5,u'belief', 1.4247313839934998e-05
Topic #5,u'hisher', 1.4247313839934998e-05
Topic #5,u'best', 1.4247312145745281e-05
Topic #5,u'bind', 1.4229245786002886e-05
