TopicNo,Topic Words,Probability Score
Topic #9,u'include', 0.0016683782045121992
Topic #9,u'public_file', 0.0016683782045121992
Topic #9,u'effect_whatever', 0.0014205954255788998
Topic #9,u'document', 0.0014205954255788998
Topic #9,u'deem', 0.0014205954255788998
Topic #9,u'force', 0.0014205954255788998
Topic #9,u'rescind', 0.0014205954255788998
Topic #9,u'division', 0.00026181747318797005
Topic #9,u'guidance_documents', 0.00021363210965335958
Topic #9,u'separate', 0.00020800445797264665
Topic #7,u'fda', 0.00038269818119389187
Topic #7,u'address', 0.00016688442798588611
Topic #7,u'agency', 0.00016688442798588611
Topic #7,u'available', 0.00016688442798588611
Topic #7,u'elem', 0.00016688436980750014
Topic #7,u'authorize', 7.7408677634876517e-05
Topic #7,u'formulates', 7.7408677634876517e-05
Topic #7,u'often', 7.7408677634876517e-05
Topic #7,u'matter', 7.7408677634876517e-05
Topic #7,u'disseminates_recommendation', 7.7408677634876517e-05
Topic #3,u'federal_register', 0.00025128331504880897
Topic #3,u'regulation', 0.00019375597987118174
Topic #3,u'understand', 0.00016688736298924224
Topic #3,u'memoranda', 0.00016688736298924224
Topic #3,u'issue', 0.00015310252230695876
Topic #3,u'paragraph', 0.00011243358666116341
Topic #3,u'publish', 0.00011243358666116341
Topic #3,u'formal_agreement', 0.00011243354711526221
Topic #3,u'state', 7.7410040711347643e-05
Topic #3,u'model', 7.7410040711347643e-05
Topic #4,u'recommendation', 0.00021649062704033085
Topic #4,u'personnel_practice', 7.7479034251914423e-05
Topic #4,u'radiation_exposure', 7.7479034251914423e-05
Topic #4,u'reduce', 7.7479034251914423e-05
Topic #4,u'reserve', 7.7479012732483587e-05
Topic #4,u'federal_regulations', 5.49287922322164e-05
Topic #4,u'code', 5.4928791847964653e-05
Topic #4,u'codify', 5.4928791728635018e-05
Topic #4,u'regulation', 1.4239083462260925e-05
Topic #4,u'elem', 1.4223627501604451e-05
Topic #8,u'www', 0.00016710701397230459
Topic #8,u'elem', 1.4229669534692488e-05
Topic #8,u'gov', 1.4229669521651775e-05
Topic #8,u'deem', 1.4229666529866435e-05
Topic #8,u'force', 1.4229666529866435e-05
Topic #8,u'document', 1.4229666529866435e-05
Topic #8,u'effect_whatever', 1.4229666529866435e-05
Topic #8,u'rescind', 1.4229666529866435e-05
Topic #8,u'formal_agreement', 1.4229666270384588e-05
Topic #8,u'freedom', 1.4229664884902589e-05
Topic #6,u'http', 0.0001670049355630211
Topic #6,u'web_site', 0.0001670049355630211
Topic #6,u'information_staff', 0.00016700493556107138
Topic #6,u'gov', 0.00016700488925708163
Topic #6,u'freedom', 0.00016700262868272494
Topic #6,u'elem', 1.4220973305560945e-05
Topic #6,u'www', 1.4220973291948199e-05
Topic #6,u'force', 1.422097029640719e-05
Topic #6,u'effect_whatever', 1.422097029640719e-05
Topic #6,u'document', 1.422097029640719e-05
Topic #5,u'agreement', 0.00015330618362951331
Topic #5,u'elem', 1.4229865945798902e-05
Topic #5,u'gov', 1.4229865941676053e-05
Topic #5,u'www', 1.4229865931773532e-05
Topic #5,u'deem', 1.4229862944272601e-05
Topic #5,u'force', 1.4229862944272601e-05
Topic #5,u'document', 1.4229862944272601e-05
Topic #5,u'rescind', 1.4229862944272601e-05
Topic #5,u'effect_whatever', 1.4229862944272601e-05
Topic #5,u'formal_agreement', 1.422986268346273e-05
Topic #1,u'regulation', 0.00011820333388310607
Topic #1,u'subject', 7.7491767201161304e-05
Topic #1,u'dissemination', 7.7491557089932311e-05
Topic #1,u'draft_notice', 7.7491557089932311e-05
Topic #1,u'contain_provision', 5.4937669675876634e-05
Topic #1,u'legal_requirements', 5.4937669349277596e-05
Topic #1,u'enforce', 5.4937669314298618e-05
Topic #1,u'elem', 1.4225926088961466e-05
Topic #1,u'gov', 1.4225926075968449e-05
Topic #1,u'www', 1.4225926075369264e-05
Topic #2,u'elem', 1.4231845261492691e-05
Topic #2,u'gov', 1.4231845248478502e-05
Topic #2,u'www', 1.4231845247878367e-05
Topic #2,u'deem', 1.4231842257784032e-05
Topic #2,u'force', 1.4231842257784032e-05
Topic #2,u'effect_whatever', 1.4231842257784032e-05
Topic #2,u'rescind', 1.4231842257784032e-05
Topic #2,u'document', 1.4231842257784032e-05
Topic #2,u'formal_agreement', 1.4231841996727239e-05
Topic #2,u'freedom', 1.4231840610737815e-05
Topic #10,u'elem', 1.4231845261484141e-05
Topic #10,u'www', 1.4231845251454417e-05
Topic #10,u'gov', 1.42318452484731e-05
Topic #10,u'effect_whatever', 1.4231842257786354e-05
Topic #10,u'rescind', 1.4231842257786354e-05
Topic #10,u'deem', 1.4231842257786354e-05
Topic #10,u'force', 1.4231842257786354e-05
Topic #10,u'document', 1.4231842257786354e-05
Topic #10,u'formal_agreement', 1.4231841996721682e-05
Topic #10,u'freedom', 1.4231840611183554e-05
