TopicNo,Topic Words,Probability Score
Topic #10,u'activity', 0.0020778386526325034
Topic #10,u'association', 0.001818988160722468
Topic #10,u'standard', 0.0016987652169490654
Topic #10,u'group', 0.0012434805452833774
Topic #10,u'participation', 0.0011363493254056484
Topic #10,u'fda', 0.0010464240072069592
Topic #10,u'include', 0.00091376986722641095
Topic #10,u'paragraph', 0.00066940023073794178
Topic #10,u'fda_employee', 0.00058796557737417785
Topic #10,u'organization_responsible', 0.00057984760381884224
Topic #6,u'set_activity', 0.0012498493387808245
Topic #6,u'state', 0.00071908039165073602
Topic #6,u'organization', 0.00058879096260955376
Topic #6,u'information_staff', 0.00055288731925697194
Topic #6,u'freedom', 0.0005528808243434358
Topic #6,u'conference', 0.00049952447007919128
Topic #6,u'health', 0.00049951931304063749
Topic #6,u'interest', 0.00038925314937797835
Topic #6,u'environmental', 0.00025678369764432481
Topic #6,u'administrator', 0.0002567831658214976
Topic #7,u'information', 0.00078660203683514915
Topic #7,u'set_activity', 0.00055741980320381278
Topic #7,u'freedom', 0.00055741904031147928
Topic #7,u'division', 0.0005574124974700779
Topic #7,u'establish', 0.00055741249549045571
Topic #7,u'national_association', 0.00025888480012453414
Topic #7,u'department', 0.00025888479232164555
Topic #7,u'agriculture', 0.00025888479232164555
Topic #7,u'ncww', 0.00025888450256995556
Topic #7,u'xvi', 0.00025888450256576675
Topic #5,u'agency', 0.00077904920851076798
Topic #5,u'available', 0.00055771022273600314
Topic #5,u'address', 0.00055771022215588288
Topic #5,u'http', 0.00055757520414683338
Topic #5,u'web_site', 0.00055757519781977265
Topic #5,u'crcpd', 0.00025902278185705168
Topic #5,u'neha', 0.00025902278185661556
Topic #5,u'issc', 0.00025902278181728173
Topic #5,u'industry_association', 0.00017934656125012782
Topic #5,u'approval_form', 0.0001148182804083124
Topic #1,u'gov', 0.00064544735739845377
Topic #1,u'add', 0.00055759171485466425
Topic #1,u'place', 0.00055759171338810724
Topic #1,u'veterinarian', 0.00025896806266929558
Topic #1,u'hygiene', 0.00025896806266929558
Topic #1,u'american_association', 0.00025896806266929558
Topic #1,u'inc', 0.0002589678348014294
Topic #1,u'nada', 0.00025896774704209813
Topic #1,u'xiii', 0.00025896774703885534
Topic #1,u'nsps', 0.00025896774703858938
Topic #8,u'www', 0.00055819046228861664
Topic #8,u'person', 0.00042901554178857476
Topic #8,u'interstate', 0.00025919389962534515
Topic #8,u'shellfish', 0.00025919387436591199
Topic #8,u'sanitation', 0.00025919387436591199
Topic #8,u'international_association', 0.00025919378873560342
Topic #8,u'afdo', 0.00025919355776281142
Topic #8,u'milk', 0.00025919136327399853
Topic #8,u'conference', 0.00025919059972897711
Topic #8,u'professional_society', 0.00017946481175814145
Topic #3,u'elem', 0.00055716319343248244
Topic #3,u'fee', 0.0004155678378473825
Topic #3,u'national_association', 0.0002587690450958608
Topic #3,u'board', 0.00025876903135232173
Topic #3,u'pharmacy', 0.00025876903135232173
Topic #3,u'xvii', 0.00025876874169443334
Topic #3,u'nabp', 0.00025876874169241369
Topic #3,u'aoac_international', 0.00025876874165692732
Topic #3,u'coshem', 0.00025876874157811146
Topic #3,u'inc', 0.00025876874017722218
Topic #4,u'national_conference', 0.00050203448852729278
Topic #4,u'view', 0.00049147773840973129
Topic #4,u'public', 0.00044660913558595429
Topic #4,u'member', 0.00033509203899074569
Topic #4,u'design', 0.00027079921928327644
Topic #4,u'milk', 0.00025807953320323637
Topic #4,u'shipment', 0.00025807709314284381
Topic #4,u'interstate', 0.00025807708355220579
Topic #4,u'weight', 0.00025807706652757192
Topic #4,u'measure', 0.00025807706652757192
Topic #2,u'activity', 0.00047311615733325356
Topic #2,u'cfp', 0.00025896136581518391
Topic #2,u'xiv', 0.00025896136581322454
Topic #2,u'aafhv', 0.00025896136580208864
Topic #2,u'agency_staff', 0.00024378535538246748
Topic #2,u'approval', 0.00024378513793115757
Topic #2,u'guide', 0.00024378256686314486
Topic #2,u'manual', 0.00024378067841833708
Topic #2,u'participate', 0.00024378030452657637
Topic #2,u'current', 0.00024377760011560275
Topic #9,u'except', 0.0002724402853087188
Topic #9,u'professional_sanitarians', 0.00025966643774570685
Topic #9,u'national_society', 0.00025966643774570685
Topic #9,u'xviii', 0.00025966620707765632
Topic #9,u'new', 0.000115099068336451
Topic #9,u'basis', 0.000115099068336451
Topic #9,u'permit_revision', 0.000115099068336451
Topic #9,u'provide', 0.00011509640876106181
Topic #9,u'technical', 7.8898537526441329e-05
Topic #9,u'policy_criterion', 7.8898536008208849e-05
