TopicNo,Topic Words,Probability Score
Topic #10,u'petition', 0.00692301765244039
Topic #10,u'action', 0.0038132394416685285
Topic #10,u'state', 0.0037074428839844239
Topic #10,u'requirement', 0.0023628451784315865
Topic #10,u'exemption', 0.0010243358188661148
Topic #10,u'agency', 0.00070362437915020897
Topic #10,u'meet', 0.00059702549726595362
Topic #10,u'file', 0.00052341590184987316
Topic #10,u'issue', 0.00049558338787837641
Topic #10,u'effect', 0.0004655701749702617
Topic #5,u'whichever_occurs', 0.0039123411094061679
Topic #5,u'later', 0.0039123411094061679
Topic #5,u'petitioner', 0.00058687237026104275
Topic #5,u'number', 0.00017027277695146582
Topic #5,u'contain', 0.00017004751399699511
Topic #5,u'telephone', 0.00016159404741531504
Topic #5,u'name', 0.00010898533033482614
Topic #5,u'cfr', 0.00010898114059246564
Topic #5,u'categorical_exclusion', 0.00010898001930953145
Topic #5,u'environmental_impact', 0.00010898001930953145
Topic #2,u'act', 0.00074915160067355092
Topic #2,u'publish', 0.0002024230962913153
Topic #2,u'_________', 0.00016288288337842124
Topic #2,u'omb', 0.00016288288337579167
Topic #2,u'environmental_assessment', 0.00010985572632824719
Topic #2,u'cfr', 0.00010985459907534837
Topic #2,u'official', 7.5588830033828516e-05
Topic #2,u'effective_date', 5.3809826738540426e-05
Topic #2,u'designate', 5.3809826278077751e-05
Topic #2,u'final_rule', 5.3809616058496418e-05
Topic #6,u'need', 0.0006751318301418018
Topic #6,u'information', 0.00062253879924791141
Topic #6,u'provide', 0.00055130573089099593
Topic #6,u'federal_requirement', 0.00043279760219295897
Topic #6,u'indicate', 0.00025640474754584262
Topic #6,u'person', 0.00025639695583478799
Topic #6,u'address', 0.00024309226006687446
Topic #6,u'interstate_commerce', 0.00024308727020738092
Topic #6,u'drug_administration', 0.00021469865737707184
Topic #6,u'food', 0.00020587973596207119
Topic #8,u'preemption', 0.00059477173064584083
Topic #8,u'submit', 0.00046218558768169426
Topic #8,u'grant', 0.00044538786943431192
Topic #8,u'request_exemption', 0.00030265188622014276
Topic #8,u'exemption', 0.00022411927881487063
Topic #8,u'interest', 0.00022372057147847615
Topic #8,u'division', 0.00022367127301148147
Topic #8,u'docket_management', 0.00022367127301148147
Topic #8,u'assign', 0.0001623720384547316
Topic #8,u'number', 0.00016236683003147207
Topic #3,u'docket_management', 0.00052082317702649233
Topic #3,u'division', 0.00052082317702649233
Topic #3,u'________', 0.00031950530547130199
Topic #3,u'docket', 0.00026529315211479265
Topic #3,u'number', 0.00025310358938926972
Topic #3,u'file', 0.00022993018622273492
Topic #3,u'submission', 0.00020210771106447665
Topic #3,u'submission_relate', 0.00016244919078437696
Topic #3,u'file_establish', 0.00016244919078437696
Topic #3,u'identifies', 0.00016244919078437696
Topic #9,u'subject', 0.00035927105326689912
Topic #9,u'preemption', 0.00026862930855177738
Topic #9,u'include', 0.00023264912223210969
Topic #9,u'standard', 0.00021075162676254322
Topic #9,u'contain', 0.00017119251181020066
Topic #9,u'either', 0.00016270331843336552
Topic #9,u'response', 0.00016270146613113249
Topic #9,u'implement_regulation', 0.00013710543426256435
Topic #9,u'undersign_certifies', 0.00010973458866433215
Topic #9,u'certification', 0.00010973458866433215
Topic #4,u'regulation', 0.00025088286885787195
Topic #4,u'condition', 0.00014961815662139729
Topic #4,u'rockville', 7.5843038993453457e-05
Topic #4,u'prescribe', 5.3876116007458702e-05
Topic #4,u'act_submit', 5.3876105944757704e-05
Topic #4,u'local_requirement', 5.3745007285200181e-05
Topic #4,u'even', 1.6219766101752164e-05
Topic #4,u'yet', 1.6219766101752164e-05
Topic #4,u'consider_timely', 1.6219766101752164e-05
Topic #4,u'though', 1.6219766101752164e-05
Topic #1,u'department', 0.00017155988171017509
Topic #1,u'authority', 0.0001154615582743689
Topic #1,u'extent', 0.0001099587507200415
Topic #1,u'possible', 0.0001099587507200415
Topic #1,u'human_service', 7.5820779645942047e-05
Topic #1,u'health', 7.5820779645942047e-05
Topic #1,u'submit_petition', 7.5743252166632054e-05
Topic #1,u'behalf', 7.5741539643971523e-05
Topic #1,u'force', 5.3846562623305027e-05
Topic #1,u'law', 5.3846562613538933e-05
Topic #7,u'unless_otherwise_specify', 0.00016302493122030592
Topic #7,u'mail_address', 0.00016302493120487339
Topic #7,u'federal_food', 0.0001550516510392567
Topic #7,u'purpose', 9.1331681115708942e-05
Topic #7,u'standard_format', 7.581580057444653e-05
Topic #7,u'content', 7.581580057444653e-05
Topic #7,u'ascii_format', 7.5815779139097754e-05
Topic #7,u'disk', 7.581497172281799e-05
Topic #7,u'scope', 5.3856750344254402e-05
Topic #7,u'columbia', 5.3856750032827493e-05
