TopicNo,Topic Words,Probability Score
Topic #4,u'reserve', 0.0018931699561185477
Topic #4,u'slack', 7.6741572972787627e-05
Topic #4,u'discourage_pilfer', 1.4204214053132324e-05
Topic #4,u'resistant_device', 1.4204214053099022e-05
Topic #4,u'accommodate_tamper', 1.420421405257931e-05
Topic #4,u'facilitate_handle', 1.4204214052549797e-05
Topic #4,u'nonfunctional_slack', 1.4204208887245234e-05
Topic #4,u'promotional_package', 1.4204207629579777e-05
Topic #4,u'durable_commemorative', 1.4204207629579777e-05
Topic #4,u'protection', 1.4204207293240602e-05
Topic #5,u'food', 0.00063526890830250854
Topic #5,u'container', 0.00037253390755705119
Topic #5,u'product', 0.00027011282255760501
Topic #5,u'package', 0.00023429085141915101
Topic #5,u'value', 0.00020782589774486537
Topic #5,u'function', 0.00020782589580417395
Topic #5,u'content', 0.00019655054500619364
Topic #5,u'consumer', 0.00017298802293812677
Topic #5,u'hold', 0.00011098894341520532
Topic #5,u'product_consists', 0.00011098894341520532
Topic #10,u'fill', 0.00051806002618064802
Topic #10,u'package', 0.0002277540254088638
Topic #10,u'reduce', 0.00016523516919173494
Topic #10,u'increase_level', 0.00016523516919173494
Topic #10,u'inability', 0.00016523516919173494
Topic #10,u'size', 0.00016523516919173494
Topic #10,u'mislead', 0.00011695108958074294
Topic #10,u'durable_commemorative', 0.00011136679634247252
Topic #10,u'promotional_package', 0.00011136679634247252
Topic #10,u'empty_space', 7.6719805541364971e-05
Topic #7,u'discourage_pilfer', 0.00016557181796004672
Topic #7,u'act', 5.4542773142066509e-05
Topic #7,u'reserve', 1.422918332462726e-05
Topic #7,u'resistant_device', 1.4229117602361201e-05
Topic #7,u'facilitate_handle', 1.4229117601890739e-05
Topic #7,u'accommodate_tamper', 1.4229117601840237e-05
Topic #7,u'nonfunctional_slack', 1.4229112425811704e-05
Topic #7,u'slack', 1.4229112183538143e-05
Topic #7,u'promotional_package', 1.4229111166435299e-05
Topic #7,u'durable_commemorative', 1.4229111166435299e-05
Topic #9,u'facilitate_handle', 0.00016555343672725333
Topic #9,u'accommodate_tamper', 0.00016555343672616069
Topic #9,u'reserve', 1.4227603628394266e-05
Topic #9,u'discourage_pilfer', 1.4227537933123609e-05
Topic #9,u'resistant_device', 1.4227537933090262e-05
Topic #9,u'nonfunctional_slack', 1.4227532757819863e-05
Topic #9,u'slack', 1.4227532515488688e-05
Topic #9,u'promotional_package', 1.4227531497604062e-05
Topic #9,u'durable_commemorative', 1.4227531497604062e-05
Topic #9,u'protection', 1.4227531160955574e-05
Topic #1,u'vignette', 0.00016549244754461302
Topic #1,u'label_information', 0.00016549244754461302
Topic #1,u'exclude', 0.00016549244754461302
Topic #1,u'nonmandatory_design', 0.00016549244754461302
Topic #1,u'protection', 7.6762718006445567e-05
Topic #1,u'content', 1.6493532655061601e-05
Topic #1,u'package', 1.5542695881033218e-05
Topic #1,u'need', 1.4257370549826189e-05
Topic #1,u'perform_a', 1.4257370549826189e-05
Topic #1,u'specific_function', 1.4257370549826189e-05
Topic #8,u'package_size', 0.00016545335347553679
Topic #8,u'necessary', 0.00016545335347553679
Topic #8,u'minimum', 0.00016545335347553679
Topic #8,u'accommodate_required', 0.00016545335347553679
Topic #8,u'food_labeling', 0.00016545335347553679
Topic #8,u'resistant_device', 0.00016545328718915427
Topic #8,u'reserve', 1.4218996726116685e-05
Topic #8,u'accommodate_tamper', 1.4218931157611193e-05
Topic #8,u'discourage_pilfer', 1.4218931157254144e-05
Topic #8,u'facilitate_handle', 1.4218931156670848e-05
Topic #3,u'nonfunctional_slack', 7.6877294089906537e-05
Topic #3,u'accordance', 5.4545411972667698e-05
Topic #3,u'form', 5.4545411556590653e-05
Topic #3,u'reserve', 1.422987184348568e-05
Topic #3,u'resistant_device', 1.4229806105708655e-05
Topic #3,u'discourage_pilfer', 1.4229806103529563e-05
Topic #3,u'accommodate_tamper', 1.4229806102975175e-05
Topic #3,u'facilitate_handle', 1.422980610294575e-05
Topic #3,u'slack', 1.4229800685175341e-05
Topic #3,u'durable_commemorative', 1.4229799668427161e-05
Topic #6,u'reserve', 1.4231910990010124e-05
Topic #6,u'discourage_pilfer', 1.4231845227153379e-05
Topic #6,u'resistant_device', 1.423184522686629e-05
Topic #6,u'accommodate_tamper', 1.423184522634515e-05
Topic #6,u'facilitate_handle', 1.4231845226315634e-05
Topic #6,u'nonfunctional_slack', 1.4231840050109816e-05
Topic #6,u'slack', 1.4231839807679383e-05
Topic #6,u'promotional_package', 1.4231838789298886e-05
Topic #6,u'durable_commemorative', 1.4231838789298886e-05
Topic #6,u'act', 1.4231838473787847e-05
Topic #2,u'reserve', 1.4231910985505662e-05
Topic #2,u'discourage_pilfer', 1.423184522690761e-05
Topic #2,u'resistant_device', 1.4231845226869289e-05
Topic #2,u'accommodate_tamper', 1.4231845226348132e-05
Topic #2,u'facilitate_handle', 1.4231845226318738e-05
Topic #2,u'nonfunctional_slack', 1.4231840050112354e-05
Topic #2,u'slack', 1.4231839807682392e-05
Topic #2,u'promotional_package', 1.4231838789301879e-05
Topic #2,u'durable_commemorative', 1.4231838789301879e-05
Topic #2,u'form', 1.4231838466952754e-05
