TopicNo,Topic Words,Probability Score
Topic #6,u'number', 0.004343265942460494
Topic #6,u'assign_omb_control', 0.0042485461579245586
Topic #6,u'proceed', 0.00020053023965722574
Topic #6,u'court_pertain', 0.00020052969008069605
Topic #6,u'branch', 0.00016974882526102992
Topic #6,u'pkwy', 0.00016974882526102992
Topic #6,u'paint', 0.00016974882526102992
Topic #6,u'fax', 0.00016974882257322826
Topic #6,u'prosecute', 0.00016097734465606758
Topic #6,u'whether', 0.00015973394418862069
Topic #1,u'notification', 0.0011818168464667734
Topic #1,u'state', 0.0011052813504189888
Topic #1,u'enforcement_actions', 0.00069671852890734547
Topic #1,u'food', 0.00069295891819193029
Topic #1,u'pertain', 0.00068056533424260153
Topic #1,u'enforcement_action', 0.00063654313551447556
Topic #1,u'formal', 0.00053352059148982598
Topic #1,u'letter', 0.00047192642704272492
Topic #1,u'informal', 0.00038647632864530305
Topic #1,u'question', 0.00030808363776601915
Topic #9,u'fda', 0.00091304408441757591
Topic #9,u'day', 0.00042904892716162489
Topic #9,u'food', 0.00042501820328996596
Topic #9,u'include', 0.00037195194870120871
Topic #9,u'drug_administration', 0.0002103750550447334
Topic #9,u'definition', 0.00016240223021103133
Topic #9,u'respond', 0.00016235712820109909
Topic #9,u'receipt', 0.00015969827420017502
Topic #9,u'work', 0.00015969827420017502
Topic #9,u'state', 0.00012253343561381463
Topic #3,u'date', 0.00081826057190885005
Topic #3,u'applicable', 0.00020437350655197668
Topic #3,u'college_park', 0.00017123935851852219
Topic #3,u'purpose', 0.00016254886770697839
Topic #3,u'indicate_authority', 0.00010975929052044675
Topic #3,u'undersign', 7.5688426063961331e-05
Topic #3,u'attach_hereto', 7.5688426063570368e-05
Topic #3,u'notification_pursuant', 7.5674929792670612e-05
Topic #3,u'submits', 7.5674342654586746e-05
Topic #3,u'work', 1.6259359869608334e-05
Topic #5,u'name', 0.00057876602998889611
Topic #5,u'enforcement', 0.00050659479551350573
Topic #5,u'division', 0.00046712950008174012
Topic #5,u'within', 0.00038934454938309432
Topic #5,u'______', 0.00035474086389119153
Topic #5,u'address', 0.00020480352014932084
Topic #5,u'omb', 0.00016233024166789197
Topic #5,u'federal_food', 0.0001149667046023398
Topic #5,u'violation', 0.00010948889524381515
Topic #5,u'anticipate', 0.00010948844248088177
Topic #2,u'center', 0.00046806196269474286
Topic #2,u'apply_nutrition', 0.00046806196269474286
Topic #2,u'food_safety', 0.00046806196269474286
Topic #2,u'paragraph', 0.00030317897419221694
Topic #2,u'detention', 0.00016265386920574993
Topic #2,u'____', 7.5652158899703318e-05
Topic #2,u'respect', 7.5652158899703318e-05
Topic #2,u'submits', 7.5631425142053677e-05
Topic #2,u'accordance', 7.5631158640313378e-05
Topic #2,u'court_proceed', 5.3745344045785054e-05
Topic #8,u'product', 0.00026700638986156515
Topic #8,u'cosmetic_act', 0.00011534625951314509
Topic #8,u'copy', 0.00010984990158286298
Topic #8,u'label', 0.00010984990158286298
Topic #8,u'labeling', 0.00010984990158286298
Topic #8,u'zip_code', 7.5716792529882871e-05
Topic #8,u'right', 5.3809355913921246e-05
Topic #8,u'intervene', 5.3809355853400403e-05
Topic #8,u'matter', 5.3809355603425842e-05
Topic #8,u'name', 1.4710124736855107e-05
Topic #7,u'settle', 0.00024199162854733681
Topic #7,u'proceed', 0.00020264766256773234
Topic #7,u'field_program', 0.00016283711146190263
Topic #7,u'office', 0.0001628351800280994
Topic #7,u'specific', 0.00010983027119682084
Topic #7,u'list', 0.00010983027119682084
Topic #7,u'violation', 0.00010982981100628078
Topic #7,u'informal', 1.4217677244338237e-05
Topic #7,u'assign_omb_control', 1.4217668024180951e-05
Topic #7,u'formal', 1.4217652736773381e-05
Topic #4,u'director', 0.00022424841091582274
Topic #4,u'office', 0.00016276032006643133
Topic #4,u'requirement', 0.00016275838511887629
Topic #4,u'approve', 0.00016275838511887629
Topic #4,u'budget', 0.00016275838511887629
Topic #4,u'information_collection', 0.00016275838511887629
Topic #4,u'management', 0.00016275838511887629
Topic #4,u'______', 0.00013718115167303836
Topic #4,u'truly', 0.00010977712106887891
Topic #4,u'report_official', 7.5692777582639844e-05
Topic #10,u'recall', 0.00016290197129506986
Topic #10,u'law_violate', 0.00010987404148665153
Topic #10,u'include_section', 0.00010987404148665153
Topic #10,u'manufacture_code', 0.00010987401282512598
Topic #10,u'proceeding', 9.3420275165012896e-05
Topic #10,u'civil_enforcement', 5.3827321635240744e-05
Topic #10,u'locate', 5.3779239669674699e-05
Topic #10,u'telephone', 2.0699238800515887e-05
Topic #10,u'act', 1.5786276222920121e-05
Topic #10,u'subject', 1.4248130580889192e-05
