TopicNo,Topic Words,Probability Score
Topic #3,u'quality_assurance', 0.02473410623565328
Topic #3,u'facility', 0.0029441659932731459
Topic #3,u'program', 0.0016556962881226114
Topic #3,u'monitor', 0.0010779540396269169
Topic #3,u'responsibility', 0.00070756839533856527
Topic #3,u'make', 0.00066752700021877303
Topic #3,u'effectiveness', 0.000661418512576263
Topic #3,u'result', 0.00061158431731114413
Topic #3,u'include', 0.00060078345792856488
Topic #3,u'parameter', 0.00052329794441010572
Topic #9,u'need', 0.023816335072993026
Topic #9,u'standard', 0.0011014951249967376
Topic #9,u'image_quality', 0.00062016716414542417
Topic #9,u'reproducibility', 0.00054180328416098401
Topic #9,u'establish', 0.00036396067103349464
Topic #9,u'accuracy', 0.00034140970223179418
Topic #9,u'acceptable', 0.00024805164622358403
Topic #9,u'mean', 0.00024037628334005106
Topic #9,u'improve', 0.0001942003509435034
Topic #9,u'exposure', 0.00016450837528662497
Topic #10,u'manual', 0.023383594174703565
Topic #10,u'record', 0.0012519127035450226
Topic #10,u'purchase_specification', 0.00058141147988080262
Topic #10,u'type', 0.00029141872036346766
Topic #10,u'service', 0.00023150786932444115
Topic #10,u'acceptability', 0.00021546378392685899
Topic #10,u'acceptance_test', 0.00021539461464889365
Topic #10,u'provide', 0.00018040950943908185
Topic #10,u'define', 0.00016460096513221299
Topic #10,u'respect', 0.00016459205412803465
Topic #4,u'determine', 0.022996350008700522
Topic #4,u'whether', 0.022187656492586447
Topic #4,u'review', 0.021945908703408082
Topic #4,u'basis', 0.00052234105258694744
Topic #4,u'andor', 0.0003217593776888752
Topic #4,u'ray_equipment', 0.00028553096269456359
Topic #4,u'darkroom', 0.00028114553057468098
Topic #4,u'corrective_action', 0.00027395565453750372
Topic #4,u'practitioner', 0.00025821839975545839
Topic #4,u'charge', 0.00025821839929641917
Topic #5,u'least', 0.022330736262902846
Topic #5,u'annually', 0.022200747933092124
Topic #5,u'revision', 0.021770927406746635
Topic #5,u'made', 0.0007886573008974954
Topic #5,u'personnel', 0.00045907255601807038
Topic #5,u'size', 0.00035558857881691394
Topic #5,u'consistency', 0.00030188803133637338
Topic #5,u'one', 0.00023755494803643295
Topic #5,u'time', 0.00023752319740483332
Topic #5,u'objective', 0.0002252220669100886
Topic #8,u'committee', 0.0013528090971944339
Topic #8,u'monitor', 0.00062723625709844516
Topic #8,u'facility_staff', 0.0006001928372212674
Topic #8,u'level', 0.00052255316349427133
Topic #8,u'train', 0.0005166751437424051
Topic #8,u'member', 0.00047472413393969429
Topic #8,u'staff', 0.00047286376455777713
Topic #8,u'use', 0.00045979828400328804
Topic #8,u'duty', 0.00041839125363974679
Topic #8,u'reason', 0.00039590125003552184
Topic #7,u'equipment', 0.00091302864865653406
Topic #7,u'meet', 0.00060653583539388119
Topic #7,u'ensure', 0.00051265021311792079
Topic #7,u'state', 0.00044086529658908654
Topic #7,u'could', 0.00036657814873187214
Topic #7,u'perform', 0.00031441875310002804
Topic #7,u'artifact_identification', 0.00026248146239714066
Topic #7,u'art', 0.000220581921901851
Topic #7,u'new', 0.00019906010785987919
Topic #7,u'prevent', 0.00016852834376562034
Topic #6,u'evaluation', 0.00072146832198827964
Topic #6,u'provide', 0.00025973285623059124
Topic #6,u'system', 0.00024652884535876214
Topic #6,u'part', 0.00024112872572288241
Topic #6,u'either', 0.00022079430522364035
Topic #6,u'basic', 0.00021294076928561712
Topic #6,u'function', 0.00017407081901032288
Topic #6,u'case', 0.00016866331040593562
Topic #6,u'follow_item', 0.00016029544423409322
Topic #6,u'essential_information', 0.00016029544423409322
Topic #2,u'ray_system', 0.00054710137884913471
Topic #2,u'paragraph', 0.00052549297486667492
Topic #2,u'problem', 0.00039467227132318749
Topic #2,u'representative', 0.00036206068679401184
Topic #2,u'describe', 0.00034047112631273551
Topic #2,u'skin_exposures', 0.00032313542142242962
Topic #2,u'entrance', 0.00032313542142242962
Topic #2,u'resolution', 0.00026264185245789923
Topic #2,u'difficulty', 0.00026055932765361891
Topic #2,u'detect', 0.00025427459995059243
Topic #1,u'follow', 0.00046160968085657856
Topic #1,u'maintain', 0.00034576952941747687
Topic #1,u'cassette', 0.00032365149548017712
Topic #1,u'maintenance', 0.00026847029677391716
Topic #1,u'ideally', 0.0002546817002516288
Topic #1,u'grid', 0.00022948996937429864
Topic #1,u'vendor', 0.00022102806044608619
Topic #1,u'equipment', 0.00020788045186351305
Topic #1,u'component', 0.0001916482661603723
Topic #1,u'correction', 0.00016889088076462187
