TopicNo,Topic Words,Probability Score
Topic #5,u'area', 0.0010477825213633248
Topic #5,u'specific', 0.00085321206662466477
Topic #5,u'examination', 0.00042835389006911783
Topic #5,u'testicular_shield', 0.00036951600650162055
Topic #5,u'need', 0.00026409846271176158
Topic #5,u'male_patient', 0.00026409226230436812
Topic #5,u'use', 0.00024777441276152453
Topic #5,u'gonad_shield', 0.00021409797651028177
Topic #5,u'ovarian_shield', 0.00020325151220738024
Topic #5,u'possible', 0.00020325151084001097
Topic #2,u'shield', 0.00043311421805002889
Topic #2,u'patient', 0.00028240674216068991
Topic #2,u'provide', 0.00018767958981744876
Topic #2,u'ray_facility', 0.00017015188484598707
Topic #2,u'basis', 0.00017015188225339694
Topic #2,u'hra', 0.00016170112883421203
Topic #2,u'upon', 0.00014838072336761967
Topic #2,u'reproductive_potential', 0.00010908231455751065
Topic #2,u'average', 0.0001090818536190902
Topic #2,u'various', 0.0001090818536190902
Topic #6,u'within', 0.00036194495707030208
Topic #6,u'examination', 0.00019010514657231473
Topic #6,u'lie', 0.00018808311612056943
Topic #6,u'testis', 0.00014871127267687025
Topic #6,u'could', 0.00013661371598972736
Topic #6,u'close_proximity', 0.00013175135957939907
Topic #6,u'primary_beam', 0.00010926255194303861
Topic #6,u'edge', 0.00010926255194303861
Topic #6,u'ray_examination', 0.00010926255194303861
Topic #6,u'adversely_affect', 7.5406811755033285e-05
Topic #4,u'parent', 0.00029969668420579951
Topic #4,u'ray_field', 0.00023304586332297228
Topic #4,u'age', 0.0002045338359547443
Topic #4,u'future', 0.00010936940426307948
Topic #4,u'child', 0.00010936940426307948
Topic #4,u'number', 0.00010936925098098264
Topic #4,u'female', 0.00010936921328467709
Topic #4,u'expect', 0.00010936921328467709
Topic #4,u'fetus', 0.00010936921328467709
Topic #4,u'versus', 0.00010936921328467709
Topic #3,u'vol', 0.00016236846239007152
Topic #3,u'consequently', 0.00010953198377426785
Topic #3,u'confinement', 7.5548663727438085e-05
Topic #3,u'pubic_symphysis', 7.5546111566943914e-05
Topic #3,u'hra', 1.4226635176005328e-05
Topic #3,u'ureter', 1.4226631854768006e-05
Topic #3,u'abdominal', 1.4226630072787212e-05
Topic #3,u'occasionally', 1.4226629703571742e-05
Topic #3,u'technique', 1.4226629703549887e-05
Topic #3,u'intravenous_pyelogram', 1.4226629697745457e-05
Topic #10,u'data_publish', 0.00016216193061787057
Topic #10,u'national_center', 0.00016216193061787057
Topic #10,u'derive', 0.00016216193061787057
Topic #10,u'health_statistic', 0.00016216193061787057
Topic #10,u'statistic', 0.0001621619253303569
Topic #10,u'natality', 0.0001621619253303569
Topic #10,u'final', 0.0001621619253303569
Topic #10,u'abdominal', 0.00013025473414383972
Topic #10,u'ray_procedures', 9.3024532116896047e-05
Topic #10,u'scout', 7.5452562322600886e-05
Topic #8,u'therefore', 0.00014896243228933195
Topic #8,u'genetic', 5.3671960649849716e-05
Topic #8,u'many', 5.3671960627350379e-05
Topic #8,u'mutation', 5.3671960610346349e-05
Topic #8,u'objective', 5.3671960600704729e-05
Topic #8,u'interfere', 5.367196059297146e-05
Topic #8,u'without', 5.3671960591235829e-05
Topic #8,u'radiation_exposure', 5.3671960585192242e-05
Topic #8,u'medical', 5.3671960565612581e-05
Topic #8,u'germinal_tissue', 5.3671960496956081e-05
Topic #9,u'patient', 0.00014894495107640364
Topic #9,u'reasonable', 0.00010949964917593668
Topic #9,u'ureter', 0.00010949961320369643
Topic #9,u'reproductive_potential', 0.0001094991844486134
Topic #9,u'millimeter', 7.5526353525379172e-05
Topic #9,u'lead', 7.5526353525379172e-05
Topic #9,u'upper_femur', 5.3671796808414586e-05
Topic #9,u'medical_diagnostic', 5.3646435731175372e-05
Topic #9,u'recommendation', 5.364643538346956e-05
Topic #9,u'gonad_shield', 1.4246748998985367e-05
Topic #7,u'proper', 0.00011495851735509393
Topic #7,u'beam', 0.0001149585172200682
Topic #7,u'limitation', 0.00011495851694379465
Topic #7,u'small', 0.00010948323351593906
Topic #7,u'large', 0.00010948323351593906
Topic #7,u'bowel', 0.00010948323351593906
Topic #7,u'film_process', 7.5515035376917634e-05
Topic #7,u'correct', 7.5515035376917634e-05
Topic #7,u'technique_factor', 7.5515035376917634e-05
Topic #7,u'despite', 5.3663763199203445e-05
Topic #1,u'intravenous_pyelogram', 7.5568224972735135e-05
Topic #1,u'example', 5.3701563307473874e-05
Topic #1,u'abdominal', 2.0682031048909167e-05
Topic #1,u'hra', 1.4230318775756784e-05
Topic #1,u'vol', 1.4230318668330836e-05
Topic #1,u'ureter', 1.4230315451044998e-05
Topic #1,u'consequently', 1.4230315445895753e-05
Topic #1,u'pubic_symphysis', 1.4230313536889562e-05
Topic #1,u'occasionally', 1.4230313298485946e-05
Topic #1,u'technique', 1.4230313298005133e-05
