TopicNo,Topic Words,Probability Score
Topic #1,u'american_samoa', 0.0024190981930624538
Topic #1,u'electronic_circuit', 0.00017243799693055959
Topic #1,u'perform_a', 0.0001638759843500594
Topic #1,u'therapeutic_function', 0.0001638759843500594
Topic #1,u'order', 0.0001638759843500594
Topic #1,u'commonwealth', 0.00016387597260193257
Topic #1,u'puerto_rico', 0.00016387597260193257
Topic #1,u'neutron', 0.00016387592659778782
Topic #1,u'audible', 0.00011048231243186759
Topic #1,u'pressure', 0.00011048231243118764
Topic #6,u'guam', 0.0024187531647704139
Topic #6,u'columbia', 0.00020372409098174814
Topic #6,u'district', 0.00020372409047255693
Topic #6,u'affect', 0.00020372408996377847
Topic #6,u'manner', 0.00016385276218749457
Topic #6,u'radiation_safety_testing', 0.00016385261126382699
Topic #6,u'product_mean', 0.0001638526112495893
Topic #6,u'ultraviolet_lamp', 0.0001638526112495893
Topic #6,u'phototherapy', 0.0001638526112495893
Topic #6,u'alteration', 0.0001104665940541953
Topic #8,u'virgin_island', 0.0024176420515641208
Topic #8,u'state', 0.00035324034867040033
Topic #8,u'purpose', 0.00035321003203211244
Topic #8,u'collision', 0.00016377735322021291
Topic #8,u'produce_ionization', 0.00016377714340455425
Topic #8,u'sufficient', 0.00016377714340455425
Topic #8,u'atomic', 0.00016377714340455425
Topic #8,u'electron_excitation', 0.00016377714340455425
Topic #8,u'kinetic', 0.00016377714340455425
Topic #8,u'energy', 0.00016377714340455425
Topic #2,u'electronic_product', 0.00090478628751563747
Topic #2,u'person', 0.00047573002594832167
Topic #2,u'radiation', 0.00047080634212954295
Topic #2,u'mean', 0.00046913917345252012
Topic #2,u'business', 0.00035705419636215206
Topic #2,u'manufacture', 0.00030756254240966069
Topic #2,u'includes', 0.00028666780307913759
Topic #2,u'intend', 0.00025922860099535989
Topic #2,u'person_engage', 0.00023352811592896734
Topic #2,u'result', 0.00018957213606323278
Topic #4,u'product', 0.00062104062262096282
Topic #4,u'manufacturer', 0.00031332017568960611
Topic #4,u'award', 0.00022565755331308506
Topic #4,u'prize', 0.00022565755331308506
Topic #4,u'lease', 0.00022562781236126045
Topic #4,u'specific_designation', 0.00016374021810303937
Topic #4,u'assign', 0.00016374021810303937
Topic #4,u'structural', 0.00016374021810303937
Topic #4,u'refers', 0.00016374021810303937
Topic #4,u'differentiate', 0.00016374021810303937
Topic #5,u'charge_particle', 0.00029702017909767527
Topic #5,u'sonic', 0.00020703761328233342
Topic #5,u'infrasonic', 0.00020703761321898289
Topic #5,u'electron_excitation', 0.00016412646916396718
Topic #5,u'energy', 0.00016412646916396718
Topic #5,u'kinetic', 0.00016412646916396718
Topic #5,u'atomic', 0.00016412646916396718
Topic #5,u'sufficient', 0.00016412646916396718
Topic #5,u'produce_ionization', 0.00016412646916396718
Topic #5,u'nuclear_transformation', 0.00016412625746806714
Topic #7,u'operation', 0.00026938832042014605
Topic #7,u'radiation_emission', 0.00022635102639150971
Topic #7,u'mean', 0.00016958800412238901
Topic #7,u'federal_food', 0.0001507164714199739
Topic #7,u'performance_standard', 0.00011074464573567463
Topic #7,u'federal_standard', 0.00011074464573567463
Topic #7,u'issue_pursuant', 0.00011074464573567463
Topic #7,u'density', 0.0001107446332026118
Topic #7,u'particle_displacement', 0.0001107446332026118
Topic #7,u'liquid', 0.00011074463320201163
Topic #10,u'emit', 0.00026929566888897211
Topic #10,u'would', 0.00017280098560449301
Topic #10,u'absence', 0.00017280098560449301
Topic #10,u'effective_shield', 0.00017280098560449301
Topic #10,u'control', 0.00017280098560449301
Topic #10,u'electrical_repulsion', 0.00016420852133183626
Topic #10,u'electrical_attraction', 0.00016420852133183626
Topic #10,u'unique', 0.00016420852133169515
Topic #10,u'electronic_product_design', 0.00016420852133169515
Topic #10,u'value', 0.00016420847518500069
Topic #3,u'particulate_radiation', 0.00026051470319581347
Topic #3,u'component', 0.00019045589677703801
Topic #3,u'emits', 0.00017266865203554948
Topic #3,u'define', 0.00016408278262913898
Topic #3,u'lamp', 0.00016408278258747943
Topic #3,u'product_contain', 0.00016408278258747943
Topic #3,u'uncharge_particle', 0.00016408273647636518
Topic #3,u'heavy_particle', 0.0001640827364756901
Topic #3,u'proton', 0.00016408273646888031
Topic #3,u'standard', 0.00016402204411312949
Topic #9,u'electron', 0.00016449808520326882
Topic #9,u'ray', 7.6429724123513304e-05
Topic #9,u'figure', 7.6380823508706916e-05
Topic #9,u'illustrate', 7.6380823508706916e-05
Topic #9,u'installation', 5.425434834902094e-05
Topic #9,u'design', 5.4254347204617825e-05
Topic #9,u'spectrum', 1.7458350165902484e-05
Topic #9,u'electromagnetic', 1.7458350165902484e-05
Topic #9,u'includes', 1.43684235377244e-05
Topic #9,u'electronic_product', 1.4233818781635221e-05
