TopicNo,Topic Words,Probability Score
Topic #8,u'provide', 0.0011964070507732246
Topic #8,u'common', 0.0010549853875305589
Topic #8,u'report', 0.00098239831695290532
Topic #8,u'aspect', 0.00089963693520049245
Topic #8,u'consolidate', 0.00089963693520049245
Topic #8,u'similar_information', 0.00089963693520049245
Topic #8,u'center', 0.00048072761691109368
Topic #8,u'submission', 0.00041645238760144865
Topic #8,u'radiological_health', 0.00041644153989889472
Topic #8,u'device', 0.00041644153904295007
Topic #4,u'applicable', 0.0010628193977921701
Topic #4,u'director', 0.00030387973867103689
Topic #4,u'material_submit', 0.00027140602552317713
Topic #4,u'report_guides', 0.00017061190534537827
Topic #4,u'voluntarily_submit', 5.5896808401349918e-05
Topic #4,u'conform', 1.4408900636271338e-05
Topic #4,u'instruction', 1.4209136387299714e-05
Topic #4,u'product_category', 1.420632227005707e-05
Topic #4,u'model_family', 1.420632227005707e-05
Topic #4,u'abbreviate_report', 1.4206316397215908e-05
Topic #2,u'product_category', 0.00090632261386411079
Topic #2,u'model_family', 0.00090632261386411079
Topic #2,u'electronic_product_report', 7.8988523170710635e-05
Topic #2,u'abbreviate_report', 1.4205530386039367e-05
Topic #2,u'annual_reports', 1.4205530383206396e-05
Topic #2,u'supplemental_reports', 1.4205530382800467e-05
Topic #2,u'product_report', 1.4205527086550901e-05
Topic #2,u'silver_spring', 1.4205527082681888e-05
Topic #2,u'aspect', 1.4205525954275694e-05
Topic #2,u'similar_information', 1.4205525954275694e-05
Topic #1,u'instruction', 0.00088842795241950677
Topic #1,u'conform', 0.00048139469893078402
Topic #1,u'report_guide', 0.00046874425730645289
Topic #1,u'prescribe', 0.00036733247892137451
Topic #1,u'appropriate', 0.00032582136027479297
Topic #1,u'feasible', 0.00032582136027479297
Topic #1,u'justification', 0.00032577301464601629
Topic #1,u'portion', 0.00032577301401453596
Topic #1,u'alternate_format', 0.00032566795744362322
Topic #1,u'guide', 0.00026998856399045279
Topic #7,u'supplemental_reports', 0.00017092936119460193
Topic #7,u'annual_reports', 0.00017092936117773985
Topic #7,u'silver_spring', 0.00011503857259005205
Topic #7,u'product_report', 0.00011503857258530875
Topic #7,u'information_require', 5.5966068265613661e-05
Topic #7,u'product_category', 1.4223927151411151e-05
Topic #7,u'model_family', 1.4223927151411151e-05
Topic #7,u'abbreviate_report', 1.4223921268426698e-05
Topic #7,u'similar_information', 1.4223916830695818e-05
Topic #7,u'consolidate', 1.4223916830695818e-05
Topic #6,u'abbreviate_report', 0.00017092902826791839
Topic #6,u'test_data', 0.0001567804793225076
Topic #6,u'address', 7.9090653369928707e-05
Topic #6,u'drug_administration', 7.9090653369928707e-05
Topic #6,u'submission_require', 7.9090653369928707e-05
Topic #6,u'food', 7.9090653369928707e-05
Topic #6,u'product_category', 1.4223899451347237e-05
Topic #6,u'model_family', 1.4223899451347237e-05
Topic #6,u'annual_reports', 1.422389356075903e-05
Topic #6,u'supplemental_reports', 1.4223893560350422e-05
Topic #10,u'provision', 0.0001150446727743709
Topic #10,u'submit_pursuant', 0.0001150446727743709
Topic #10,u'public_information', 0.0001150446727743709
Topic #10,u'addition', 0.0001150446653889703
Topic #10,u'requirement', 0.0001150446653889703
Topic #10,u'model_family', 1.4224676919982761e-05
Topic #10,u'product_category', 1.4224676919982761e-05
Topic #10,u'abbreviate_report', 1.4224671027688135e-05
Topic #10,u'annual_reports', 1.422467102490658e-05
Topic #10,u'supplemental_reports', 1.422467102444924e-05
Topic #9,u'center', 1.4266943964338679e-05
Topic #9,u'mail', 1.4251076821271889e-05
Topic #9,u'document', 1.4251076821271889e-05
Topic #9,u'device', 1.4247706335557762e-05
Topic #9,u'radiological_health', 1.4247706193501027e-05
Topic #9,u'product_category', 1.4231849706797819e-05
Topic #9,u'model_family', 1.4231849706797819e-05
Topic #9,u'abbreviate_report', 1.4231843813072655e-05
Topic #9,u'annual_reports', 1.4231843810234493e-05
Topic #9,u'supplemental_reports', 1.4231843809878537e-05
Topic #3,u'product_category', 1.4231851209361069e-05
Topic #3,u'model_family', 1.4231851209361069e-05
Topic #3,u'annual_reports', 1.4231845317709429e-05
Topic #3,u'abbreviate_report', 1.4231845315074364e-05
Topic #3,u'supplemental_reports', 1.4231845311829814e-05
Topic #3,u'product_report', 1.4231842006281911e-05
Topic #3,u'silver_spring', 1.4231842006168122e-05
Topic #3,u'aspect', 1.4231840872619467e-05
Topic #3,u'similar_information', 1.4231840872619467e-05
Topic #3,u'consolidate', 1.4231840872619467e-05
Topic #5,u'product_category', 1.4231851209359664e-05
Topic #5,u'model_family', 1.4231851209359664e-05
Topic #5,u'annual_reports', 1.4231845320108973e-05
Topic #5,u'abbreviate_report', 1.4231845317461213e-05
Topic #5,u'supplemental_reports', 1.4231845311837879e-05
Topic #5,u'product_report', 1.4231842006280861e-05
Topic #5,u'silver_spring', 1.4231842006168714e-05
Topic #5,u'consolidate', 1.4231840872618063e-05
Topic #5,u'aspect', 1.4231840872618063e-05
Topic #5,u'similar_information', 1.4231840872618063e-05
