TopicNo,Topic Words,Probability Score
Topic #2,u'manufacturer', 0.00025956346715296245
Topic #2,u'dealer', 0.00021553385306843746
Topic #2,u'person', 0.00013688189658056697
Topic #2,u'treat', 0.00013688189658056697
Topic #2,u'confidential_information', 0.00013688189658056697
Topic #2,u'necessary', 0.00013688189658056697
Topic #2,u'notify', 0.00013688189658056697
Topic #2,u'use', 0.00013688189658056697
Topic #2,u'information_furnish', 0.00013688189658056697
Topic #2,u'pursuant', 0.00013688189658056697
Topic #3,u'distributor', 1.4234356531827839e-05
Topic #3,u'record_furnish', 1.4234356531827839e-05
Topic #3,u'confidentiality', 1.4234356531827839e-05
Topic #3,u'dealer', 1.4232963492987957e-05
Topic #3,u'manufacturer', 1.4232955683868499e-05
Topic #3,u'act', 1.4232939107308687e-05
Topic #3,u'treat', 1.4232939107308687e-05
Topic #3,u'necessary', 1.4232939107308687e-05
Topic #3,u'confidential_information', 1.4232939107308687e-05
Topic #3,u'notify', 1.4232939107308687e-05
Topic #1,u'distributor', 1.4234355625652784e-05
Topic #1,u'record_furnish', 1.4234355625652784e-05
Topic #1,u'confidentiality', 1.4234355625652784e-05
Topic #1,u'dealer', 1.4232962583724501e-05
Topic #1,u'manufacturer', 1.4232952651516772e-05
Topic #1,u'act', 1.4232937590779739e-05
Topic #1,u'treat', 1.4232937590779739e-05
Topic #1,u'necessary', 1.4232937590779739e-05
Topic #1,u'confidential_information', 1.4232937590779739e-05
Topic #1,u'notify', 1.4232937590779739e-05
Topic #5,u'distributor', 1.4234355608045202e-05
Topic #5,u'record_furnish', 1.4234355608045202e-05
Topic #5,u'confidentiality', 1.4234355608045202e-05
Topic #5,u'dealer', 1.4232962578858434e-05
Topic #5,u'manufacturer', 1.4232952658278707e-05
Topic #5,u'act', 1.4232937594117632e-05
Topic #5,u'treat', 1.4232937594117632e-05
Topic #5,u'necessary', 1.4232937594117632e-05
Topic #5,u'confidential_information', 1.4232937594117632e-05
Topic #5,u'notify', 1.4232937594117632e-05
Topic #4,u'distributor', 1.4234355604734544e-05
Topic #4,u'record_furnish', 1.4234355604734544e-05
Topic #4,u'confidentiality', 1.4234355604734544e-05
Topic #4,u'dealer', 1.4232962578558182e-05
Topic #4,u'manufacturer', 1.4232953133336542e-05
Topic #4,u'act', 1.4232937831727724e-05
Topic #4,u'treat', 1.4232937831727724e-05
Topic #4,u'necessary', 1.4232937831727724e-05
Topic #4,u'confidential_information', 1.4232937831727724e-05
Topic #4,u'notify', 1.4232937831727724e-05
