TopicNo,Topic Words,Probability Score
Topic #4,u'act', 0.0042905780764879876
Topic #4,u'director', 0.0042054766427606595
Topic #4,u'enable', 0.0042054766427606595
Topic #4,u'purpose', 0.0038546685114597148
Topic #4,u'carry', 0.0038546685114597148
Topic #4,u'determine', 0.00051001624806593137
Topic #4,u'procedure', 0.00044786394132093288
Topic #4,u'use', 0.00025270166960435767
Topic #4,u'include', 0.00025270163357846739
Topic #4,u'applicable', 0.00020080314578606846
Topic #1,u'model', 0.00078117135672251556
Topic #1,u'electronic_product', 0.00059548954237103203
Topic #1,u'radiation_safety', 0.0005616654019746886
Topic #1,u'test', 0.00040523741226315685
Topic #1,u'respect', 0.00035246458336501063
Topic #1,u'manufacturer', 0.00032396250423626896
Topic #1,u'product', 0.00030515509705502628
Topic #1,u'report', 0.00028454714304474566
Topic #1,u'measure', 0.00025727892208405283
Topic #1,u'radiation', 0.00020347034063850211
Topic #3,u'describe', 0.00041591608067588449
Topic #3,u'method', 0.00040738252673929451
Topic #3,u'procedure_employ', 0.00010990646253068093
Topic #3,u'physical', 0.00010990646253067488
Topic #3,u'electrical_characteristic', 0.00010990646253067488
Topic #3,u'radiation_emissions', 7.5785158452507727e-05
Topic #3,u'affect', 7.5784720498777941e-05
Topic #3,u'operational_characteristic', 7.578471991069584e-05
Topic #3,u'function', 7.5784715539332462e-05
Topic #3,u'procedure', 1.6032709037682318e-05
Topic #8,u'select', 0.00025861694817131298
Topic #8,u'basis', 0.00025861694817131298
Topic #8,u'test', 0.00025861591443491382
Topic #8,u'quality_control_procedure', 0.00019220227471526504
Topic #8,u'installation', 0.00016293876453176527
Topic #8,u'instruction', 0.00016293876453176527
Topic #8,u'label', 0.00016293871854921438
Topic #8,u'necessary', 0.00010541824340575768
Topic #8,u'procedure', 1.4438054570474809e-05
Topic #8,u'method', 1.4217285608414975e-05
Topic #5,u'paragraph', 0.00025854032782168449
Topic #5,u'standard', 0.00017143234045213188
Topic #5,u'accordance', 0.00016291467034955647
Topic #5,u'quality_control_procedure_describe', 0.00016291467034955647
Topic #5,u'request', 0.00016291465858404107
Topic #5,u'upon', 0.00016291465858404107
Topic #5,u'specification', 0.00010962290704984507
Topic #5,u'incorporate', 0.00010962290704984507
Topic #5,u'order', 0.00010962290704984507
Topic #5,u'meet', 0.00010962290704984507
Topic #10,u'provide', 0.00016310512694286885
Topic #10,u'component', 7.585564801563464e-05
Topic #10,u'include_information', 7.585564801563464e-05
Topic #10,u'accessory_provide', 7.585564801563464e-05
Topic #10,u'quality', 7.5855626513924275e-05
Topic #10,u'purpose', 1.4226231361725399e-05
Topic #10,u'carry', 1.4226231361725399e-05
Topic #10,u'operation', 1.4226217984247878e-05
Topic #10,u'label', 1.4226217976175323e-05
Topic #10,u'secondary', 1.4226214739794212e-05
Topic #6,u'operation', 0.00016305155516374152
Topic #6,u'reference', 0.00010996949395832706
Topic #6,u'federal_standard', 0.00010996949395832706
Topic #6,u'made', 0.00010996949395832706
Topic #6,u'leakage', 0.0001098513032249166
Topic #6,u'affect', 7.582818350210806e-05
Topic #6,u'quantity', 7.5828182493219748e-05
Topic #6,u'list_product', 7.5824082757966723e-05
Topic #6,u'attn', 5.3865536790479491e-05
Topic #6,u'radiation', 1.5265646993526209e-05
Topic #9,u'secondary', 0.00011003352189124065
Topic #9,u'silver_spring', 5.389691663565809e-05
Topic #9,u'bldg', 5.3896916107623558e-05
Topic #9,u'applicable', 1.4299668572332011e-05
Topic #9,u'purpose', 1.4229365037102597e-05
Topic #9,u'carry', 1.4229365037102597e-05
Topic #9,u'provide', 1.4229353205070979e-05
Topic #9,u'operation', 1.4229351651481245e-05
Topic #9,u'label', 1.4229351643359752e-05
Topic #9,u'necessary', 1.4229347441006813e-05
Topic #7,u'center', 9.3551209672886461e-05
Topic #7,u'radiological_health', 5.3889262841797262e-05
Topic #7,u'mail', 5.3889262730260953e-05
Topic #7,u'device', 5.3889262597355744e-05
Topic #7,u'document', 5.3889262559223961e-05
Topic #7,u'new', 5.3889260182660822e-05
Topic #7,u'hampshire_ave', 5.3889260154875641e-05
Topic #7,u'list_product', 1.4263723711439869e-05
Topic #7,u'identify', 1.4263712191909753e-05
Topic #7,u'report', 1.4263705562376228e-05
Topic #2,u'submit', 5.3893849055759647e-05
Topic #2,u'drug_administration', 5.3893849047651312e-05
Topic #2,u'food', 5.389384874524842e-05
Topic #2,u'product_report', 1.4329559540176304e-05
Topic #2,u'carry', 1.4230163722232566e-05
Topic #2,u'purpose', 1.4230163722232566e-05
Topic #2,u'provide', 1.4230151887449316e-05
Topic #2,u'operation', 1.4230150333161268e-05
Topic #2,u'label', 1.4230150325025049e-05
Topic #2,u'secondary', 1.4230147088734348e-05
