TopicNo,Topic Words,Probability Score
Topic #4,u'report', 0.0007544873516509683
Topic #4,u'september', 0.00018518928558296772
Topic #4,u'due_annually', 0.00018518928558296772
Topic #4,u'product_produce', 0.00012420738131978132
Topic #4,u'provide', 0.00012420738131978132
Topic #4,u'volume', 0.00012420738131978132
Topic #4,u'annual_reports', 5.9753924946646302e-05
Topic #4,u'number', 5.2009020305901298e-05
Topic #4,u'quarterly_update', 5.2009020305901298e-05
Topic #4,u'model', 5.2008007050668786e-05
Topic #3,u'annual_report', 0.00055405428443891709
Topic #3,u'number', 0.000374841691733167
Topic #3,u'quarterly_update', 0.000374841691733167
Topic #3,u'model', 0.00037483495872221793
Topic #3,u'maintain', 8.4920595551923647e-05
Topic #3,u'content', 8.4920595551923647e-05
Topic #3,u'submit', 8.4920595551923647e-05
Topic #3,u'record_require', 8.4920595551923647e-05
Topic #3,u'summarize', 8.4920595551923647e-05
Topic #3,u'every', 8.4920595551531017e-05
Topic #9,u'model', 0.00041161106235333624
Topic #9,u'prior', 0.0004116033302627635
Topic #9,u'require', 0.0004116033302627635
Topic #9,u'involve_change', 0.0004116033302627635
Topic #9,u'model_family', 0.0004116033302627635
Topic #9,u'new', 0.0004116033302627635
Topic #9,u'requirement', 0.0004116033302627635
Topic #9,u'performance_standard', 0.0004116033302627635
Topic #9,u'introduction', 0.0004116033302627635
Topic #9,u'commerce', 0.0004116033302627635
Topic #6,u'cover', 0.00018539201548814694
Topic #6,u'report', 1.4623144938656971e-05
Topic #6,u'instal', 1.4229400553672627e-05
Topic #6,u'sold', 1.422940055305794e-05
Topic #6,u'model', 1.4229399609395144e-05
Topic #6,u'number', 1.4229398597076873e-05
Topic #6,u'quarterly_update', 1.4229398597076873e-05
Topic #6,u'september', 1.4229397295838959e-05
Topic #6,u'due_annually', 1.4229397295838959e-05
Topic #6,u'annual_reports', 1.4229396648421111e-05
Topic #7,u'end', 0.00018530165047482561
Topic #7,u'precede', 0.00018530165047482561
Topic #7,u'due_date', 0.00018530165047482561
Topic #7,u'month_period', 0.00018530165047482561
Topic #7,u'report', 0.00018529481715242433
Topic #7,u'instal', 0.00012428270211428886
Topic #7,u'sold', 1.4218101620207871e-05
Topic #7,u'cover', 1.4218101257066122e-05
Topic #7,u'model', 1.4218100673868141e-05
Topic #7,u'number', 1.4218099663563111e-05
Topic #10,u'sold', 0.00012438910592019208
Topic #10,u'report', 1.4230274673130909e-05
Topic #10,u'instal', 1.4230274353653195e-05
Topic #10,u'cover', 1.423027398257771e-05
Topic #10,u'model', 1.4230273407486403e-05
Topic #10,u'number', 1.423027239467879e-05
Topic #10,u'quarterly_update', 1.423027239467879e-05
Topic #10,u'september', 1.4230271094804592e-05
Topic #10,u'due_annually', 1.4230271094804592e-05
Topic #10,u'annual_reports', 1.4230270520867471e-05
Topic #8,u'report', 1.4231842438413686e-05
Topic #8,u'instal', 1.423184211683069e-05
Topic #8,u'sold', 1.4231842116640387e-05
Topic #8,u'cover', 1.4231841747312814e-05
Topic #8,u'model', 1.4231841171330381e-05
Topic #8,u'number', 1.4231840158219472e-05
Topic #8,u'quarterly_update', 1.4231840158219472e-05
Topic #8,u'september', 1.4231838858331847e-05
Topic #8,u'due_annually', 1.4231838858331847e-05
Topic #8,u'annual_reports', 1.4231838095339319e-05
Topic #1,u'report', 1.4231842438405654e-05
Topic #1,u'instal', 1.4231842116829702e-05
Topic #1,u'sold', 1.4231842116212119e-05
Topic #1,u'cover', 1.4231841747304781e-05
Topic #1,u'model', 1.4231841171329119e-05
Topic #1,u'number', 1.423184015821821e-05
Topic #1,u'quarterly_update', 1.423184015821821e-05
Topic #1,u'september', 1.4231838858330585e-05
Topic #1,u'due_annually', 1.4231838858330585e-05
Topic #1,u'annual_reports', 1.4231838184447073e-05
Topic #2,u'report', 1.4231842438403709e-05
Topic #2,u'instal', 1.4231842116990805e-05
Topic #2,u'sold', 1.4231842116618191e-05
Topic #2,u'cover', 1.4231841747302839e-05
Topic #2,u'model', 1.4231841171327178e-05
Topic #2,u'number', 1.423184015821627e-05
Topic #2,u'quarterly_update', 1.423184015821627e-05
Topic #2,u'september', 1.4231838858328644e-05
Topic #2,u'due_annually', 1.4231838858328644e-05
Topic #2,u'annual_reports', 1.4231838320148807e-05
Topic #5,u'report', 1.4231842438403179e-05
Topic #5,u'instal', 1.4231842116833999e-05
Topic #5,u'sold', 1.4231842116302928e-05
Topic #5,u'cover', 1.4231841747302309e-05
Topic #5,u'model', 1.4231841171326646e-05
Topic #5,u'number', 1.423184015821574e-05
Topic #5,u'quarterly_update', 1.423184015821574e-05
Topic #5,u'september', 1.4231838858328112e-05
Topic #5,u'due_annually', 1.4231838858328112e-05
Topic #5,u'annual_reports', 1.4231838358021007e-05
