TopicNo,Topic Words,Probability Score
Topic #3,u'correspond_requirement', 1.423183661851562e-05
Topic #3,u'electronic_format_provide', 1.423183661851562e-05
Topic #3,u'bind_folder', 1.423183661851562e-05
Topic #3,u'archival', 1.423183661851562e-05
Topic #3,u'technical_section_described', 1.423183661851562e-05
Topic #3,u'application_form_require', 1.423183661851562e-05
Topic #3,u'separately_bound', 1.423183661851562e-05
Topic #3,u'clinical_endpoint', 1.423183661851562e-05
Topic #3,u'format_label', 1.423183661851562e-05
Topic #3,u'sufficient_basis', 1.423183661851562e-05
Topic #4,u'correspond_requirement', 1.423183661851562e-05
Topic #4,u'electronic_format_provide', 1.423183661851562e-05
Topic #4,u'bind_folder', 1.423183661851562e-05
Topic #4,u'archival', 1.423183661851562e-05
Topic #4,u'technical_section_described', 1.423183661851562e-05
Topic #4,u'application_form_require', 1.423183661851562e-05
Topic #4,u'separately_bound', 1.423183661851562e-05
Topic #4,u'clinical_endpoint', 1.423183661851562e-05
Topic #4,u'format_label', 1.423183661851562e-05
Topic #4,u'sufficient_basis', 1.423183661851562e-05
Topic #1,u'correspond_requirement', 1.423183661851562e-05
Topic #1,u'electronic_format_provide', 1.423183661851562e-05
Topic #1,u'bind_folder', 1.423183661851562e-05
Topic #1,u'archival', 1.423183661851562e-05
Topic #1,u'technical_section_described', 1.423183661851562e-05
Topic #1,u'application_form_require', 1.423183661851562e-05
Topic #1,u'separately_bound', 1.423183661851562e-05
Topic #1,u'clinical_endpoint', 1.423183661851562e-05
Topic #1,u'format_label', 1.423183661851562e-05
Topic #1,u'sufficient_basis', 1.423183661851562e-05
Topic #2,u'correspond_requirement', 1.423183661851562e-05
Topic #2,u'electronic_format_provide', 1.423183661851562e-05
Topic #2,u'bind_folder', 1.423183661851562e-05
Topic #2,u'archival', 1.423183661851562e-05
Topic #2,u'technical_section_described', 1.423183661851562e-05
Topic #2,u'application_form_require', 1.423183661851562e-05
Topic #2,u'separately_bound', 1.423183661851562e-05
Topic #2,u'clinical_endpoint', 1.423183661851562e-05
Topic #2,u'format_label', 1.423183661851562e-05
Topic #2,u'sufficient_basis', 1.423183661851562e-05
Topic #5,u'correspond_requirement', 1.423183661851562e-05
Topic #5,u'electronic_format_provide', 1.423183661851562e-05
Topic #5,u'bind_folder', 1.423183661851562e-05
Topic #5,u'archival', 1.423183661851562e-05
Topic #5,u'technical_section_described', 1.423183661851562e-05
Topic #5,u'application_form_require', 1.423183661851562e-05
Topic #5,u'separately_bound', 1.423183661851562e-05
Topic #5,u'clinical_endpoint', 1.423183661851562e-05
Topic #5,u'format_label', 1.423183661851562e-05
Topic #5,u'sufficient_basis', 1.423183661851562e-05
