TopicNo,Topic Words,Probability Score
Topic #1,u'maintain', 0.00042119562137450092
Topic #1,u'copy', 0.00037485050412359864
Topic #1,u'paragraph', 0.00037485050412359864
Topic #1,u'record_require', 0.00037485050412359864
Topic #1,u'receive', 8.6225378561934548e-05
Topic #1,u'include_record', 8.6225378561934548e-05
Topic #1,u'pursuant', 8.6225378561934548e-05
Topic #1,u'record_pursuant', 6.0550683081499629e-05
Topic #1,u'manufacturer_require', 6.0550682686738725e-05
Topic #1,u'every', 6.0550682658656256e-05
Topic #4,u'record', 0.00031631665733117449
Topic #4,u'upon', 0.00026004219192563575
Topic #4,u'employee', 0.00019802850343690964
Topic #4,u'officer', 0.00019802850343690964
Topic #4,u'director', 0.00018807025654259696
Topic #4,u'request', 0.00018806906862700899
Topic #4,u'book', 0.00012605539521634584
Topic #4,u'permit', 0.00012605539521634584
Topic #4,u'inspect', 0.00012605539521634584
Topic #4,u'appropriate', 0.00012605539521634584
Topic #10,u'manufacturer', 0.00030021836244183999
Topic #10,u'act', 0.0002381436799530782
Topic #10,u'table', 0.00018825030387059565
Topic #10,u'product_list', 0.00018825030387059565
Topic #10,u'determine', 0.00012617687129995938
Topic #10,u'relevant', 0.00012617687129995938
Topic #10,u'compliance', 0.00012617687129995938
Topic #10,u'whether', 0.00012617687129995938
Topic #10,u'document', 0.00012617687129995938
Topic #10,u'federal_standard', 0.00012617687129995938
Topic #9,u'submit', 0.00018847301843309528
Topic #9,u'director', 0.00018847183384038471
Topic #9,u'paper', 1.4226882475368383e-05
Topic #9,u'paragraph', 1.4226879973766396e-05
Topic #9,u'copy', 1.4226879973766396e-05
Topic #9,u'record_require', 1.4226879973766396e-05
Topic #9,u'request', 1.4226879214147595e-05
Topic #9,u'product_list', 1.4226879207859737e-05
Topic #9,u'table', 1.4226879207859737e-05
Topic #9,u'radiological_health', 1.4226879202562593e-05
Topic #8,u'device', 0.00018844019558544536
Topic #8,u'center', 0.00018844019558544536
Topic #8,u'radiological_health', 0.00018844019558544536
Topic #8,u'director', 1.4224404276177283e-05
Topic #8,u'paper', 1.4224403910062892e-05
Topic #8,u'submit', 1.4224402012793893e-05
Topic #8,u'copy', 1.4224401408305327e-05
Topic #8,u'paragraph', 1.4224401408305327e-05
Topic #8,u'record_require', 1.4224401408305327e-05
Topic #8,u'request', 1.4224400648971202e-05
Topic #3,u'paper', 0.00012635598008893314
Topic #3,u'director', 1.4230246753782394e-05
Topic #3,u'submit', 1.4230244490192758e-05
Topic #3,u'paragraph', 1.4230243889011799e-05
Topic #3,u'copy', 1.4230243889011799e-05
Topic #3,u'record_require', 1.4230243889011799e-05
Topic #3,u'request', 1.4230243126242716e-05
Topic #3,u'product_list', 1.423024312075999e-05
Topic #3,u'table', 1.423024312075999e-05
Topic #3,u'radiological_health', 1.4230243115462602e-05
Topic #6,u'director', 1.4231842511699625e-05
Topic #6,u'paper', 1.4231842145547936e-05
Topic #6,u'submit', 1.4231840247047274e-05
Topic #6,u'paragraph', 1.4231839645053777e-05
Topic #6,u'copy', 1.4231839645053777e-05
Topic #6,u'record_require', 1.4231839645053777e-05
Topic #6,u'request', 1.4231838882429809e-05
Topic #6,u'product_list', 1.423183887694468e-05
Topic #6,u'table', 1.423183887694468e-05
Topic #6,u'radiological_health', 1.4231838871645547e-05
Topic #2,u'director', 1.4231842511674619e-05
Topic #2,u'paper', 1.4231842145527521e-05
Topic #2,u'submit', 1.4231840247021844e-05
Topic #2,u'paragraph', 1.423183964539896e-05
Topic #2,u'copy', 1.423183964539896e-05
Topic #2,u'record_require', 1.423183964539896e-05
Topic #2,u'request', 1.4231838882430129e-05
Topic #2,u'product_list', 1.4231838876944576e-05
Topic #2,u'table', 1.4231838876944576e-05
Topic #2,u'radiological_health', 1.4231838871645443e-05
Topic #5,u'director', 1.423184251167332e-05
Topic #5,u'paper', 1.4231842145526357e-05
Topic #5,u'submit', 1.4231840247020716e-05
Topic #5,u'paragraph', 1.4231839645075122e-05
Topic #5,u'copy', 1.4231839645075122e-05
Topic #5,u'record_require', 1.4231839645075122e-05
Topic #5,u'request', 1.4231838882428832e-05
Topic #5,u'product_list', 1.423183887694345e-05
Topic #5,u'table', 1.423183887694345e-05
Topic #5,u'radiological_health', 1.4231838871644317e-05
Topic #7,u'director', 1.4231842511673103e-05
Topic #7,u'paper', 1.4231842145525659e-05
Topic #7,u'submit', 1.4231840247019977e-05
Topic #7,u'paragraph', 1.4231839645279813e-05
Topic #7,u'copy', 1.4231839645279813e-05
Topic #7,u'record_require', 1.4231839645279813e-05
Topic #7,u'request', 1.4231838882428617e-05
Topic #7,u'product_list', 1.4231838876942713e-05
Topic #7,u'table', 1.4231838876942713e-05
Topic #7,u'radiological_health', 1.423183887164358e-05
