TopicNo,Topic Words,Probability Score
Topic #1,u'laser_product', 0.0073023750578755167
Topic #1,u'case', 0.0036115802644567955
Topic #1,u'present', 0.0036115802644567955
Topic #1,u'hazard', 0.0036115802644567955
Topic #1,u'within', 0.0036115802644567955
Topic #1,u'base', 0.00086208464763298342
Topic #1,u'category', 0.00086208464763298342
Topic #1,u'worst', 0.00086208464763298342
Topic #1,u'determination', 0.00086208464763298342
Topic #1,u'product', 0.00051998011317844043
Topic #4,u'report', 0.0040050410817827741
Topic #4,u'category', 0.0017018362758440802
Topic #4,u'worst', 0.0017018362758440802
Topic #4,u'base', 0.0017018362758440802
Topic #4,u'determination', 0.0017018362758440802
Topic #4,u'cfr', 0.00016109080049768441
Topic #4,u'require', 0.00016109076815471742
Topic #4,u'system_record', 0.0001610885862610252
Topic #4,u'certifies', 0.0001610885862610252
Topic #4,u'system', 0.0001610885862610252
Topic #10,u'applicable', 0.003946211245603716
Topic #10,u'determination', 0.0011244007426797582
Topic #10,u'worst', 0.0011244007426797582
Topic #10,u'base', 0.0011244007426797582
Topic #10,u'category', 0.0011244007426797582
Topic #10,u'product_contain', 0.00040375719498698449
Topic #10,u'laser', 0.00025633622733174221
Topic #10,u'class', 0.00025633622733174221
Topic #10,u'requirement', 0.00020076382806010347
Topic #10,u'includes', 0.00016149474243089978
Topic #9,u'diagnostic', 0.00069642539030164829
Topic #9,u'ultrasound', 0.00046010638250409063
Topic #9,u'ray', 0.00038983580376269924
Topic #9,u'medical', 0.00025841852161295135
Topic #9,u'therapy', 0.00016282911060579736
Topic #9,u'nonmedical', 0.00016282871511310646
Topic #9,u'require', 0.00016282648937999392
Topic #9,u'cabinet_diagnostic', 0.00010981496849760987
Topic #9,u'heat', 0.00010981496116588208
Topic #9,u'diathermy', 0.00010981496116588208
Topic #5,u'irlc', 0.00044802123782969815
Topic #5,u'mrhr', 0.00029661262486711478
Topic #5,u'particulate_radiation', 0.0001099825403179053
Topic #5,u'baggage_inspection', 0.0001099825403179053
Topic #5,u'product_intend', 0.0001099825403179053
Topic #5,u'produce', 0.0001099825403179053
Topic #5,u'kilovolt', 0.00010998250108988194
Topic #5,u'iiia', 0.00010998250108953954
Topic #5,u'laser_class_iia', 0.00010998250108486684
Topic #5,u'applicability', 5.3865358090584203e-05
Topic #6,u'lamp', 0.0003120150055520868
Topic #6,u'mercury_vapor', 0.00016311515842409719
Topic #6,u'ray_component', 0.0001631150954055249
Topic #6,u'sunlamp_product', 0.00016311454078883427
Topic #6,u'distribution_records', 7.5853848875505878e-05
Topic #6,u'house_assembly', 7.5850844429827658e-05
Topic #6,u'ray_system', 7.5850844429827658e-05
Topic #6,u'tube', 7.5850844429827658e-05
Topic #6,u'voltage_generator', 7.5837230720035727e-05
Topic #6,u'high', 7.5837230720035727e-05
Topic #3,u'provision', 0.00021242669878585905
Topic #3,u'subject', 0.00013318960303728892
Topic #3,u'distributor', 0.00011550455255841604
Topic #3,u'dry', 0.00011000168386452723
Topic #3,u'megahertz', 0.00011000168386435098
Topic #3,u'test_record', 7.5846384672820837e-05
Topic #3,u'ray_systems', 5.3874764516045631e-05
Topic #3,u'pursuant', 5.3874764291785662e-05
Topic #3,u'ray_equipment', 5.3874764258322019e-05
Topic #3,u'divulge', 5.3873777793469392e-05
Topic #2,u'test_condition', 0.00016318985107809165
Topic #2,u'phase', 0.00016318985107809165
Topic #2,u'sealer', 0.0001100585349862685
Topic #2,u'security_system', 0.0001100585349862685
Topic #2,u'ray_system_manufacture', 7.588558114785477e-05
Topic #2,u'september', 7.588558114785477e-05
Topic #2,u'ray_table', 7.5885581147830321e-05
Topic #2,u'cradle', 7.5885581147830321e-05
Topic #2,u'case', 1.4221378846636689e-05
Topic #2,u'hazard', 1.4221378846636689e-05
Topic #7,u'rate', 0.00016317501987017313
Topic #7,u'curve', 0.00016317501987017313
Topic #7,u'determine_use', 0.00016317501987017313
Topic #7,u'isoexposure', 0.00016317501987017313
Topic #7,u'limit', 0.00016317501987017313
Topic #7,u'exception', 5.3847777797918209e-05
Topic #7,u'certify', 5.3847777505054345e-05
Topic #7,u'component', 1.7252506668347503e-05
Topic #7,u'provision', 1.43045571861981e-05
Topic #7,u'manufacturer', 1.4245083970087079e-05
Topic #8,u'production', 0.00016306946845083236
Topic #8,u'annual_report', 0.00016306946845083236
Topic #8,u'status', 0.00016306946845083236
Topic #8,u'information', 0.00016306946845083236
Topic #8,u'retain', 0.00016306946314150443
Topic #8,u'test_program', 0.00016306946314150443
Topic #8,u'compliance', 0.00016306946314150443
Topic #8,u'manufacture', 7.5829599925243999e-05
Topic #8,u'image_intensifiers', 7.5829599925243999e-05
Topic #8,u'film_devices', 7.5829599925243999e-05
