TopicNo,Topic Words,Probability Score
Topic #6,u'product', 0.0027657590882272211
Topic #6,u'certify_mail', 0.00098045845345157601
Topic #6,u'dealer', 0.00082414291232393768
Topic #6,u'distributor', 0.00082414291232393768
Topic #6,u'expeditious_mean', 0.00082414291232393768
Topic #6,u'mailing', 0.00027096975266470538
Topic #6,u'secretary', 0.00022100603411981262
Topic #6,u'require', 0.000212032114774123
Topic #6,u'approve', 0.00017936775704069751
Topic #6,u'plan', 0.00017936775704069751
Topic #3,u'name', 0.0025390468764022777
Topic #3,u'sold', 0.0016244398267826244
Topic #3,u'manufacturer', 0.0011846824724442867
Topic #3,u'use', 0.0010785812263256905
Topic #3,u'notification_require', 0.00082210771752795348
Topic #3,u'individual', 0.00082210771752795348
Topic #3,u'company', 0.00082210771752795348
Topic #3,u'whose', 0.00082210771752795348
Topic #3,u'notification', 0.00041799051353775402
Topic #3,u'envelope', 0.00037070584348247563
Topic #7,u'center', 0.00027329137947259478
Topic #7,u'inch', 0.00021706366501731862
Topic #7,u'red', 0.00011564127685052289
Topic #7,u'high', 0.00011564127685052289
Topic #7,u'rectangle', 0.00011564127685052289
Topic #7,u'wide', 0.00011564127685052289
Topic #7,u'information_prescribe', 5.6212657172755663e-05
Topic #7,u'important', 1.4218900076272051e-05
Topic #7,u'capital', 1.4218900032288214e-05
Topic #7,u'sold', 1.4218898984770233e-05
Topic #8,u'type', 0.00027304211180632497
Topic #8,u'follow_statement', 0.00018073416455387521
Topic #8,u'point', 0.00017171270781311801
Topic #8,u'gothic', 0.00017171270781311801
Topic #8,u'condense', 0.00017171221777018882
Topic #8,u'electronic_product', 0.00017171220042650452
Topic #8,u'radiation_warn', 0.00017171033537083971
Topic #8,u'appear', 0.00011553580411849182
Topic #8,u'reverse_print', 0.00011553580107495062
Topic #8,u'left_third', 0.00011553580107495062
Topic #9,u'statement', 0.00027296616536424462
Topic #9,u'include', 0.00022264624516157866
Topic #9,u'detail', 0.00018069881170515483
Topic #9,u'radiation_warn', 0.00017168073996451212
Topic #9,u'importantelectronic_product', 0.00017167887053961135
Topic #9,u'line', 0.00017167887053961135
Topic #9,u'three', 0.00017167887053961135
Topic #9,u'capital', 0.00017167880339784077
Topic #9,u'approve_plan', 0.00011547291379639642
Topic #9,u'lieu', 0.00011547291379639642
Topic #4,u'bold_type', 0.00017193683027509596
Topic #4,u'point', 0.00017193634334218568
Topic #4,u'gothic', 0.00017193634334218568
Topic #4,u'write', 5.6234851014028856e-05
Topic #4,u'important', 1.422451390717717e-05
Topic #4,u'capital', 1.4224513863094674e-05
Topic #4,u'sold', 1.4224512800711726e-05
Topic #4,u'dealer', 1.4224511200311124e-05
Topic #4,u'distributor', 1.4224511200311124e-05
Topic #4,u'expeditious_mean', 1.4224511200311124e-05
Topic #10,u'envelope_contain', 0.00011569957517112495
Topic #10,u'extraneous_material', 0.00011569957517112495
Topic #10,u'contain_advertise', 0.00011569957517112495
Topic #10,u'notice', 0.00011569957517112495
Topic #10,u'important', 1.4226068758629662e-05
Topic #10,u'capital', 1.4226068714592441e-05
Topic #10,u'sold', 1.4226067664027944e-05
Topic #10,u'dealer', 1.4226066063142648e-05
Topic #10,u'distributor', 1.4226066063142648e-05
Topic #10,u'expeditious_mean', 1.4226066063142648e-05
Topic #5,u'provide', 7.9540581264450256e-05
Topic #5,u'person_specify', 5.6234589745281415e-05
Topic #5,u'notification', 1.4249250896385058e-05
Topic #5,u'important', 1.4230317834925472e-05
Topic #5,u'capital', 1.4230317791313907e-05
Topic #5,u'sold', 1.4230316735649706e-05
Topic #5,u'distributor', 1.4230315133251446e-05
Topic #5,u'expeditious_mean', 1.4230315133251446e-05
Topic #5,u'dealer', 1.4230315133251446e-05
Topic #5,u'radiation_warn', 1.4230313814467721e-05
Topic #2,u'important', 1.4231845392933646e-05
Topic #2,u'capital', 1.4231845347151378e-05
Topic #2,u'sold', 1.4231844290446019e-05
Topic #2,u'distributor', 1.4231842687664125e-05
Topic #2,u'dealer', 1.4231842687664125e-05
Topic #2,u'expeditious_mean', 1.4231842687664125e-05
Topic #2,u'radiation_warn', 1.4231841372257579e-05
Topic #2,u'point', 1.423184037327646e-05
Topic #2,u'gothic', 1.423184037327646e-05
Topic #2,u'electronic_product', 1.4231840134178275e-05
Topic #1,u'important', 1.4231845391432175e-05
Topic #1,u'capital', 1.4231845347147754e-05
Topic #1,u'sold', 1.4231844290442312e-05
Topic #1,u'distributor', 1.4231842687748864e-05
Topic #1,u'dealer', 1.4231842687748864e-05
Topic #1,u'expeditious_mean', 1.4231842687748864e-05
Topic #1,u'radiation_warn', 1.423184136913589e-05
Topic #1,u'point', 1.4231840373040218e-05
Topic #1,u'gothic', 1.4231840373040218e-05
Topic #1,u'electronic_product', 1.4231840131056625e-05
