TopicNo,Topic Words,Probability Score
Topic #9,u'manufacturer', 0.0015398645595306297
Topic #9,u'require_notification', 0.0008628576078428922
Topic #9,u'date', 0.0008628576078428922
Topic #9,u'day', 0.0008628576078428922
Topic #9,u'within', 0.0008628576078428922
Topic #9,u'directive_furnish', 0.0008628576078428922
Topic #9,u'receipt', 0.0008628576078428922
Topic #9,u'notice', 0.00027041236785247752
Topic #9,u'time_specify', 0.00017009934542219529
Topic #9,u'period', 0.00017009934542219529
Topic #3,u'product', 0.00040034975095246122
Topic #3,u'defect', 0.00034151335553920202
Topic #3,u'comply', 0.00034151335549088255
Topic #3,u'number', 0.00032677969028054152
Topic #3,u'product_unit', 0.00032677969028054152
Topic #3,u'secretary', 0.00031841197096835861
Topic #3,u'electronic_product', 0.00017941642725274512
Topic #3,u'total', 0.00017046267051274729
Topic #3,u'write', 0.00017046267051274729
Topic #3,u'produce', 0.00017046267051274729
Topic #7,u'finding', 0.00018046525610386949
Topic #7,u'base', 4.5614324694074918e-05
Topic #7,u'upon', 4.5614324694074918e-05
Topic #7,u'report', 1.4229757327785535e-05
Topic #7,u'manner_specify', 1.4228586094922876e-05
Topic #7,u'study', 1.4228582786381297e-05
Topic #7,u'within', 1.4228580844627125e-05
Topic #7,u'receipt', 1.4228580844627125e-05
Topic #7,u'day', 1.4228580844627125e-05
Topic #7,u'require_notification', 1.4228580844627125e-05
Topic #6,u'report', 0.00018040139722524495
Topic #6,u'manner_specify', 0.00017139946406288681
Topic #6,u'base', 8.3966529003811542e-05
Topic #6,u'upon', 8.3966529003811542e-05
Topic #6,u'examination', 7.9285098678003185e-05
Topic #6,u'data', 7.9285098678003185e-05
Topic #6,u'finding', 1.4226402960167852e-05
Topic #6,u'study', 1.4223402998505434e-05
Topic #6,u'receipt', 1.4223401059810678e-05
Topic #6,u'within', 1.4223401059810678e-05
Topic #2,u'furnish', 0.00017136465878847792
Topic #2,u'direct', 0.00017136465878847792
Topic #2,u'person_specify', 0.00017136465878847792
Topic #2,u'notification', 0.00017136465878847792
Topic #2,u'study', 0.0001153249071482542
Topic #2,u'manufacturer', 1.4786519659166689e-05
Topic #2,u'paragraph', 1.4259137813816858e-05
Topic #2,u'receives', 1.4259137813816858e-05
Topic #2,u'every', 1.4259137813816858e-05
Topic #2,u'notice', 1.4259132395744738e-05
Topic #5,u'test', 0.00015724076827759446
Topic #5,u'inspection', 0.00015724076791342957
Topic #5,u'reference', 0.00011536460437688044
Topic #5,u'manner_specify', 1.4226335211384591e-05
Topic #5,u'study', 1.4226331909418731e-05
Topic #5,u'receipt', 1.4226329967376094e-05
Topic #5,u'within', 1.4226329967376094e-05
Topic #5,u'day', 1.4226329967376094e-05
Topic #5,u'directive_furnish', 1.4226329967376094e-05
Topic #5,u'date', 1.4226329967376094e-05
Topic #4,u'research', 7.9326954319141959e-05
Topic #4,u'manner_specify', 1.4230918885924489e-05
Topic #4,u'study', 1.4230915574785469e-05
Topic #4,u'date', 1.4230913633762381e-05
Topic #4,u'within', 1.4230913633762381e-05
Topic #4,u'receipt', 1.4230913633762381e-05
Topic #4,u'day', 1.4230913633762381e-05
Topic #4,u'require_notification', 1.4230913633762381e-05
Topic #4,u'directive_furnish', 1.4230913633762381e-05
Topic #4,u'base', 1.4230912943731625e-05
Topic #8,u'manner_specify', 1.4231845324226858e-05
Topic #8,u'study', 1.4231842013310167e-05
Topic #8,u'day', 1.4231840070522849e-05
Topic #8,u'within', 1.4231840070522849e-05
Topic #8,u'receipt', 1.4231840070522849e-05
Topic #8,u'require_notification', 1.4231840070522849e-05
Topic #8,u'directive_furnish', 1.4231840070522849e-05
Topic #8,u'date', 1.4231840070522849e-05
Topic #8,u'research', 1.4231839801521863e-05
Topic #8,u'upon', 1.4231839380930093e-05
Topic #10,u'manner_specify', 1.4231845324225542e-05
Topic #10,u'study', 1.4231842013418697e-05
Topic #10,u'day', 1.4231840070521518e-05
Topic #10,u'within', 1.4231840070521518e-05
Topic #10,u'receipt', 1.4231840070521518e-05
Topic #10,u'require_notification', 1.4231840070521518e-05
Topic #10,u'directive_furnish', 1.4231840070521518e-05
Topic #10,u'date', 1.4231840070521518e-05
Topic #10,u'research', 1.4231839801520544e-05
Topic #10,u'upon', 1.4231839380928653e-05
Topic #1,u'manner_specify', 1.4231845324223382e-05
Topic #1,u'study', 1.4231842013306643e-05
Topic #1,u'day', 1.4231840070519333e-05
Topic #1,u'within', 1.4231840070519333e-05
Topic #1,u'receipt', 1.4231840070519333e-05
Topic #1,u'require_notification', 1.4231840070519333e-05
Topic #1,u'directive_furnish', 1.4231840070519333e-05
Topic #1,u'date', 1.4231840070519333e-05
Topic #1,u'research', 1.4231839801518345e-05
Topic #1,u'upon', 1.4231839380926522e-05
