TopicNo,Topic Words,Probability Score
Topic #3,u'product', 0.0013970057506026993
Topic #3,u'compliance', 0.001340657774311188
Topic #3,u'fact', 0.0012016770101155013
Topic #3,u'act', 0.0012016770101155013
Topic #3,u'brought', 0.0012016770101155013
Topic #3,u'whether', 0.0012016770101155013
Topic #3,u'the_determination', 0.0012016770101155013
Topic #3,u'grant_permission', 5.4803542371355541e-05
Topic #3,u'bring_product', 5.480354202641416e-05
Topic #3,u'written_request', 1.4926097769353869e-05
Topic #1,u'secretary', 0.00048340103478305496
Topic #1,u'new', 0.00032113321186780978
Topic #1,u'custom', 0.00032113320950966469
Topic #1,u'permission', 0.00031641347173700713
Topic #1,u'notice', 0.00029205153599321106
Topic #1,u'notify', 0.00023118469982511526
Topic #1,u'form', 0.00016765280748590145
Topic #1,u'obtain', 0.00016765280748590145
Topic #1,u'owner', 0.00016765280748590145
Topic #1,u'supersede_bond', 0.00016765280748590145
Topic #5,u'complete', 0.00036523213619688586
Topic #5,u'notice', 0.00035035442628038343
Topic #5,u'necessary', 0.00030533772827403389
Topic #5,u'operation', 0.00027527450530430864
Topic #5,u'upon', 0.00026641396847978005
Topic #5,u'supervision', 0.00017649539565384799
Topic #5,u'operation_specify', 0.00016771960471309667
Topic #5,u'permission_change', 0.00016771960471309667
Topic #5,u'product_include', 0.00016771960471309667
Topic #5,u'ownership', 0.00016771960471309667
Topic #8,u'remain_responsible', 0.00016827800000102631
Topic #8,u'original_owner', 0.00016827800000102631
Topic #8,u'bond', 0.00016827800000102631
Topic #8,u'department', 1.4244172079238985e-05
Topic #8,u'representative', 1.4244172079238985e-05
Topic #8,u'human_service', 1.4244172079238985e-05
Topic #8,u'health', 1.4244172079238985e-05
Topic #8,u'carry', 1.4244172079238985e-05
Topic #8,u'operation', 1.4244170791350124e-05
Topic #8,u'supervision', 1.424416987669671e-05
Topic #10,u'grant', 0.00015438391470302395
Topic #10,u'additional_time', 9.7857312376011283e-05
Topic #10,u'deems', 9.7857312376011283e-05
Topic #10,u'permission_contemplate', 5.5266898759749955e-05
Topic #10,u'necessary', 1.7510669783597129e-05
Topic #10,u'secretary', 1.4229827389788826e-05
Topic #10,u'the_determination', 1.4226835378661662e-05
Topic #10,u'act', 1.4226835378661662e-05
Topic #10,u'brought', 1.4226835378661662e-05
Topic #10,u'fact', 1.4226835378661662e-05
Topic #9,u'follow', 7.8015197702893544e-05
Topic #9,u'procedure', 7.8015197702893544e-05
Topic #9,u'specify', 7.8015180590351908e-05
Topic #9,u'brought', 1.4229117978038157e-05
Topic #9,u'act', 1.4229117978038157e-05
Topic #9,u'whether', 1.4229117978038157e-05
Topic #9,u'the_determination', 1.4229117978038157e-05
Topic #9,u'fact', 1.4229117978038157e-05
Topic #9,u'deems', 1.4229115535399084e-05
Topic #9,u'additional_time', 1.4229115535399084e-05
Topic #2,u'act', 1.4231841359293975e-05
Topic #2,u'whether', 1.4231841359293975e-05
Topic #2,u'brought', 1.4231841359293975e-05
Topic #2,u'the_determination', 1.4231841359293975e-05
Topic #2,u'fact', 1.4231841359293975e-05
Topic #2,u'specify', 1.4231839803807939e-05
Topic #2,u'additional_time', 1.4231838916837024e-05
Topic #2,u'deems', 1.4231838916837024e-05
Topic #2,u'notice', 1.4231838834961341e-05
Topic #2,u'bond', 1.4231838782549199e-05
Topic #7,u'act', 1.423184135929332e-05
Topic #7,u'whether', 1.423184135929332e-05
Topic #7,u'brought', 1.423184135929332e-05
Topic #7,u'the_determination', 1.423184135929332e-05
Topic #7,u'fact', 1.423184135929332e-05
Topic #7,u'specify', 1.423183980367195e-05
Topic #7,u'additional_time', 1.4231838916838222e-05
Topic #7,u'deems', 1.4231838916838222e-05
Topic #7,u'notice', 1.4231838834958832e-05
Topic #7,u'bond', 1.4231838780786813e-05
Topic #4,u'act', 1.4231841359291221e-05
Topic #4,u'whether', 1.4231841359291221e-05
Topic #4,u'brought', 1.4231841359291221e-05
Topic #4,u'the_determination', 1.4231841359291221e-05
Topic #4,u'fact', 1.4231841359291221e-05
Topic #4,u'specify', 1.4231839803669842e-05
Topic #4,u'additional_time', 1.4231838916839991e-05
Topic #4,u'deems', 1.4231838916839991e-05
Topic #4,u'notice', 1.4231838835238808e-05
Topic #4,u'bond', 1.4231838780784712e-05
Topic #6,u'act', 1.4231841359290511e-05
Topic #6,u'whether', 1.4231841359290511e-05
Topic #6,u'brought', 1.4231841359290511e-05
Topic #6,u'the_determination', 1.4231841359290511e-05
Topic #6,u'fact', 1.4231841359290511e-05
Topic #6,u'specify', 1.4231839803669131e-05
Topic #6,u'additional_time', 1.423183891683264e-05
Topic #6,u'deems', 1.423183891683264e-05
Topic #6,u'notice', 1.4231838834956025e-05
Topic #6,u'bond', 1.4231838780784002e-05
