TopicNo,Topic Words,Probability Score
Topic #10,u'custom', 0.00091384368009878839
Topic #10,u'contain', 0.00055847097974570995
Topic #10,u'district_director', 0.00055810315293096716
Topic #10,u'form', 0.00034355091405247989
Topic #10,u'product', 0.00028628982554459786
Topic #10,u'necessary', 0.00028628982554459786
Topic #10,u'compliance', 0.00028628982554459786
Topic #10,u'condition', 0.00028628982554459786
Topic #10,u'demand', 0.00028628982554459786
Topic #10,u'applicable_law', 0.00028628982554459786
Topic #7,u'bond', 0.0003691041741485333
Topic #7,u'file', 1.7696451945860881e-05
Topic #7,u'district_director', 1.48072166976229e-05
Topic #7,u'custom', 1.4227263507015366e-05
Topic #7,u'form', 1.4226737469857589e-05
Topic #7,u'entry_bond', 1.4226736982301055e-05
Topic #7,u'bond_require', 1.4226733144691627e-05
Topic #7,u'term_bond', 1.4226733090519373e-05
Topic #7,u'contain', 1.4226729497287563e-05
Topic #7,u'owner', 1.422672940980333e-05
Topic #3,u'term_bond', 0.00019641764083662449
Topic #3,u'form', 4.6519375122551192e-05
Topic #3,u'custom', 2.0787250187113935e-05
Topic #3,u'contain', 1.4647908166586721e-05
Topic #3,u'district_director', 1.4438271797125091e-05
Topic #3,u'applicable_law', 1.4438262104118392e-05
Topic #3,u'product', 1.4438262104118392e-05
Topic #3,u'compliance', 1.4438262104118392e-05
Topic #3,u'necessary', 1.4438262104118392e-05
Topic #3,u'demand', 1.4438262104118392e-05
Topic #2,u'entry_bond', 0.0001351857961345215
Topic #2,u'form', 1.423012425612007e-05
Topic #2,u'custom', 1.423012347447667e-05
Topic #2,u'file', 1.4230120222726401e-05
Topic #2,u'district_director', 1.4230120000419355e-05
Topic #2,u'bond_require', 1.4230119931656114e-05
Topic #2,u'term_bond', 1.4230119876732365e-05
Topic #2,u'bond', 1.4230119406071184e-05
Topic #2,u'contain', 1.4230116283153539e-05
Topic #2,u'owner', 1.423011619623399e-05
Topic #4,u'appropriate_form', 0.00013510415619369612
Topic #4,u'execute', 0.00013510415619369612
Topic #4,u'consignee', 0.00013510415619369612
Topic #4,u'act', 0.00013510415619369612
Topic #4,u'owner', 0.00013510415619369612
Topic #4,u'custom_single', 0.00013510415619369612
Topic #4,u'form', 1.4221523362077432e-05
Topic #4,u'entry_bond', 1.4221522898072574e-05
Topic #4,u'custom', 1.4221522581989724e-05
Topic #4,u'file', 1.4221519344042321e-05
Topic #9,u'form', 1.42318456830793e-05
Topic #9,u'entry_bond', 1.4231845196669749e-05
Topic #9,u'custom', 1.4231844901124168e-05
Topic #9,u'file', 1.4231841645711888e-05
Topic #9,u'district_director', 1.4231841423350015e-05
Topic #9,u'bond_require', 1.4231841353675497e-05
Topic #9,u'term_bond', 1.4231841300375231e-05
Topic #9,u'bond', 1.4231840827901394e-05
Topic #9,u'contain', 1.4231837704874633e-05
Topic #9,u'owner', 1.4231837617784738e-05
Topic #6,u'form', 1.4231845682260231e-05
Topic #6,u'entry_bond', 1.4231845196669739e-05
Topic #6,u'custom', 1.4231844900305104e-05
Topic #6,u'file', 1.4231841645711915e-05
Topic #6,u'district_director', 1.423184142335004e-05
Topic #6,u'bond_require', 1.4231841353675521e-05
Topic #6,u'term_bond', 1.4231841300449717e-05
Topic #6,u'bond', 1.423184082790142e-05
Topic #6,u'contain', 1.423183770487466e-05
Topic #6,u'owner', 1.4231837617730264e-05
Topic #1,u'form', 1.4231845682185771e-05
Topic #1,u'entry_bond', 1.4231845196678299e-05
Topic #1,u'custom', 1.4231844900230648e-05
Topic #1,u'file', 1.4231841645711919e-05
Topic #1,u'district_director', 1.4231841423350046e-05
Topic #1,u'bond_require', 1.4231841353675514e-05
Topic #1,u'term_bond', 1.4231841300375261e-05
Topic #1,u'bond', 1.4231840827901423e-05
Topic #1,u'contain', 1.4231837704874663e-05
Topic #1,u'owner', 1.4231837617730267e-05
Topic #8,u'form', 1.4231845682185765e-05
Topic #8,u'entry_bond', 1.423184519719772e-05
Topic #8,u'custom', 1.423184490023064e-05
Topic #8,u'file', 1.423184164571191e-05
Topic #8,u'district_director', 1.4231841423350037e-05
Topic #8,u'bond_require', 1.4231841353675502e-05
Topic #8,u'term_bond', 1.4231841300375253e-05
Topic #8,u'bond', 1.4231840827901417e-05
Topic #8,u'contain', 1.4231837704874655e-05
Topic #8,u'owner', 1.423183761773026e-05
Topic #5,u'form', 1.4231845682185761e-05
Topic #5,u'entry_bond', 1.4231845197481291e-05
Topic #5,u'custom', 1.4231844900230637e-05
Topic #5,u'file', 1.4231841645711907e-05
Topic #5,u'district_director', 1.4231841423350034e-05
Topic #5,u'bond_require', 1.4231841353675502e-05
Topic #5,u'term_bond', 1.4231841300375249e-05
Topic #5,u'bond', 1.4231840827901413e-05
Topic #5,u'contain', 1.4231837704874652e-05
Topic #5,u'owner', 1.4231837617730255e-05
