TopicNo,Topic Words,Probability Score
Topic #10,u'electronic_product', 0.00066110174831004532
Topic #10,u'applicable', 0.00041615846800578801
Topic #10,u'state', 0.00041615846800578801
Topic #10,u'unite', 0.00041615846800578801
Topic #10,u'offer', 0.00041615846800578801
Topic #10,u'importation', 0.00041615846800578801
Topic #10,u'manufacturer', 0.0002591235994209714
Topic #10,u'every', 0.0002591235994209714
Topic #10,u'subject', 0.00017121518719914462
Topic #10,u'standard_prescribe', 0.00017121518719914462
Topic #1,u'applicability', 0.0001152682236585148
Topic #1,u'provision', 1.4230411939110342e-05
Topic #1,u'manufacturer', 1.4230401954649437e-05
Topic #1,u'every', 1.4230401954649437e-05
Topic #1,u'standard_prescribe', 1.4230400578181641e-05
Topic #1,u'subchapter_and', 1.4230400578181641e-05
Topic #1,u'subject', 1.4230400578181641e-05
Topic #1,u'state', 1.4230400521504406e-05
Topic #1,u'applicable', 1.4230400521504406e-05
Topic #1,u'importation', 1.4230400521504406e-05
Topic #3,u'provision', 0.00011526822365834634
Topic #3,u'applicability', 1.4230411939105376e-05
Topic #3,u'manufacturer', 1.4230401954647165e-05
Topic #3,u'every', 1.4230401954647165e-05
Topic #3,u'standard_prescribe', 1.4230400578181644e-05
Topic #3,u'subchapter_and', 1.4230400578181644e-05
Topic #3,u'subject', 1.4230400578181644e-05
Topic #3,u'state', 1.423040052150441e-05
Topic #3,u'applicable', 1.423040052150441e-05
Topic #3,u'importation', 1.423040052150441e-05
Topic #4,u'provision', 1.4231849894672864e-05
Topic #4,u'applicability', 1.4231849894566279e-05
Topic #4,u'manufacturer', 1.4231839909167959e-05
Topic #4,u'every', 1.4231839909167959e-05
Topic #4,u'standard_prescribe', 1.4231838532761889e-05
Topic #4,u'subchapter_and', 1.4231838532761889e-05
Topic #4,u'subject', 1.4231838532761889e-05
Topic #4,u'state', 1.4231838476063889e-05
Topic #4,u'applicable', 1.4231838476063889e-05
Topic #4,u'importation', 1.4231838476063889e-05
Topic #5,u'provision', 1.4231849894167909e-05
Topic #5,u'applicability', 1.423184989412657e-05
Topic #5,u'manufacturer', 1.4231839909167312e-05
Topic #5,u'every', 1.4231839909167312e-05
Topic #5,u'standard_prescribe', 1.4231838532761905e-05
Topic #5,u'subchapter_and', 1.4231838532761905e-05
Topic #5,u'subject', 1.4231838532761905e-05
Topic #5,u'state', 1.4231838476063904e-05
Topic #5,u'applicable', 1.4231838476063904e-05
Topic #5,u'importation', 1.4231838476063904e-05
Topic #6,u'applicability', 1.4231849894141551e-05
Topic #6,u'provision', 1.4231849894131522e-05
Topic #6,u'manufacturer', 1.4231839909167578e-05
Topic #6,u'every', 1.4231839909167578e-05
Topic #6,u'standard_prescribe', 1.4231838532761905e-05
Topic #6,u'subchapter_and', 1.4231838532761905e-05
Topic #6,u'subject', 1.4231838532761905e-05
Topic #6,u'state', 1.4231838476063904e-05
Topic #6,u'applicable', 1.4231838476063904e-05
Topic #6,u'importation', 1.4231838476063904e-05
Topic #2,u'provision', 1.4231849894131558e-05
Topic #2,u'applicability', 1.4231849894126569e-05
Topic #2,u'manufacturer', 1.4231839909168358e-05
Topic #2,u'every', 1.4231839909168358e-05
Topic #2,u'standard_prescribe', 1.4231838532761905e-05
Topic #2,u'subchapter_and', 1.4231838532761905e-05
Topic #2,u'subject', 1.4231838532761905e-05
Topic #2,u'state', 1.4231838476063904e-05
Topic #2,u'applicable', 1.4231838476063904e-05
Topic #2,u'importation', 1.4231838476063904e-05
Topic #7,u'provision', 1.4231849894131529e-05
Topic #7,u'applicability', 1.4231849894126624e-05
Topic #7,u'manufacturer', 1.4231839909166656e-05
Topic #7,u'every', 1.4231839909166656e-05
Topic #7,u'standard_prescribe', 1.4231838532761905e-05
Topic #7,u'subchapter_and', 1.4231838532761905e-05
Topic #7,u'subject', 1.4231838532761905e-05
Topic #7,u'state', 1.4231838476063904e-05
Topic #7,u'applicable', 1.4231838476063904e-05
Topic #7,u'importation', 1.4231838476063904e-05
Topic #9,u'provision', 1.4231849894131522e-05
Topic #9,u'applicability', 1.423184989412677e-05
Topic #9,u'manufacturer', 1.4231839909167828e-05
Topic #9,u'every', 1.4231839909167828e-05
Topic #9,u'standard_prescribe', 1.4231838532761905e-05
Topic #9,u'subchapter_and', 1.4231838532761905e-05
Topic #9,u'subject', 1.4231838532761905e-05
Topic #9,u'state', 1.4231838476063904e-05
Topic #9,u'applicable', 1.4231838476063904e-05
Topic #9,u'importation', 1.4231838476063904e-05
Topic #8,u'provision', 1.4231849894131493e-05
Topic #8,u'applicability', 1.4231849894126665e-05
Topic #8,u'manufacturer', 1.4231839909166893e-05
Topic #8,u'every', 1.4231839909166893e-05
Topic #8,u'standard_prescribe', 1.4231838533003485e-05
Topic #8,u'subchapter_and', 1.4231838533003485e-05
Topic #8,u'subject', 1.4231838533003485e-05
Topic #8,u'state', 1.4231838476305483e-05
Topic #8,u'applicable', 1.4231838476305483e-05
Topic #8,u'importation', 1.4231838476305483e-05
