TopicNo,Topic Words,Probability Score
Topic #9,u'half_hour', 0.0018925393972786639
Topic #9,u'washington', 0.00011136129861480975
Topic #9,u'birthday', 0.00011136129861377189
Topic #9,u'diem', 5.4420755929568288e-05
Topic #9,u'lieu', 5.4420755883289552e-05
Topic #9,u'away', 5.4420755791771924e-05
Topic #9,u'home_station', 5.4420755751271349e-05
Topic #9,u'subsistence', 5.4420755730217295e-05
Topic #9,u'supervise_officer', 1.4292341460958524e-05
Topic #9,u'per', 1.4248321082461581e-05
Topic #8,u'one', 0.0018848389890833055
Topic #8,u'disregard_fractional', 0.0018848389890833055
Topic #8,u'part', 0.0018848389890833055
Topic #8,u'week', 0.00026131115005792249
Topic #8,u'veteran_day', 0.00011090815987210152
Topic #8,u'independence_day', 0.00011090815987180961
Topic #8,u'february', 5.4207715522194267e-05
Topic #8,u'custom_officer', 5.420771542031675e-05
Topic #8,u'except', 5.4207715288956068e-05
Topic #8,u'subject', 5.4207715242467213e-05
Topic #3,u'hour', 0.0014036260481249836
Topic #3,u'work', 0.0011581496001344511
Topic #3,u'annual', 0.00076239521926649615
Topic #3,u'number', 0.00070910088582080413
Topic #3,u'equivalent', 0.00052508143339942154
Topic #3,u'compute', 0.00051156675127373666
Topic #3,u'gross', 0.00046312172532853734
Topic #3,u'food', 0.00031343883622348019
Topic #3,u'hour_charge', 0.00031343883622348019
Topic #3,u'drug_appropriation', 0.00031343883622348019
Topic #4,u'day', 0.00056453199310544429
Topic #4,u'year', 0.00026244022641236587
Topic #4,u'man', 0.00016525935052455812
Topic #4,u'support', 0.00016525935052455812
Topic #4,u'require', 0.00016525935052455812
Topic #4,u'equal', 0.00016525935052455812
Topic #4,u'legal', 0.00011138311156186878
Topic #4,u'public', 0.00011138311156186878
Topic #4,u'nine', 0.00011138311156186878
Topic #4,u'holidaysnew', 0.00011138311156186878
Topic #7,u'employee', 0.00026846714263735417
Topic #7,u'sec', 7.6866484116667089e-05
Topic #7,u'pay', 1.4253941403673481e-05
Topic #7,u'health_benefit', 1.4253941403673481e-05
Topic #7,u'annual_rate', 1.4253941403673481e-05
Topic #7,u'annual', 1.424648696144925e-05
Topic #7,u'equivalent', 1.4227580007204631e-05
Topic #7,u'work', 1.4227446026388237e-05
Topic #7,u'compute', 1.4227435194605717e-05
Topic #7,u'hour', 1.4227403259481181e-05
Topic #1,u'service', 0.00026832294706049571
Topic #1,u'charge', 0.00026832294677033572
Topic #1,u'analyst', 0.00017411435112770372
Topic #1,u'life_insurance', 0.00016545166537153472
Topic #1,u'labor_day', 0.00011151272994278283
Topic #1,u'supervise_officer', 1.4313627893401823e-05
Topic #1,u'time', 1.4313309131127543e-05
Topic #1,u'supervise_officers', 1.4313309131127543e-05
Topic #1,u'multiple', 1.4313309131127543e-05
Topic #1,u'first', 1.4313309131127543e-05
Topic #10,u'note', 0.00016554009123705761
Topic #10,u'thanksgiving_day', 0.0001655400912221111
Topic #10,u'include', 5.4532330772606759e-05
Topic #10,u'cost', 5.4531421771989516e-05
Topic #10,u'half_hour', 1.4226456762647791e-05
Topic #10,u'part', 1.4226401022836778e-05
Topic #10,u'disregard_fractional', 1.4226401022836778e-05
Topic #10,u'one', 1.4226401022836778e-05
Topic #10,u'pct', 1.4226391094103238e-05
Topic #10,u'life_insurance', 1.4226391045341787e-05
Topic #5,u'act', 0.00015736278589444739
Topic #5,u'provide', 0.0001170953411601108
Topic #5,u'calculate', 7.6814160403864277e-05
Topic #5,u'laboratory_support', 7.681415600037176e-05
Topic #5,u'include_administrative', 7.681415600037176e-05
Topic #5,u'cost', 5.4499825201144221e-05
Topic #5,u'compliance', 5.4499182258810211e-05
Topic #5,u'product', 5.4498812832386189e-05
Topic #5,u'operation', 5.4498812785849501e-05
Topic #5,u'necessary', 5.4498812781378231e-05
Topic #2,u'service_fee', 5.4551029268251017e-05
Topic #2,u'half_hour', 1.4231337196746912e-05
Topic #2,u'disregard_fractional', 1.4231281402612305e-05
Topic #2,u'part', 1.4231281402612305e-05
Topic #2,u'one', 1.4231281402612305e-05
Topic #2,u'pct', 1.4231271459813937e-05
Topic #2,u'life_insurance', 1.4231271411029905e-05
Topic #2,u'thanksgiving_day', 1.4231271402165034e-05
Topic #2,u'note', 1.4231271400898867e-05
Topic #2,u'amend', 1.4231269890866183e-05
Topic #6,u'half_hour', 1.4231911026466029e-05
Topic #6,u'one', 1.4231855229911693e-05
Topic #6,u'part', 1.4231855229911693e-05
Topic #6,u'disregard_fractional', 1.4231855229911693e-05
Topic #6,u'pct', 1.4231845285167509e-05
Topic #6,u'thanksgiving_day', 1.4231845237565978e-05
Topic #6,u'life_insurance', 1.4231845236377503e-05
Topic #6,u'note', 1.4231845226245129e-05
Topic #6,u'amend', 1.4231843718325516e-05
Topic #6,u'columbus_day', 1.4231842033127426e-05
