TopicNo,Topic Words,Probability Score
Topic #9,u'sample', 0.00077033809226495693
Topic #9,u'found', 0.00035997066242538607
Topic #9,u'payment', 0.00032382436352224877
Topic #9,u'radiation_control', 0.00027202085652757818
Topic #9,u'act', 0.00025908936631497493
Topic #9,u'violation', 0.00025908936631497493
Topic #9,u'safety_act', 0.00011956692880167388
Topic #9,u'formerly', 0.00011956692880167388
Topic #9,u'subchapter', 0.00011491564815958044
Topic #9,u'federal_food', 0.00011491564815958044
Topic #2,u'made', 0.00041696463003655854
Topic #2,u'owner', 0.00017156098744435829
Topic #2,u'radiological_health', 0.00017156098744435829
Topic #2,u'device', 0.00017156098744435829
Topic #2,u'bill', 0.00017156098744435829
Topic #2,u'consignee', 0.00017156098744435829
Topic #2,u'reimbursement', 0.00017156098744435829
Topic #2,u'center', 0.00017156098744435829
Topic #2,u'drug', 0.00011509479937599735
Topic #2,u'act', 1.4362404769162661e-05
Topic #1,u'even', 0.00025957685470861467
Topic #1,u'term_specify', 0.00025957685470861467
Topic #1,u'compliance_pursuant', 0.00025957685470861467
Topic #1,u'permission_issue', 0.00025957685470861467
Topic #1,u'though', 0.00025957685470861467
Topic #1,u'notice', 0.00025957685470861467
Topic #1,u'subsequently_brought', 0.00025957685470861467
Topic #1,u'rockville', 0.0001715144711479185
Topic #1,u'drug', 1.4205166438066307e-05
Topic #1,u'cosmetic_act', 1.420516643708628e-05
Topic #8,u'health', 0.00023637590501532756
Topic #8,u'pay', 0.00017987503521852625
Topic #8,u'render', 7.893847647620869e-05
Topic #8,u'test', 7.8938475974955856e-05
Topic #8,u'unsalable', 7.8938475904800304e-05
Topic #8,u'electronic_product', 7.8938475794583578e-05
Topic #8,u'import_sample', 7.8938475685548523e-05
Topic #8,u'department', 7.8938475628921524e-05
Topic #8,u'result', 7.8938475041172382e-05
Topic #8,u'human_service', 7.8938474959258767e-05
Topic #7,u'fisher', 0.00017178263747488634
Topic #7,u'lane', 0.00017178263747488634
Topic #7,u'rockville', 1.4227377221381852e-05
Topic #7,u'drug', 1.4227365287091602e-05
Topic #7,u'cosmetic_act', 1.4227365286282597e-05
Topic #7,u'formerly', 1.4227357858561544e-05
Topic #7,u'safety_act', 1.4227357858561544e-05
Topic #7,u'violation', 1.4227356567436513e-05
Topic #7,u'act', 1.4227356567436513e-05
Topic #7,u'compliance_pursuant', 1.4227356296487883e-05
Topic #10,u'cosmetic_act', 0.00011526822373498911
Topic #10,u'rockville', 1.423042386209643e-05
Topic #10,u'drug', 1.4230411938313262e-05
Topic #10,u'lane', 1.4230408804794672e-05
Topic #10,u'fisher', 1.4230408804794672e-05
Topic #10,u'safety_act', 1.4230404506008273e-05
Topic #10,u'formerly', 1.4230404506008273e-05
Topic #10,u'violation', 1.4230403218863281e-05
Topic #10,u'act', 1.4230403218863281e-05
Topic #10,u'term_specify', 1.4230402947734189e-05
Topic #4,u'rockville', 1.4231861828783741e-05
Topic #4,u'drug', 1.4231849893324066e-05
Topic #4,u'cosmetic_act', 1.4231849892861352e-05
Topic #4,u'lane', 1.4231846763458453e-05
Topic #4,u'fisher', 1.4231846763458453e-05
Topic #4,u'safety_act', 1.4231842462413004e-05
Topic #4,u'formerly', 1.4231842462413004e-05
Topic #4,u'violation', 1.4231841173714616e-05
Topic #4,u'act', 1.4231841173714616e-05
Topic #4,u'term_specify', 1.4231840902514025e-05
Topic #6,u'rockville', 1.4231861828283836e-05
Topic #6,u'drug', 1.4231849893325982e-05
Topic #6,u'cosmetic_act', 1.4231849892516562e-05
Topic #6,u'lane', 1.4231846763460361e-05
Topic #6,u'fisher', 1.4231846763460361e-05
Topic #6,u'safety_act', 1.4231842462415145e-05
Topic #6,u'formerly', 1.4231842462415145e-05
Topic #6,u'violation', 1.4231841173716517e-05
Topic #6,u'act', 1.4231841173716517e-05
Topic #6,u'term_specify', 1.4231840902515931e-05
Topic #5,u'rockville', 1.423186182827356e-05
Topic #5,u'drug', 1.4231849893330674e-05
Topic #5,u'cosmetic_act', 1.4231849892521255e-05
Topic #5,u'lane', 1.4231846763465037e-05
Topic #5,u'fisher', 1.4231846763465037e-05
Topic #5,u'safety_act', 1.423184246241967e-05
Topic #5,u'formerly', 1.423184246241967e-05
Topic #5,u'violation', 1.4231841173721194e-05
Topic #5,u'act', 1.4231841173721194e-05
Topic #5,u'term_specify', 1.4231840902520603e-05
Topic #3,u'rockville', 1.4231861828268721e-05
Topic #3,u'drug', 1.423184989332713e-05
Topic #3,u'cosmetic_act', 1.4231849892517707e-05
Topic #3,u'fisher', 1.4231846763461506e-05
Topic #3,u'lane', 1.4231846763461506e-05
Topic #3,u'formerly', 1.4231842462416153e-05
Topic #3,u'safety_act', 1.4231842462416153e-05
Topic #3,u'violation', 1.4231841173717657e-05
Topic #3,u'act', 1.4231841173717657e-05
Topic #3,u'subsequently_brought', 1.4231840902517074e-05
