TopicNo,Topic Words,Probability Score
Topic #7,u'district_director', 0.0011304147222997928
Topic #7,u'custom', 0.0011304147222997928
Topic #7,u'shipment', 0.0010831957464341024
Topic #7,u'custom_law', 0.00074969484503107644
Topic #7,u'require', 0.00074969484503107644
Topic #7,u'accordance', 0.00074969484503107644
Topic #7,u'destruction', 0.00074969484503107644
Topic #7,u'exportation', 0.00074969484503107644
Topic #7,u'test', 0.00027307349803865966
Topic #7,u'result', 0.00027307349803865966
Topic #8,u'sample', 0.00052950180486105555
Topic #8,u'product', 0.00039649859505756844
Topic #8,u'act', 0.00032929258155264796
Topic #8,u'requirement', 0.00032929258155264796
Topic #8,u'secretary', 0.00028352433849523039
Topic #8,u'owner', 0.00021791604047587037
Topic #8,u'consignee', 0.00021791604047587037
Topic #8,u'compliance', 0.00017255860620761298
Topic #8,u'state', 0.00017255860620761298
Topic #8,u'notice', 0.00015825846862842113
Topic #1,u'accordance', 1.4231839245884379e-05
Topic #1,u'destruction', 1.4231839245884379e-05
Topic #1,u'exportation', 1.4231839245884379e-05
Topic #1,u'custom_law', 1.4231839245884379e-05
Topic #1,u'require', 1.4231839245884379e-05
Topic #1,u'requires', 1.4231838796877667e-05
Topic #1,u'act', 1.4231838417952926e-05
Topic #1,u'requirement', 1.4231838417952926e-05
Topic #1,u'compliance', 1.4231837865328982e-05
Topic #1,u'state', 1.4231837865328982e-05
Topic #10,u'exportation', 1.4231839245882814e-05
Topic #10,u'destruction', 1.4231839245882814e-05
Topic #10,u'accordance', 1.4231839245882814e-05
Topic #10,u'custom_law', 1.4231839245882814e-05
Topic #10,u'require', 1.4231839245882814e-05
Topic #10,u'requires', 1.4231838796878909e-05
Topic #10,u'act', 1.4231838417950487e-05
Topic #10,u'requirement', 1.4231838417950487e-05
Topic #10,u'state', 1.4231837865326543e-05
Topic #10,u'compliance', 1.4231837865326543e-05
Topic #9,u'accordance', 1.4231839245882182e-05
Topic #9,u'destruction', 1.4231839245882182e-05
Topic #9,u'exportation', 1.4231839245882182e-05
Topic #9,u'require', 1.4231839245882182e-05
Topic #9,u'custom_law', 1.4231839245882182e-05
Topic #9,u'requires', 1.4231838796877396e-05
Topic #9,u'act', 1.4231838417949347e-05
Topic #9,u'requirement', 1.4231838417949347e-05
Topic #9,u'compliance', 1.4231837865325401e-05
Topic #9,u'state', 1.4231837865325401e-05
Topic #5,u'accordance', 1.4231839245881476e-05
Topic #5,u'destruction', 1.4231839245881476e-05
Topic #5,u'exportation', 1.4231839245881476e-05
Topic #5,u'custom_law', 1.4231839245881476e-05
Topic #5,u'require', 1.4231839245881476e-05
Topic #5,u'requires', 1.4231838796875289e-05
Topic #5,u'act', 1.4231838417948847e-05
Topic #5,u'requirement', 1.4231838417948847e-05
Topic #5,u'compliance', 1.4231837865324903e-05
Topic #5,u'state', 1.4231837865324903e-05
Topic #2,u'accordance', 1.4231839245881145e-05
Topic #2,u'destruction', 1.4231839245881145e-05
Topic #2,u'exportation', 1.4231839245881145e-05
Topic #2,u'custom_law', 1.4231839245881145e-05
Topic #2,u'require', 1.4231839245881145e-05
Topic #2,u'requires', 1.4231838796876854e-05
Topic #2,u'act', 1.423183841795066e-05
Topic #2,u'requirement', 1.423183841795066e-05
Topic #2,u'compliance', 1.4231837865326715e-05
Topic #2,u'state', 1.4231837865326715e-05
Topic #3,u'accordance', 1.4231839245880612e-05
Topic #3,u'destruction', 1.4231839245880612e-05
Topic #3,u'exportation', 1.4231839245880612e-05
Topic #3,u'custom_law', 1.4231839245880612e-05
Topic #3,u'require', 1.4231839245880612e-05
Topic #3,u'requires', 1.4231838796882265e-05
Topic #3,u'act', 1.4231838417961381e-05
Topic #3,u'requirement', 1.4231838417961381e-05
Topic #3,u'compliance', 1.4231837865337435e-05
Topic #3,u'state', 1.4231837865337435e-05
Topic #6,u'accordance', 1.4231839245880334e-05
Topic #6,u'destruction', 1.4231839245880334e-05
Topic #6,u'exportation', 1.4231839245880334e-05
Topic #6,u'require', 1.4231839245880334e-05
Topic #6,u'custom_law', 1.4231839245880334e-05
Topic #6,u'requires', 1.4231838796877349e-05
Topic #6,u'act', 1.423183841795017e-05
Topic #6,u'requirement', 1.423183841795017e-05
Topic #6,u'compliance', 1.4231837865326226e-05
Topic #6,u'state', 1.4231837865326226e-05
Topic #4,u'destruction', 1.4231839245879029e-05
Topic #4,u'accordance', 1.4231839245879029e-05
Topic #4,u'require', 1.4231839245879029e-05
Topic #4,u'custom_law', 1.4231839245879029e-05
Topic #4,u'exportation', 1.4231839245879029e-05
Topic #4,u'requires', 1.4231838796877228e-05
Topic #4,u'act', 1.4231838417981154e-05
Topic #4,u'requirement', 1.4231838417981154e-05
Topic #4,u'state', 1.4231837865357208e-05
Topic #4,u'compliance', 1.4231837865357208e-05
