TopicNo,Topic Words,Probability Score
Topic #1,u'juice', 0.0063586070174317267
Topic #1,u'percent', 0.0028002903196111843
Topic #1,u'percentage', 0.0014983292127140875
Topic #1,u'declaration', 0.0011982545467505723
Topic #1,u'contains', 0.00079236836375797275
Topic #1,u'vegetable', 0.00073080052381363806
Topic #1,u'fruit', 0.0006258214333485576
Topic #1,u'declare', 0.00057140998912501024
Topic #1,u'total', 0.00050884988711939218
Topic #1,u'___', 0.00049387358851488454
Topic #9,u'label', 0.0015715052510363128
Topic #9,u'bear', 0.0010589667719018761
Topic #9,u'beverage', 0.0010041099187838702
Topic #9,u'fruit', 0.00098923743707363988
Topic #9,u'flavor', 0.00077450067883529105
Topic #9,u'vegetable_juice', 0.00071820053364512288
Topic #9,u'color', 0.00051900394273220012
Topic #9,u'juice_content', 0.00049752227063521533
Topic #9,u'raspberry', 0.00049737513911441399
Topic #9,u'strength', 0.00047518793333812322
Topic #6,u'product', 0.00091308221118357449
Topic #6,u'refractometer', 0.0002588087911581066
Topic #6,u'determine', 0.0002588087911581066
Topic #6,u'correct', 0.0002588087911581066
Topic #6,u'brix_values', 0.0002588087911581066
Topic #6,u'citric_acid', 0.0002588087911581066
Topic #6,u'citrus_juices', 0.0002588087911581066
Topic #6,u'peach', 0.0002588084497934537
Topic #6,u'nectarine', 0.00025880844979203101
Topic #6,u'tangerine', 0.00025880844967381502
Topic #7,u'concentrate', 0.00081110945534023271
Topic #7,u'use', 0.00068004285849623109
Topic #7,u'phrase', 0.00027926928042563466
Topic #7,u'brix_value', 0.00025835942505578142
Topic #7,u'value_specify', 0.00025835942505578142
Topic #7,u'reconstitute', 0.00025835936639113515
Topic #7,u'vitamin', 0.00025835936607207142
Topic #7,u'rda', 0.00025835936607207142
Topic #7,u'rhubarb', 0.00025835913509811157
Topic #7,u'youngberry', 0.00025835913509667121
Topic #10,u'name', 0.00079124397028625636
Topic #10,u'express_juice', 0.00056786694084017127
Topic #10,u'black', 0.00041562628425423652
Topic #10,u'dilute', 0.0003232240455216555
Topic #10,u'fill', 0.00027973974414999649
Topic #10,u'papaya', 0.00025879200007567356
Topic #10,u'product_compute', 0.00025216179356071729
Topic #10,u'volumevolume_basis', 0.00025216179356071729
Topic #10,u'base', 0.00025216179356071729
Topic #10,u'vegetable', 0.00017982527627043231
Topic #8,u'labeling', 0.00067026009359699159
Topic #8,u'cherry', 0.00032821978072410351
Topic #8,u'strawberry', 0.00025951477078019761
Topic #8,u'celery', 0.00017147368172499848
Topic #8,u'crabapple', 0.00017147368172497942
Topic #8,u'grape', 0.00017147368172404991
Topic #8,u'blueberry', 0.00017147368172087699
Topic #8,u'honeydew_melon', 0.00017147368171689163
Topic #8,u'logo', 0.00011503640141922521
Topic #8,u'product_name', 1.6598393289615873e-05
Topic #4,u'red', 0.00057312785182837183
Topic #4,u'blank', 0.00028030905265144675
Topic #4,u'mango', 0.00025933127221481792
Topic #4,u'orange', 0.00025933127210861045
Topic #4,u'lime', 0.00017135243450665149
Topic #4,u'print', 0.00011495542962917989
Topic #4,u'boldface_print', 0.00011495513118949479
Topic #4,u'easily_legible', 0.00011495513118949479
Topic #4,u'distinct_contrast', 0.00011495513118949479
Topic #4,u'type', 0.00011495513118949479
Topic #5,u'require', 0.00043672706283856831
Topic #5,u'currant', 0.00032743929962473334
Topic #5,u'declaration', 0.00029259536515555438
Topic #5,u'watermelon', 0.00025889766668219796
Topic #5,u'prune', 0.0002588976666801241
Topic #5,u'unconcentrated', 0.00025889766667921103
Topic #5,u'content_statement', 0.00017106612503456315
Topic #5,u'net_quantity', 0.00017106612503456315
Topic #5,u'type_size', 0.00017106612503456315
Topic #5,u'carambola', 0.00017106593122638778
Topic #3,u'date', 0.00041709564551620991
Topic #3,u'pomegranate', 0.00025971100008926375
Topic #3,u'product_name', 0.00021363579017457816
Topic #3,u'term', 0.00017980279859667006
Topic #3,u'comply', 0.00012819031436575739
Topic #3,u'contain_fruit_juice', 0.00011512335026448132
Topic #3,u'ingredient', 7.8912153352437973e-05
Topic #3,u'blank_fill', 7.8911093546025815e-05
Topic #3,u'minor_amount', 1.4245563089158803e-05
Topic #3,u'description', 1.4245563089158803e-05
Topic #2,u'melon', 0.00032840287916256419
Topic #2,u'quince', 0.00025924401667809288
Topic #2,u'pineapple', 0.00025924401665811738
Topic #2,u'pear', 0.00025924401663230935
Topic #2,u'product_code', 0.00021325252064755039
Topic #2,u'universal', 0.00021325252064755039
Topic #2,u'presence', 0.00017949977216871277
Topic #2,u'vignette', 0.0001794829147700712
Topic #2,u'cantaloupe', 0.00017129491566774077
Topic #2,u'casaba', 0.0001712949156631263
