TopicNo,Topic Words,Probability Score
Topic #6,u'ship_container', 0.008570892198891086
Topic #6,u'clear', 0.0084309343651025707
Topic #6,u'term', 0.0020747520078001781
Topic #6,u'appear_prominently', 0.0018837136214507771
Topic #6,u'conspicuously', 0.0018837136214507771
Topic #6,u'compare', 0.0018837136214507771
Topic #6,u'print_matter', 0.0018837136214507771
Topic #6,u'statement', 0.0012001602122684875
Topic #6,u'principal', 0.0010165922239523072
Topic #6,u'unit', 0.001005713694367036
Topic #3,u'type', 0.0085441832571181032
Topic #3,u'boldface_print', 0.0083900899840785546
Topic #3,u'appear_prominently', 0.0064523795804353745
Topic #3,u'print_matter', 0.0064523795804353745
Topic #3,u'compare', 0.0064523795804353745
Topic #3,u'conspicuously', 0.0064523795804353745
Topic #3,u'pint', 0.00082486162225080359
Topic #3,u'height', 0.00045904350428522113
Topic #3,u'fl_oz', 0.00042592827895136348
Topic #3,u'use', 0.00037068674901091992
Topic #7,u'purchaser', 0.0082097653388769603
Topic #7,u'understood', 0.0080733277633339706
Topic #7,u'purchase', 0.0080733277633339706
Topic #7,u'order', 0.0080733277633339706
Topic #7,u'contrast_background', 0.0080733277633339706
Topic #7,u'ordinary_condition', 0.0080733277633339706
Topic #7,u'read', 0.0080733277633339706
Topic #7,u'render', 0.0080733277633339706
Topic #7,u'likely', 0.0080733277633339706
Topic #7,u'food', 0.00041156079572338751
Topic #4,u'declaration', 0.0024949361961556374
Topic #4,u'content', 0.0016394466280697643
Topic #4,u'net_quantity', 0.0014942800186645685
Topic #4,u'express', 0.0012971994361665631
Topic #4,u'quantity', 0.0010937908123130815
Topic #4,u'paragraph', 0.0010464632515721211
Topic #4,u'volume', 0.0007046459869980749
Topic #4,u'example', 0.00059618080465404942
Topic #4,u'fill', 0.00058501176293832902
Topic #4,u'requirement', 0.00053358821161960366
Topic #1,u'quart', 0.0012309078871479849
Topic #1,u'gallon', 0.0010538932927318591
Topic #1,u'case', 0.00062867440478939999
Topic #1,u'appear', 0.00044914248011741596
Topic #1,u'liquid_measure', 0.00041843927593874516
Topic #1,u'state', 0.00039387545635448097
Topic #1,u'net_content', 0.00038479210574383368
Topic #1,u'cubic_inch', 0.00023885412400378138
Topic #1,u'net', 0.00020245784026060655
Topic #1,u'retail_package', 0.00016076144738994488
Topic #2,u'net_weight', 0.00094626967377743349
Topic #2,u'label', 0.00079635441745617432
Topic #2,u'actual', 0.00030798322571235647
Topic #2,u'low', 0.00030755353876477852
Topic #2,u'good', 0.00020321078978259918
Topic #2,u'school', 0.00016108789627787207
Topic #2,u'concern', 0.00016087410845041399
Topic #2,u'retail_package', 0.00016076718366828975
Topic #2,u'employ', 0.00014782178825378028
Topic #2,u'locate', 0.00014779525350237278
Topic #9,u'fluid_ounce', 0.00069380104206844125
Topic #9,u'net_wt', 0.00054088474015222417
Topic #9,u'subdivision_thereof', 0.00033143140803202861
Topic #9,u'emboss', 0.00019029800606188541
Topic #9,u'color', 0.00012981996992210583
Topic #9,u'fluid', 0.00010903777420675477
Topic #9,u'net', 0.00010903028725903702
Topic #9,u'reduce', 5.3466418205956457e-05
Topic #9,u'lowest_term', 5.346641815750418e-05
Topic #9,u'common_fraction', 5.3466363278616118e-05
Topic #8,u'one', 0.00066058856125644121
Topic #8,u'variation', 0.00064179869815870474
Topic #8,u'provide', 0.00051162696540261977
Topic #8,u'appropriate', 0.00036934272923041644
Topic #8,u'individual_units', 0.00034747594747825013
Topic #8,u'consolidate', 0.00016130906851989963
Topic #8,u'large', 0.00016048847470397562
Topic #8,u'state_quantity', 0.00016048847470397562
Topic #8,u'unreasonably', 0.00016048847470397562
Topic #8,u'fraction', 0.00015346315245383529
Topic #10,u'sold', 0.00038755472278279788
Topic #10,u'product_mislabeled', 0.00030895388944596078
Topic #10,u'three', 0.00026493173463644845
Topic #10,u'etc', 0.00025648968437467563
Topic #10,u'institution_operate', 0.0001616381065594032
Topic #10,u'processor_directly', 0.0001616381065594032
Topic #10,u'federal', 0.0001616381065594032
Topic #10,u'prison', 0.00016163804153471618
Topic #10,u'manufacturer', 0.00016163752944542279
Topic #10,u'semisolid', 9.2747891671629746e-05
Topic #5,u'retail_distribution', 0.00030891994331421342
Topic #5,u'product', 0.00030891162294688124
Topic #5,u'full', 0.00029561288391284651
Topic #5,u'purpose', 0.00016155716359520116
Topic #5,u'can', 0.00016155716359384756
Topic #5,u'regulation', 0.00015351268921367787
Topic #5,u'capable', 0.00015351268921367787
Topic #5,u'individually_sold', 0.00015351268921367787
Topic #5,u'compliance', 0.00015351268921367787
Topic #5,u'intend', 0.00015351268921367787
