TopicNo,Topic Words,Probability Score
Topic #3,u'petition', 0.008491455769490926
Topic #3,u'petitioner', 0.0043335709130210755
Topic #3,u'day', 0.0021381134111193977
Topic #3,u'notify', 0.0019135902626236988
Topic #3,u'within', 0.001903835365129323
Topic #3,u'brand_name', 0.0017146940032242571
Topic #3,u'letter', 0.0015078640532372935
Topic #3,u'notice', 0.0014310221389296184
Topic #3,u'______', 0.0013972061579376582
Topic #3,u'deny', 0.001394967026863777
Topic #6,u'petition', 0.0026526185012871796
Topic #6,u'fda', 0.0020673756907870918
Topic #6,u'claim', 0.001979211320719136
Topic #6,u'grant', 0.0015167590318947905
Topic #6,u'decision', 0.0013758969312476358
Topic #6,u'nutrient_content', 0.0012546246647768163
Topic #6,u'use', 0.0010162363635041209
Topic #6,u'file', 0.00093532709814006499
Topic #6,u'requirement', 0.00089779712134611792
Topic #6,u'present', 0.00076452146637319049
Topic #4,u'date', 0.002299190433045412
Topic #4,u'statement', 0.0018314180106283938
Topic #4,u'propose', 0.0015421103426045248
Topic #4,u'address', 0.0011555236130301901
Topic #4,u'mislead', 0.00075641275891381301
Topic #4,u'cosmetic_act', 0.00057729831088020966
Topic #4,u'concern', 0.0005131997936828576
Topic #4,u'term', 0.00038394335896349102
Topic #4,u'include_data', 0.0003572000435842508
Topic #4,u'brandname', 0.00025729804089010526
Topic #10,u'act', 0.0021347330998383652
Topic #10,u'regulation', 0.0014918414874304806
Topic #10,u'food', 0.001251465597997044
Topic #10,u'data', 0.0010680342654815736
Topic #10,u'labeling', 0.00092590940231576852
Topic #10,u'submit', 0.0008413577174102184
Topic #10,u'specify', 0.00066383389706693664
Topic #10,u'environmental_assessment', 0.00057280656551655202
Topic #10,u'limitation', 0.00056365398636972419
Topic #10,u'consistent', 0.00054168843824802817
Topic #2,u'public', 0.0017968552384517824
Topic #2,u'claim', 0.0010657795961800797
Topic #2,u'intend', 0.00085202156787025343
Topic #2,u'drug', 0.00081633214179242103
Topic #2,u'available', 0.00070911303201545445
Topic #2,u'paragraph', 0.00065310007625695246
Topic #2,u'item', 0.0006530062593934139
Topic #2,u'propose', 0.00062244685019461276
Topic #2,u'group', 0.00061005155481400129
Topic #2,u'specific', 0.00061005149541196277
Topic #9,u'______', 0.0017265528572410797
Topic #9,u'food', 0.0008227160259609938
Topic #9,u'drug_administration', 0.00082034086873107462
Topic #9,u'require', 0.00082031775858447636
Topic #9,u'purpose', 0.00076827714866678281
Topic #9,u'office_address', 0.00057717582511682326
Topic #9,u'post', 0.0005771758214289138
Topic #9,u'submit', 0.00057716444148903036
Topic #9,u'petitioner', 0.00051563232156515018
Topic #9,u'sufficient', 0.00051309212911533077
Topic #1,u'nutrient', 0.0014437944073142468
Topic #1,u'synonymous_term', 0.0012526118270286481
Topic #1,u'level', 0.00094418658788928669
Topic #1,u'claim', 0.00082694708610606235
Topic #1,u'characterize', 0.00082560176302062989
Topic #1,u'intend', 0.00061029625915806889
Topic #1,u'define', 0.0005394834968475864
Topic #1,u'data_require', 0.00051142904041940479
Topic #1,u'lack', 0.00051142904041940479
Topic #1,u'statement_identify', 0.00051138204052358341
Topic #5,u'respect', 0.0012412427237400675
Topic #5,u'group', 0.00070968057189511749
Topic #5,u'specifically_address', 0.00061329573735346542
Topic #5,u'analysis', 0.00061329002607841802
Topic #5,u'either', 0.00057930101599393854
Topic #5,u'federal_food', 0.00057796107256617366
Topic #5,u'categorical_exclusion', 0.00057795803447384104
Topic #5,u'claim', 0.00057793135465794717
Topic #5,u'detail_explanation', 0.0005137889637966131
Topic #5,u'need', 0.00051378765416646571
Topic #7,u'agency', 0.0012385528985547492
Topic #7,u'department', 0.00051579194246905141
Topic #7,u'health', 0.00051579194246905141
Topic #7,u'human_service', 0.00051579194246905141
Topic #7,u'washington', 0.00051579185780801075
Topic #7,u'availability', 0.00047972355605217543
Topic #7,u'announce', 0.00041269635979438428
Topic #7,u'subsequently', 0.00027134018699799691
Topic #7,u'practicable_follow', 0.00025859689854739609
Topic #7,u'soon', 0.00025859689854739609
Topic #8,u'imply', 0.00081494929432616525
Topic #8,u'undersign', 0.00051777602932706612
Topic #8,u'reference', 0.00013625073140192476
Topic #8,u'express', 7.8876003827561377e-05
Topic #8,u'suitably_identify', 7.8875977968225532e-05
Topic #8,u'reprint', 7.8873885972323191e-05
Topic #8,u'publish_information', 7.8873885544605854e-05
Topic #8,u'photostatic_copy', 7.8873883280623707e-05
Topic #8,u'section_pertains', 7.884220524276342e-05
Topic #8,u'accompany', 1.4745979146013748e-05
