TopicNo,Topic Words,Probability Score
Topic #10,u'display_panel', 0.00135696316775941
Topic #10,u'principal', 0.0013569631655170676
Topic #10,u'case', 0.00066717082272988988
Topic #10,u'area', 0.00062352513189379546
Topic #10,u'display', 0.00062068376194391315
Topic #10,u'cylindrical', 0.00056748998256590094
Topic #10,u'top', 0.0005673131493533441
Topic #10,u'bottom', 0.0004990509760307867
Topic #10,u'appear', 0.00049743593764404244
Topic #10,u'container', 0.00048028689886608233
Topic #2,u'percent', 0.00057396846022377522
Topic #2,u'circumference', 0.0004167102538565021
Topic #2,u'product', 0.00027226978916608508
Topic #2,u'height', 0.00017144943714293741
Topic #2,u'container_time', 0.00017144943714293741
Topic #2,u'total_surface', 0.00017144941265662334
Topic #2,u'container', 0.00017144017711964726
Topic #2,u'height_time', 0.00011502006989676044
Topic #2,u'width', 0.00011502006989676044
Topic #2,u'crowd', 0.00011501997244709071
Topic #6,u'present', 0.00048155081889122899
Topic #6,u'bottle', 0.00025959108103921916
Topic #6,u'shoulder', 0.00025959108103921916
Topic #6,u'jar', 0.00025959108103921916
Topic #6,u'neck', 0.00025959108103921916
Topic #6,u'term', 0.00017971392041048193
Topic #6,u'use', 7.8866949903026869e-05
Topic #6,u'package_form_and', 7.886694944052277e-05
Topic #6,u'applies', 7.886694935535049e-05
Topic #6,u'food', 2.348857061243288e-05
Topic #1,u'shown', 0.00032475118548262071
Topic #1,u'bottom', 1.4227467765892187e-05
Topic #1,u'exclude_top', 1.4227460592942151e-05
Topic #1,u'provide', 1.422744252167447e-05
Topic #1,u'container', 1.4227433478025541e-05
Topic #1,u'area', 1.4227431460591011e-05
Topic #1,u'crowd', 1.42274305556181e-05
Topic #1,u'vignette', 1.422743055517624e-05
Topic #1,u'percent', 1.4227426819070287e-05
Topic #1,u'flange', 1.4227425229601379e-05
Topic #5,u'likely', 0.00032451019635626092
Topic #5,u'mean', 0.00017991590091648893
Topic #5,u'provide', 0.00017171547966167856
Topic #5,u'label', 7.8960967306978416e-05
Topic #5,u'display', 2.0490724633288319e-05
Topic #5,u'appear', 1.4541160789066935e-05
Topic #5,u'within', 1.4377360136198974e-05
Topic #5,u'area', 1.4294715047703149e-05
Topic #5,u'bear', 1.4258616089396821e-05
Topic #5,u'surface', 1.4258192292222948e-05
Topic #7,u'exclude_top', 0.00025997392216188156
Topic #7,u'vignette', 0.00011523989701701604
Topic #7,u'bottom', 1.4226952051314013e-05
Topic #7,u'provide', 1.4226926807880188e-05
Topic #7,u'container', 1.4226917765970004e-05
Topic #7,u'area', 1.4226915760508349e-05
Topic #7,u'crowd', 1.4226914854761876e-05
Topic #7,u'percent', 1.4226911108859947e-05
Topic #7,u'can', 1.4226909520902146e-05
Topic #7,u'flange', 1.4226909520902146e-05
Topic #4,u'package', 0.00011516396384960779
Topic #4,u'declare', 0.00011516361188362543
Topic #4,u'uniform', 0.00011516361188362543
Topic #4,u'purpose', 0.00011516361188362543
Topic #4,u'quantity', 0.00011516361188362543
Topic #4,u'content', 0.00011516361188362543
Topic #4,u'obtain', 0.00011516361188362543
Topic #4,u'substantially', 0.00011516361188362543
Topic #4,u'size', 0.00011516361188362543
Topic #4,u'type_size', 0.00011516361188362543
Topic #8,u'area', 1.4504451752175036e-05
Topic #8,u'bottom', 1.4231883220330036e-05
Topic #8,u'exclude_top', 1.4231876096336118e-05
Topic #8,u'provide', 1.4231857967903387e-05
Topic #8,u'container', 1.4231848926563743e-05
Topic #8,u'crowd', 1.4231846010970372e-05
Topic #8,u'vignette', 1.4231846010528512e-05
Topic #8,u'percent', 1.4231842263610304e-05
Topic #8,u'can', 1.4231840675143759e-05
Topic #8,u'flange', 1.4231840675143759e-05
Topic #3,u'bottom', 1.4231887111194021e-05
Topic #3,u'exclude_top', 1.4231879933084006e-05
Topic #3,u'provide', 1.4231861857308533e-05
Topic #3,u'container', 1.4231852809511597e-05
Topic #3,u'area', 1.4231850796538991e-05
Topic #3,u'vignette', 1.4231849910151256e-05
Topic #3,u'crowd', 1.4231849890647862e-05
Topic #3,u'percent', 1.423184614764947e-05
Topic #3,u'can', 1.4231844556120906e-05
Topic #3,u'flange', 1.4231844556120906e-05
Topic #9,u'bottom', 1.4231887108333021e-05
Topic #9,u'exclude_top', 1.4231879933028207e-05
Topic #9,u'provide', 1.4231861857312041e-05
Topic #9,u'container', 1.4231852809000957e-05
Topic #9,u'area', 1.4231850796542543e-05
Topic #9,u'crowd', 1.4231849890651377e-05
Topic #9,u'vignette', 1.4231849890248952e-05
Topic #9,u'percent', 1.4231846147102612e-05
Topic #9,u'can', 1.4231844556123114e-05
Topic #9,u'flange', 1.4231844556123114e-05
