TopicNo,Topic Words,Probability Score
Topic #3,u'management', 0.00090290556748337135
Topic #3,u'approve', 0.00090290556748337135
Topic #3,u'assign', 0.00090290556748337135
Topic #3,u'number', 0.00090290556748337135
Topic #3,u'office', 0.00090290556748337135
Topic #3,u'budget', 0.00090290556748337135
Topic #3,u'use', 8.9661392275909409e-05
Topic #3,u'store', 7.8690733371734577e-05
Topic #3,u'draft', 7.8690733371734577e-05
Topic #3,u'material', 7.8690733371734577e-05
Topic #8,u'fda', 0.00039087972530375267
Topic #8,u'submit', 0.0002763555003430825
Topic #8,u'experiment', 0.00017916457256712535
Topic #8,u'end', 0.00017916200266707163
Topic #8,u'date', 0.00017916200266707163
Topic #8,u'exist_regulation', 0.00017022300976115415
Topic #8,u'subject', 0.00017022300976115415
Topic #8,u'regulatory_action', 0.00017022300976115415
Topic #8,u'food_label', 0.00017022300976115415
Topic #8,u'violation', 0.00017022300976115415
Topic #10,u'conduct', 0.00031274861678124159
Topic #10,u'food', 0.00025698940431373392
Topic #10,u'purpose', 0.00021217101825815504
Topic #10,u'temporary_exemption', 0.00021217101794129505
Topic #10,u'authorize_food_labeling_experiments', 0.00021217101788820151
Topic #10,u'area', 0.00020755111541645324
Topic #10,u'identify', 0.00017050203627854408
Topic #10,u'citizen_petition', 0.00017050203627854408
Topic #10,u'request', 0.00017050203627854408
Topic #10,u'proposal', 0.00017050203627854408
Topic #1,u'experiment', 0.00028011431623583465
Topic #1,u'statement', 0.00017952381810523843
Topic #1,u'fisher', 0.00017056675132890971
Topic #1,u'lane', 0.00017056675132890971
Topic #1,u'use', 0.00016850728687135063
Topic #1,u'method', 0.00013320060730887649
Topic #1,u'exempt', 0.0001147945424678574
Topic #1,u'convey', 0.0001147945424678574
Topic #1,u'labeling_information', 0.0001147945424678574
Topic #1,u'require_nutrition', 0.0001147945424678574
Topic #5,u'rockville', 0.00017099777361455844
Topic #5,u'report_requirement_contain', 1.4229614216952272e-05
Topic #5,u'hfa', 1.4229610916867794e-05
Topic #5,u'approve', 1.4229609745830316e-05
Topic #5,u'assign', 1.4229609745830316e-05
Topic #5,u'number', 1.4229609745830316e-05
Topic #5,u'office', 1.4229609745830316e-05
Topic #5,u'management', 1.4229609745830316e-05
Topic #5,u'budget', 1.4229609745830316e-05
Topic #5,u'fisher', 1.4229609040154664e-05
Topic #9,u'specific_product', 0.00017079823399408688
Topic #9,u'grant', 0.00017079823399408688
Topic #9,u'specific_regulation', 0.00017079823399408688
Topic #9,u'approve_exemption', 0.00017079823399408688
Topic #9,u'report_requirement_contain', 0.0001707981700998715
Topic #9,u'hfa', 0.00011495027850694254
Topic #9,u'booklet', 7.9030080377838263e-05
Topic #9,u'system', 5.5923127187008599e-05
Topic #9,u'format', 5.5923127184832781e-05
Topic #9,u'food_labeling_information', 5.5923127125528725e-05
Topic #6,u'etc', 7.9119439622176647e-05
Topic #6,u'poster', 7.9119439621833741e-05
Topic #6,u'shelf_tag', 7.9119439621669186e-05
Topic #6,u'report_requirement_contain', 1.4229074783598045e-05
Topic #6,u'rockville', 1.4229074772069391e-05
Topic #6,u'hfa', 1.4229071481746895e-05
Topic #6,u'assign', 1.4229070317602893e-05
Topic #6,u'number', 1.4229070317602893e-05
Topic #6,u'office', 1.4229070317602893e-05
Topic #6,u'approve', 1.4229070317602893e-05
Topic #2,u'firm', 5.5980893667341615e-05
Topic #2,u'labeling_experiment', 5.5980893499526187e-05
Topic #2,u'certain', 5.5980893465523025e-05
Topic #2,u'intends', 5.5980893340089758e-05
Topic #2,u'undertake', 5.5980893331096647e-05
Topic #2,u'requires_exemption', 5.5980893277145439e-05
Topic #2,u'requirement', 5.5980893017672718e-05
Topic #2,u'report_requirement_contain', 1.4227685734997993e-05
Topic #2,u'rockville', 1.4227685723471382e-05
Topic #2,u'hfa', 1.4227682433473886e-05
Topic #7,u'report_requirement_contain', 1.4231845326221942e-05
Topic #7,u'rockville', 1.4231845305729356e-05
Topic #7,u'hfa', 1.4231842016059111e-05
Topic #7,u'approve', 1.4231840846602329e-05
Topic #7,u'assign', 1.4231840846602329e-05
Topic #7,u'number', 1.4231840846602329e-05
Topic #7,u'office', 1.4231840846602329e-05
Topic #7,u'management', 1.4231840846602329e-05
Topic #7,u'budget', 1.4231840846602329e-05
Topic #7,u'fisher', 1.4231840139585969e-05
Topic #4,u'report_requirement_contain', 1.4231845317284803e-05
Topic #4,u'rockville', 1.423184530572944e-05
Topic #4,u'hfa', 1.4231842016123916e-05
Topic #4,u'approve', 1.4231840846602225e-05
Topic #4,u'assign', 1.4231840846602225e-05
Topic #4,u'number', 1.4231840846602225e-05
Topic #4,u'office', 1.4231840846602225e-05
Topic #4,u'management', 1.4231840846602225e-05
Topic #4,u'budget', 1.4231840846602225e-05
Topic #4,u'fisher', 1.4231840139585843e-05
