TopicNo,Topic Words,Probability Score
Topic #5,u'submit', 0.0086332316599586588
Topic #5,u'accordance', 0.00075187529945254115
Topic #5,u'nutrition_labeling', 0.0004010068723253242
Topic #5,u'place', 0.00036620650243068738
Topic #5,u'bottle', 0.00035488241495724038
Topic #5,u'bear', 0.00032034711596762262
Topic #5,u'exempt', 0.00023398786399622573
Topic #5,u'placement_requirements', 0.00019881702316794876
Topic #5,u'closure', 0.00019496903199086921
Topic #5,u'surface', 0.00017370112597564664
Topic #2,u'package', 0.0010698888140038268
Topic #2,u'information', 0.0004160006026652303
Topic #2,u'available', 0.00025537692776515943
Topic #2,u'design', 0.00025536099203397232
Topic #2,u'soft_drink', 0.00023553678179994583
Topic #2,u'exempt', 0.00023382630787933194
Topic #2,u'disseminate', 0.00022170082772491511
Topic #2,u'commissioner', 0.00022170082772491511
Topic #2,u'name', 0.00022169213869601274
Topic #2,u'bottle_bear', 0.00019553787051554135
Topic #9,u'require', 0.00099333142282425116
Topic #9,u'bear', 0.00048303719249418868
Topic #9,u'label', 0.00047366204230748935
Topic #9,u'establish', 0.00020047905876967786
Topic #9,u'lithograph', 0.00017520406793183804
Topic #9,u'type_size', 0.00017374040585948038
Topic #9,u'require_information', 0.00016976296751313361
Topic #9,u'foam', 0.00013597300299806743
Topic #9,u'plastic', 0.00013597300299806743
Topic #9,u'jacket', 0.00013597300299806743
Topic #4,u'appear', 0.00079814437017881673
Topic #4,u'principal', 0.00079145495122483569
Topic #4,u'display_panel', 0.00079145492901735157
Topic #4,u'information_require', 0.0007506966492834249
Topic #4,u'information_panel', 0.00063585235259963613
Topic #4,u'food', 0.00053098276545976962
Topic #4,u'except', 0.00050277829747690027
Topic #4,u'pursuant', 0.00034636720090046883
Topic #4,u'label', 0.00034246293101960383
Topic #4,u'provide', 0.00029700003983817378
Topic #10,u'lid', 0.00072314798487020996
Topic #10,u'information_appears', 0.00066239091494626784
Topic #10,u'one', 0.0006290883524823625
Topic #10,u'statement', 0.00046315066455656647
Topic #10,u'container_body', 0.00045445504151215481
Topic #10,u'type_size', 0.00037303608878967173
Topic #10,u'panel', 0.00024221938253986522
Topic #10,u'ingredient', 0.00022180236385271361
Topic #10,u'number', 0.00017485268938658257
Topic #10,u'letter', 0.00017485268931749287
Topic #3,u'paragraph', 0.00063203669242029698
Topic #3,u'height', 0.0005946123241887208
Topic #3,u'regulation', 0.00034783734146540314
Topic #3,u'sixteenth_inch', 0.00032253630230045691
Topic #3,u'inch', 0.00026457601151798718
Topic #3,u'amendment', 0.00016142032216646393
Topic #3,u'petition_request', 0.00016142032216645818
Topic #3,u'size_requirement', 0.00010890625666506295
Topic #3,u'vignette', 0.00010890622801858267
Topic #3,u'insufficient', 9.7721835066328974e-05
Topic #7,u'accommodate', 0.00026203262084439357
Topic #7,u'small', 0.00026203262081331464
Topic #7,u'container', 0.00020093773981796369
Topic #7,u'immediately_contiguous', 0.00012895606589061971
Topic #7,u'right', 0.00012895604917502715
Topic #7,u'information', 0.00011454889900241554
Topic #7,u'top', 0.00011451950917193705
Topic #7,u'distributor', 0.00010909354303413678
Topic #7,u'bottle_closure', 7.6674359649115588e-05
Topic #7,u'interest', 7.5259536153149295e-05
Topic #1,u'consider', 0.00010926461579710492
Topic #1,u'nonmandatory_label_information', 0.00010926461579710492
Topic #1,u'submit', 1.4229473570203567e-05
Topic #1,u'business', 1.4229143527850001e-05
Topic #1,u'nutrition_information_require', 1.4229140201253641e-05
Topic #1,u'otherwise_exempt', 1.4229140165015027e-05
Topic #1,u'provide', 1.4229137876350679e-05
Topic #1,u'institution', 1.4229136960552731e-05
Topic #1,u'packer', 1.4229136943666497e-05
Topic #1,u'distributor', 1.4229136938472794e-05
Topic #6,u'determine', 0.00010922310280272176
Topic #6,u'available_space', 0.00010922310280272176
Topic #6,u'sufficiency', 0.00010922310280272176
Topic #6,u'passenger_carrier', 0.00010922309551896501
Topic #6,u'board', 0.00010922309551896501
Topic #6,u'individual_serve', 0.00010922306700203041
Topic #6,u'submit', 1.4224066179344195e-05
Topic #6,u'business', 1.4223736477878421e-05
Topic #6,u'nutrition_information_require', 1.422373315401237e-05
Topic #6,u'otherwise_exempt', 1.4223733117631293e-05
Topic #8,u'end', 5.3584393167720176e-05
Topic #8,u'fold_flap', 5.3584393045799426e-05
Topic #8,u'submit', 1.4231058606239414e-05
Topic #8,u'business', 1.4230728441477898e-05
Topic #8,u'nutrition_information_require', 1.4230725114696375e-05
Topic #8,u'otherwise_exempt', 1.423072507843575e-05
Topic #8,u'provide', 1.4230722784097335e-05
Topic #8,u'institution', 1.4230721868366487e-05
Topic #8,u'packer', 1.4230721851771407e-05
Topic #8,u'distributor', 1.4230721846256647e-05
