TopicNo,Topic Words,Probability Score
Topic #9,u'heart_disease', 0.015196035888485275
Topic #9,u'lower', 0.013571524301349031
Topic #9,u'grain_products', 0.011345701118876244
Topic #9,u'blood_cholesterol_levels', 0.01055307124161539
Topic #9,u'reduce', 0.002782801834368472
Topic #9,u'cholesterol', 0.0024406538216460282
Topic #9,u'saturate_fat', 0.0018689149671268033
Topic #9,u'high', 0.0017949765122239182
Topic #9,u'claim', 0.0017095977312209115
Topic #9,u'fruit', 0.0014410897682472328
Topic #4,u'contain_fiber', 0.015136488303622511
Topic #4,u'grain_products', 0.0036606105497556649
Topic #4,u'health_claim', 0.00043358359425581131
Topic #4,u'type', 0.00037008638024586978
Topic #4,u'cholesterol_levels', 0.00032775758004300069
Topic #4,u'body_weight', 0.0002775787109486094
Topic #4,u'nutrient', 0.00025628953922352259
Topic #4,u'model', 0.0001797252291304824
Topic #4,u'excess', 0.00015816736440432431
Topic #4,u'grain', 0.00010672360056460869
Topic #5,u'risk', 0.014825580463327898
Topic #5,u'reduce', 0.011628545210450749
Topic #5,u'blood_cholesterol_levels', 0.0032951002948042652
Topic #5,u'heart_disease', 0.00074839535456734739
Topic #5,u'development', 0.00028569410637628345
Topic #5,u'major', 0.00022853081483776181
Topic #5,u'risk_factor', 0.00016957581115798368
Topic #5,u'mgdl', 0.00016533866591185182
Topic #5,u'recommendation', 0.00016429939592383676
Topic #5,u'national_center', 0.00015616518425827389
Topic #3,u'vegetable', 0.0017134918415536047
Topic #3,u'american', 0.00030751341424147595
Topic #3,u'dietary_guideline', 0.00030751341424147595
Topic #3,u'low', 0.00028656203921004794
Topic #3,u'total_fat', 0.00023902493576042453
Topic #3,u'contain_fruit', 0.00016930710586938151
Topic #3,u'agriculture', 0.00016090234541299116
Topic #3,u'physical_inactivity', 0.00016090229974650261
Topic #3,u'department', 0.00016090130687361313
Topic #3,u'population', 0.00011399426755035151
Topic #7,u'soluble_fiber', 0.0010963897904753776
Topic #7,u'food', 0.00057169074557120007
Topic #7,u'contain', 0.00053881077452539328
Topic #7,u'particularly', 0.00045315743342368392
Topic #7,u'specify', 0.00044220763003030632
Topic #7,u'disease', 0.00030698089467776757
Topic #7,u'term', 0.0003041071565144092
Topic #7,u'one', 0.00025970303169568006
Topic #7,u'addition', 0.0002542926276258605
Topic #7,u'use', 0.0002542604652885525
Topic #2,u'ldl', 0.00079731076397772382
Topic #2,u'health', 0.00045314040332712684
Topic #2,u'dhhs', 0.0003078294170128596
Topic #2,u'usda', 0.00030638175581827759
Topic #2,u'nutrition', 0.00030301215871040438
Topic #2,u'consistent', 0.00025556074843459175
Topic #2,u'national_institutes', 0.00016106770862246931
Topic #2,u'mmoll', 0.00012760522961025183
Topic #2,u'increase_level', 0.00011410371726649175
Topic #2,u'least', 0.00010868058245344826
Topic #1,u'fiber', 0.00041985143032906096
Topic #1,u'optional_information', 0.00016133318982578261
Topic #1,u'elevate_blood', 0.00016133318982403021
Topic #1,u'increase_consumption', 0.00010885977554522798
Topic #1,u'grain_product', 0.00010885974705328857
Topic #1,u'met', 0.00010885974705321602
Topic #1,u'specific_requirements', 0.00010885974705262985
Topic #1,u'daily', 7.5107732096342734e-05
Topic #1,u'protective', 7.5104117516835419e-05
Topic #1,u'observe', 7.5104117516835419e-05
Topic #8,u'gpo', 0.00030702256040743476
Topic #8,u'department', 0.00016140589774721158
Topic #8,u'human_service', 0.00016140485037322607
Topic #8,u'health', 0.0001613942577287297
Topic #8,u'food_contains', 0.00010890806151897913
Topic #8,u'dietary_fibers', 0.00010890806151637824
Topic #8,u'adult', 7.5143280787456974e-05
Topic #8,u'individual_comprise', 7.5143280787456974e-05
Topic #8,u'substantial_proportion', 7.5143280787456974e-05
Topic #8,u'decrease_level', 5.3212417834192746e-05
Topic #6,u'diabetes', 0.00022251881705457146
Topic #6,u'currently', 7.5206194125218312e-05
Topic #6,u'compose', 5.3443679934754336e-05
Topic #6,u'american', 1.4347935947264576e-05
Topic #6,u'dietary_guideline', 1.4347935947264576e-05
Topic #6,u'fiber', 1.4333004685641211e-05
Topic #6,u'numerous_study', 1.4263668187125012e-05
Topic #6,u'result', 1.4263668187125012e-05
Topic #6,u'percent', 1.4263452197980846e-05
Topic #6,u'intake', 1.4263446735744801e-05
Topic #10,u'identify', 0.00016139621493860561
Topic #10,u'government', 0.00016139549673945176
Topic #10,u'print', 0.00016139549673945176
Topic #10,u'office', 0.00016139549673945176
Topic #10,u'source', 0.00016139549673926213
Topic #10,u'information', 0.00016139549673926213
Topic #10,u'increase_risk', 0.00011432386652341289
Topic #10,u'provide', 0.0001089017500990501
Topic #10,u'additionally', 7.5138904787982368e-05
Topic #10,u'obesity', 7.5138904787752991e-05
