TopicNo,Topic Words,Probability Score
Topic #9,u'form', 0.028652539410455074
Topic #9,u'food', 0.014691254184682652
Topic #9,u'dietary_supplement', 0.014686153220918253
Topic #9,u'conventional_food', 0.014441877430774165
Topic #9,u'whether', 0.014387263519243824
Topic #9,u'regardless', 0.014387263519194187
Topic #9,u'definition', 0.00044202076490226707
Topic #9,u'reference', 0.00031176311914013911
Topic #9,u'high', 0.00030650180754034973
Topic #9,u'vitamin', 0.00027517097176751453
Topic #4,u'claim', 0.0028343574722470566
Topic #4,u'food', 0.001928901503292315
Topic #4,u'health_claim', 0.0010288882507696769
Topic #4,u'provide', 0.00099312840311137612
Topic #4,u'label', 0.00085584763102413027
Topic #4,u'regulation', 0.00076055239156387188
Topic #4,u'labeling', 0.00067392966761445437
Topic #4,u'accordance', 0.00058630980817211346
Topic #4,u'bear', 0.00053543303840588533
Topic #4,u'present', 0.00052253422736492025
Topic #5,u'substance', 0.0024366139729642827
Topic #5,u'level', 0.0014981791774540719
Topic #5,u'establish', 0.00065808259676431336
Topic #5,u'health', 0.00055362154034098009
Topic #5,u'disease', 0.00052021117542941885
Topic #5,u'consume', 0.00038210036508236426
Topic #5,u'alternative', 0.00034711141130322622
Topic #5,u'specific', 0.00034711141130322622
Topic #5,u'decrease', 0.00032202544894285027
Topic #5,u'dietary', 0.00032202544894285027
Topic #1,u'requirement', 0.0012223433857117053
Topic #1,u'meet', 0.00051905205485754721
Topic #1,u'relate_condition', 0.000495724153673108
Topic #1,u'general', 0.00035427879164706461
Topic #1,u'imply', 0.00029366303179264788
Topic #1,u'calcium', 0.00025470244556897179
Topic #1,u'consistent', 0.00020242330913033073
Topic #1,u'food_intend', 0.00016052714239206726
Topic #1,u'section_apply', 0.00016052714239206726
Topic #1,u'offer', 0.00016052714239206726
Topic #2,u'paragraph', 0.00084215727446728924
Topic #2,u'except', 0.00050182808777821661
Topic #2,u'base', 0.00031600987451351587
Topic #2,u'federal_food', 0.00022163628667507416
Topic #2,u'cosmetic_act', 0.00022163627367113089
Topic #2,u'drug', 0.00022163627366814521
Topic #2,u'risk', 0.00022161919953294639
Topic #2,u'saturate_fat', 0.00019214715847635272
Topic #2,u'validity_requirements', 0.00010856904521986328
Topic #2,u'health_claim_meet', 0.00010856904521986328
Topic #8,u'vii', 0.0005496892738078475
Topic #8,u'term', 0.00033698720746096574
Topic #8,u'identify', 0.00022201557173379024
Topic #8,u'apply', 0.00020032293734924305
Topic #8,u'restaurant_foods', 0.00016117692152913251
Topic #8,u'section_base', 0.00016100981649116891
Topic #8,u'none', 0.00014734942680070666
Topic #8,u'disqualify_levels', 0.00014734942680070666
Topic #8,u'section_do', 0.00012026986752501043
Topic #8,u'vignette', 9.2185868117818028e-05
Topic #10,u'serve_size', 0.00048550483958210012
Topic #10,u'label', 0.00044582434194802246
Topic #10,u'sodium', 0.00033878085459252913
Topic #10,u'per', 0.00023119280491643783
Topic #10,u'basis', 0.0001999510414253095
Topic #10,u'provides', 0.00016087371464764476
Topic #10,u'section_and', 0.00016087371464764476
Topic #10,u'upon', 0.00016087371464764476
Topic #10,u'request', 0.00016087371464764476
Topic #10,u'differs', 0.00016087371167453792
Topic #3,u'define', 0.00026099388809592465
Topic #3,u'well', 0.00022185069342412899
Topic #3,u'exceeds', 0.00016106975311537609
Topic #3,u'highlight', 0.00016106975311537609
Topic #3,u'label_bear', 0.0001610697478742142
Topic #3,u'disclosure_statement', 0.0001610697478742142
Topic #3,u'complies', 0.0001610697478742142
Topic #3,u'medical_foods', 0.00016106973631344737
Topic #3,u'nutrient', 0.00016106891558830458
Topic #3,u'disqualify_level', 0.00016106891558830458
Topic #6,u'one', 0.00020901361685281321
Topic #6,u'conclusion', 0.00010887663008647745
Topic #6,u'set_forth', 0.00010887663008647745
Topic #6,u'intervene_material', 0.0001083516506370393
Topic #6,u'information_require', 0.0001083516506370393
Topic #6,u'without', 0.0001083516506370393
Topic #6,u'claim_appears', 0.0001083516506370393
Topic #6,u'place', 0.0001083516506370393
Topic #6,u'alternatively', 7.5135830081873251e-05
Topic #6,u'drug_administration', 7.5104187516325971e-05
Topic #7,u'hypertension', 7.5183231352930833e-05
Topic #7,u'eligibility', 7.518323135153907e-05
Topic #7,u'pellagra', 7.5183231348469666e-05
Topic #7,u'total_fat', 5.3446243912019071e-05
Topic #7,u'nutrient_level_mean', 5.3446243761396711e-05
Topic #7,u'disqualify', 5.3444534854086481e-05
Topic #7,u'tablespoon', 5.3433222874337829e-05
Topic #7,u'reference_amounts', 5.343322275197837e-05
Topic #7,u'population', 2.0638076222203274e-05
Topic #7,u'level', 1.4354298068805828e-05
