TopicNo,Topic Words,Probability Score
Topic #10,u'cup', 0.0099270309684228522
Topic #10,u'appropriate', 0.001831792351539227
Topic #10,u'prepare', 0.0018123865169918682
Topic #10,u'manufacturer', 0.0016672329512375365
Topic #10,u'cake', 0.0016499687493949217
Topic #10,u'fruit', 0.0016330312999323587
Topic #10,u'measurable', 0.0015365950743369428
Topic #10,u'serve', 0.0015303971600948256
Topic #10,u'volume', 0.0014796404001948689
Topic #10,u'fish', 0.0012326316859029571
Topic #9,u'piece', 0.0091613994978168214
Topic #9,u'small', 0.0016209046156567036
Topic #9,u'frozen', 0.0012759610583379386
Topic #9,u'jelly', 0.0011119139213319716
Topic #9,u'etc', 0.001093205035429738
Topic #9,u'peanut_butter', 0.00095815455042054369
Topic #9,u'sandwich', 0.00086064850275826697
Topic #9,u'food', 0.00071683680664297333
Topic #9,u'ice_cream', 0.00070893321061055777
Topic #9,u'pickle', 0.00067980444202712291
Topic #1,u'tbsp', 0.0071678247586346522
Topic #1,u'tsp', 0.0023938650046148474
Topic #1,u'type', 0.00129291418163973
Topic #1,u'salad', 0.001030236026951578
Topic #1,u'distinct_piece', 0.00096319204314181974
Topic #1,u'seed', 0.0007746075308203128
Topic #1,u'dietary_supplement', 0.00062156274386728589
Topic #1,u'sugar', 0.00060649300621265121
Topic #1,u'juice', 0.00051171060324658655
Topic #1,u'number', 0.00048007421216795143
Topic #6,u'reference_amount', 0.0064562604448801424
Topic #6,u'follow', 0.0026241953231834017
Topic #6,u'can', 0.0020809932094860806
Topic #6,u'determine', 0.0016970457935671908
Topic #6,u'sauce', 0.001260120851360926
Topic #6,u'density', 0.0011781238505097357
Topic #6,u'claim', 0.001171499165711158
Topic #6,u'liquid', 0.0011011488938807129
Topic #6,u'aerate_food', 0.00093813730806681839
Topic #6,u'petition', 0.00093745374711736048
Topic #4,u'product', 0.005173597097406198
Topic #4,u'reference_amount', 0.002536303089331368
Topic #4,u'amount', 0.0024112494644103989
Topic #4,u'measure', 0.0023746989248708502
Topic #4,u'gvisual_unit', 0.0020453562574982631
Topic #4,u'food', 0.0014976813388663083
Topic #4,u'make', 0.0011704465976990963
Topic #4,u'population', 0.00077522584433043439
Topic #4,u'customarily_consume', 0.0007668164769054635
Topic #4,u'list', 0.00073370128054580232
Topic #7,u'use', 0.0036734845888062319
Topic #7,u'ingredient', 0.001955968443343913
Topic #7,u'consume', 0.0010871004453711455
Topic #7,u'food', 0.0010746729871357209
Topic #7,u'product', 0.00099438730204111261
Topic #7,u'size', 0.00098679196241029761
Topic #7,u'primarily', 0.00084705808211405929
Topic #7,u'collect', 0.00072465345089741187
Topic #7,u'regular', 0.00070053112399875669
Topic #7,u'density_measurement', 0.00070052788459225388
Topic #5,u'large', 0.0031434972506599558
Topic #5,u'reference_amounts', 0.0025818032324029785
Topic #5,u'per', 0.0015118623320903304
Topic #5,u'eat_occasion', 0.0014482134309473495
Topic #5,u'fl_oz', 0.0012254692439008057
Topic #5,u'express', 0.0010118417634745827
Topic #5,u'slice', 0.00094349243636194006
Topic #5,u'discrete_units', 0.00089597865540164091
Topic #5,u'package_products', 0.00089356095735205966
Topic #5,u'data', 0.00084484654438298705
Topic #2,u'paragraph', 0.0029260467437232165
Topic #2,u'procedure', 0.0015011730401407663
Topic #2,u'discrete_piece', 0.0014137629401462658
Topic #2,u'syrup', 0.0012805477895991343
Topic #2,u'weigh', 0.0011513169486775528
Topic #2,u'per', 0.0011496649442140645
Topic #2,u'require', 0.0010888375465742659
Topic #2,u'label_statement', 0.0010855670206547274
Topic #2,u'household_measure', 0.0010261984492040761
Topic #2,u'reference_amount', 0.00097456971160371291
Topic #3,u'ready', 0.0020000980849090222
Topic #3,u'bulk_products', 0.0011362143351494912
Topic #3,u'without', 0.00085446555519435403
Topic #3,u'milk', 0.00071571972217443307
Topic #3,u'beverage', 0.00062161224986675642
Topic #3,u'representative', 0.00056024732613609669
Topic #3,u'sample_size', 0.00056024358520529816
Topic #3,u'fractional_slice', 0.00054999777981753529
Topic #3,u'ice', 0.00035913991038706876
Topic #3,u'gravy', 0.00032290469805052043
Topic #8,u'vegetable', 0.0016748073636097193
Topic #8,u'fresh', 0.0013917408892024272
Topic #8,u'bar', 0.00082192431471218082
Topic #8,u'chip', 0.00056576664532892245
Topic #8,u'form', 0.00056175183339292323
Topic #8,u'concentrate', 0.00049709921321545005
Topic #8,u'soup', 0.00042408681925093527
Topic #8,u'vacuum_pack', 0.00041114805015473997
Topic #8,u'solid', 0.00041112869268352292
Topic #8,u'increment', 0.00035579782869837336
