TopicNo,Topic Words,Probability Score
Topic #2,u'nutrition_label', 0.021982681116296938
Topic #2,u'right', 0.019899779471459648
Topic #2,u'immediately_contiguous', 0.019272540701485791
Topic #2,u'within', 0.001039013793021207
Topic #2,u'vitamin', 0.00096208723394347877
Topic #2,u'name', 0.00080922110825402765
Topic #2,u'place', 0.00058651986577265948
Topic #2,u'serve_size', 0.00056050303894139694
Topic #2,u'symbol', 0.00055667135978334625
Topic #2,u'source_ingredient', 0.00053810961578909511
Topic #6,u'dietary_supplement', 0.020796904035704993
Topic #6,u'misbranding_provision', 0.010340235355098495
Topic #6,u'label', 0.0015918289444714145
Topic #6,u'food', 0.0013046495703174061
Topic #6,u'provide', 0.0010497753884492571
Topic #6,u'accordance', 0.00099104319628388893
Topic #6,u'sale', 0.00074730019084565038
Topic #6,u'consumer', 0.00057071030263726062
Topic #6,u'set', 0.00052911690471568718
Topic #6,u'part', 0.00052084660940887758
Topic #9,u'specify', 0.019680456924733917
Topic #9,u'subject', 0.019554112486448842
Topic #9,u'misbranding_provision', 0.0089589814577589084
Topic #9,u'paragraph', 0.0031401004225014742
Topic #9,u'list', 0.0023897825547385875
Topic #9,u'dietary_ingredient', 0.0021684722690071918
Topic #9,u'weight', 0.0017885016088526394
Topic #9,u'daily_value', 0.001191405734205801
Topic #9,u'quantitative_amount', 0.00093681446784257621
Topic #9,u'use', 0.00090493331333659378
Topic #3,u'per', 0.0030696581684655035
Topic #3,u'present', 0.0011822194202161949
Topic #3,u'labeling', 0.00091847859315752833
Topic #3,u'amount', 0.00090326816436845595
Topic #3,u'serve', 0.00084643752678989341
Topic #3,u'nutrition_information', 0.00072265519377401116
Topic #3,u'number', 0.00068139594451666887
Topic #3,u'statement', 0.0006463337324230105
Topic #3,u'use', 0.00059139270744801384
Topic #3,u'declaration', 0.0005108411004969873
Topic #10,u'percent', 0.0020315528373309986
Topic #10,u'declare', 0.0010919349139193611
Topic #10,u'daily_value', 0.0010465021124320883
Topic #10,u'establish', 0.0006616027132329554
Topic #10,u'claim', 0.000566799798246103
Topic #10,u'made', 0.0003694062345906263
Topic #10,u'caplet', 0.00030493508017866042
Topic #10,u'separate', 0.00029188249759988928
Topic #10,u'last', 0.00026149130941218585
Topic #10,u'beta', 0.00024658377916726308
Topic #1,u'dietary_ingredients', 0.0019877180481208674
Topic #1,u'applicable', 0.0005411409249613167
Topic #1,u'requirement', 0.00039307210677379809
Topic #1,u'potassium', 0.00035086166803681223
Topic #1,u'daily', 0.00034489071633457666
Topic #1,u'declare', 0.0003230872390872757
Topic #1,u'beneath', 0.00030120216635346364
Topic #1,u'fda', 0.00022048453755881404
Topic #1,u'meet', 0.00020948493761222838
Topic #1,u'determine', 0.00019892835427974561
Topic #7,u'except', 0.0018946024297549274
Topic #7,u'information', 0.0012489296961355804
Topic #7,u'square_inch', 0.00083078214031760949
Topic #7,u'package', 0.00076788114297612409
Topic #7,u'dietary_ingredients', 0.00064711281865093364
Topic #7,u'provide', 0.00055330721186999513
Topic #7,u'area_available', 0.00054131331925102479
Topic #7,u'bear_labeling', 0.00039657843448844552
Topic #7,u'total_surface', 0.00039657783421177237
Topic #7,u'need', 0.00034201738366894776
Topic #5,u'follow', 0.001331286537896446
Topic #5,u'small', 0.00089815409746701706
Topic #5,u'intermediate', 0.00068011537511430118
Topic #5,u'drv', 0.00047588909704456879
Topic #5,u'viii', 0.00030601131845036744
Topic #5,u'calculate', 0.00028068019336149316
Topic #5,u'order', 0.00027964903278156775
Topic #5,u'manner', 0.00020728127796038932
Topic #5,u'molybdenum', 0.0001738182097297766
Topic #5,u'possible', 0.00016006153930983309
Topic #4,u'point', 0.00092113083805030324
Topic #4,u'smaller', 0.00078792001697450308
Topic #4,u'erse', 0.00074566688302276426
Topic #4,u'type_size', 0.00064154873836517871
Topic #4,u'heading', 0.00040943886797606155
Topic #4,u'sodium', 0.00035183396191051312
Topic #4,u'permit', 0.00034878244217058715
Topic #4,u'asterisk', 0.00026308027327371053
Topic #4,u'extract', 0.0001689046822708877
Topic #4,u'whichever', 0.00016052743625874865
Topic #8,u'calorie', 0.00079327534621616183
Topic #8,u'saturate_fat', 0.00072314975613743746
Topic #8,u'one', 0.00054828313516971895
Topic #8,u'term', 0.00040995826451572598
Topic #8,u'include', 0.00039427065537150815
Topic #8,u'person', 0.00036564827802813149
Topic #8,u'calcium', 0.00035664460735904975
Topic #8,u'proprietary_blend', 0.00034565895645993181
Topic #8,u'comply', 0.00030497907407280121
Topic #8,u'outer_package', 0.000304557738127005
