TopicNo,Topic Words,Probability Score
Topic #9,u'menu_item', 0.0043457027734394565
Topic #9,u'nutrient_value', 0.0023183438132100159
Topic #9,u'menu', 0.002112815459141344
Topic #9,u'standard', 0.0018860110336698811
Topic #9,u'menu_board', 0.0015738000777162169
Topic #9,u'list', 0.0011825563089355577
Topic #9,u'per', 0.0010333094779179954
Topic #9,u'top', 0.00096966747632856048
Topic #9,u'add', 0.00092272930189316439
Topic #9,u'number', 0.0008387521224390203
Topic #8,u'use', 0.0034321469338826687
Topic #8,u'calorie', 0.0030984477452217643
Topic #8,u'name', 0.0027789756903926423
Topic #8,u'food', 0.001922228287700913
Topic #8,u'information', 0.0013170777695057367
Topic #8,u'price', 0.00092947061340532778
Topic #8,u'database', 0.00086271079972248749
Topic #8,u'include', 0.00084621210556706729
Topic #8,u'color', 0.00082693256204107021
Topic #8,u'type_size', 0.00082657493247849888
Topic #1,u'paragraph', 0.0033927151005268769
Topic #1,u'cover_establishment', 0.0029137637773835371
Topic #1,u'amount', 0.0021785851842284916
Topic #1,u'menu_item', 0.0021560514219037346
Topic #1,u'offer', 0.0019866225268456343
Topic #1,u'standard', 0.0019619235064259242
Topic #1,u'recipe', 0.0017224573583356233
Topic #1,u'sale', 0.0011602409593906519
Topic #1,u'serve', 0.001088182001297983
Topic #1,u'provide', 0.0010387367024213261
Topic #2,u'establishment', 0.0024838372289698665
Topic #2,u'similar', 0.0016845352063334276
Topic #2,u'retail_food', 0.0016845351598788645
Topic #2,u'restaurant', 0.0015881712035064779
Topic #2,u'nutrition_information', 0.0013285702819133187
Topic #2,u'register', 0.00095466392982834856
Topic #2,u'request', 0.00067805104630747038
Topic #2,u'subject', 0.00057974983038668179
Topic #2,u'size', 0.00055409173509828426
Topic #2,u'upon', 0.00049563479118063403
Topic #5,u'determine', 0.0019790487929180192
Topic #5,u'type', 0.00098257896986696973
Topic #5,u'factor', 0.00077756864986717566
Topic #5,u'preparation', 0.00077749694536920276
Topic #5,u'cook_temperature', 0.00073863088343155208
Topic #5,u'date', 0.00065849785645725654
Topic #5,u'statement_sign', 0.00050899433189045449
Topic #5,u'responsible_individual', 0.00044877154161018318
Topic #5,u'follow', 0.00038417813781382778
Topic #5,u'nutrition_information_require', 0.00035388218677611657
Topic #3,u'fda', 0.0012171533367052421
Topic #3,u'present', 0.00059851794363907521
Topic #3,u'accurate', 0.00059601405098877599
Topic #3,u'nutrient_analysis', 0.00045047560443709379
Topic #3,u'complete', 0.00045046880738003168
Topic #3,u'information_contain', 0.00045046880738003168
Topic #3,u'certify', 0.00045046597631492327
Topic #3,u'service', 0.00032172671163481763
Topic #3,u'include_name', 0.00030505030651385506
Topic #3,u'appendix', 0.00030350590427406917
Topic #4,u'form', 0.0010201361384835153
Topic #4,u'flavor', 0.00072832093980855657
Topic #4,u'consumer', 0.00072649187115506357
Topic #4,u'statement', 0.00071397124313015098
Topic #4,u'calorie_declaration', 0.00069562234162887386
Topic #4,u'variety', 0.00069520877867042296
Topic #4,u'federal_food', 0.00066834699487153823
Topic #4,u'appear', 0.00063489258672188437
Topic #4,u'parent_entity', 0.00048570721038909464
Topic #4,u'employ', 0.0004366596043459711
Topic #6,u'available', 0.001003548736779371
Topic #6,u'drug', 0.00067280227544091954
Topic #6,u'declare', 0.00063500738171972076
Topic #6,u'scoop', 0.00054179492593436148
Topic #6,u'cal', 0.00053033948496374864
Topic #6,u'two', 0.00035884108977256757
Topic #6,u'pizza', 0.00032137535302958868
Topic #6,u'view', 0.00031719508184936695
Topic #6,u'print', 0.00030478538142009306
Topic #6,u'small', 0.00026127101639622388
Topic #7,u'option', 0.00077984252218460978
Topic #7,u'applicable', 0.00076237527649849872
Topic #7,u'cosmetic_act', 0.00063834758846227071
Topic #7,u'vary', 0.00031177847658058546
Topic #7,u'computer', 0.00025459475487363427
Topic #7,u'need', 0.00019584709032717559
Topic #7,u'computer_printouts', 0.0001604721805479773
Topic #7,u'worksheet', 0.0001604721805479773
Topic #7,u'visit_http', 0.00016038442112766791
Topic #7,u'company', 0.00015836855022878654
Topic #10,u'either', 0.00047860570261741103
Topic #10,u'customer', 0.00031748074634856821
Topic #10,u'contact_information', 0.00030652084482084833
Topic #10,u'adjacent', 0.00027279259551466406
Topic #10,u'nutrient_content', 0.00025442715040800088
Topic #10,u'make', 0.00024126851047301685
Topic #10,u'premise', 0.00024123269081401905
Topic #10,u'selection', 0.00022498199307027073
Topic #10,u'time', 0.00019931102582721637
Topic #10,u'complete_form', 0.00016039999233360706
