TopicNo,Topic Words,Probability Score
Topic #3,u'fruit', 0.0020370028739948882
Topic #3,u'without', 0.00017134813868943265
Topic #3,u'fortification', 0.00017134813868943265
Topic #3,u'body_weight', 0.00011495214322509672
Topic #3,u'maintenance', 0.00011495214322509672
Topic #3,u'desirable', 0.00011495214322509672
Topic #3,u'serving_daily', 0.00011495212786545654
Topic #3,u'five', 0.00011495212512874754
Topic #3,u'office', 1.5101345260534308e-05
Topic #3,u'government', 1.5101345260534308e-05
Topic #2,u'cancer', 0.0020087660771540908
Topic #2,u'contain_grain_products', 0.0012701452316126079
Topic #2,u'type', 0.00069819546901478706
Topic #2,u'health_claim', 0.00066535918153278546
Topic #2,u'include_information', 0.00041346425919924957
Topic #2,u'unite', 0.000357705369497163
Topic #2,u'state', 0.00033760775363172812
Topic #2,u'family_history', 0.00032178768529198502
Topic #2,u'specific_type', 0.00032178768322689891
Topic #2,u'alcohol_consumption', 0.00032178765232967539
Topic #9,u'vegetable', 0.001913072158642132
Topic #9,u'cancer', 0.0010834772017894287
Topic #9,u'risk', 0.00088865081320218793
Topic #9,u'reduce', 0.00060338757005923608
Topic #9,u'contain', 0.00041440571099104421
Topic #9,u'exposure', 0.0003229455105804006
Topic #9,u'specify_type', 0.00017032032749604318
Topic #9,u'relate', 0.00017032032749604318
Topic #9,u'might', 0.00011460467062792131
Topic #9,u'percent', 0.00011460463964591416
Topic #7,u'fat', 0.0015637506905862505
Topic #7,u'high', 0.0015627011554301077
Topic #7,u'fiber', 0.0013292667418612349
Topic #7,u'claim', 0.0012850327560902867
Topic #7,u'diet_low', 0.0012653515769658293
Topic #7,u'relationship', 0.00069562592081636127
Topic #7,u'grain_products', 0.00061138719244089614
Topic #7,u'dietary_guideline', 0.00059900400472067685
Topic #7,u'american', 0.00049927767249221872
Topic #7,u'cancer_risk', 0.00032059167303898046
Topic #5,u'dietary_fiber', 0.0011416529908083496
Topic #5,u'many', 0.00072951002227123168
Topic #5,u'factor', 0.00065918970546648039
Topic #5,u'development', 0.00063590129812575533
Topic #5,u'cancer_depends', 0.00041495484649730914
Topic #5,u'source', 0.00041495482301589728
Topic #5,u'identify', 0.00041463707463344594
Topic #5,u'specify', 0.00027111136204601566
Topic #5,u'disease_associate', 0.00025837409873281778
Topic #5,u'information', 0.00025837409872652014
Topic #1,u'health', 0.0010932223677503298
Topic #1,u'claim', 0.00052080346390441783
Topic #1,u'nutrition', 0.00050341572454676786
Topic #1,u'include', 0.00027973698809614542
Topic #1,u'nature', 0.00027154399113995869
Topic #1,u'department', 0.0002587905981753271
Topic #1,u'indicate', 0.00025878892756865364
Topic #1,u'consistent', 0.00025878892756865364
Topic #1,u'human_service', 0.00025878888571299392
Topic #1,u'national_institutes', 0.00025878882676839369
Topic #6,u'food', 0.00086246861971468389
Topic #6,u'low_fat', 0.00041546404892108701
Topic #6,u'meet', 0.00032770366851920727
Topic #6,u'nutrient_content_requirements', 0.0003271795065502774
Topic #6,u'ultraviolet', 0.00032313820173145765
Topic #6,u'ionize_radiation', 0.00032313819651024579
Topic #6,u'cigarette_smoke', 0.00032313818392908919
Topic #6,u'dietary_factor', 0.00032313817320196551
Topic #6,u'cause_chemical', 0.00032311580979358767
Topic #6,u'national_center', 0.00025869231750079441
Topic #8,u'dhhs', 0.00050329937966913665
Topic #8,u'print', 0.00050239185163715753
Topic #8,u'office', 0.00050239185163715753
Topic #8,u'government', 0.00050239185163715753
Topic #8,u'usda', 0.00047762541013881638
Topic #8,u'agriculture', 0.00025872918407737728
Topic #8,u'department', 0.00025872750012347295
Topic #8,u'total_dietary_fiber', 0.00023540568934070263
Topic #8,u'diet', 0.00021514040129867973
Topic #8,u'study', 0.00017913099688778142
Topic #4,u'overweight', 0.00032442105553266411
Topic #4,u'obesity', 0.00032442105544734141
Topic #4,u'characterize', 0.00032429305663487297
Topic #4,u'serving_daily', 0.00011512698995860779
Topic #4,u'six', 0.00011512698202499646
Topic #4,u'spread', 7.891459739445187e-05
Topic #4,u'uncontrolled_growth', 7.8914596599992984e-05
Topic #4,u'abnormal_cell', 7.8914594112511287e-05
Topic #4,u'follow', 1.4320574771736626e-05
Topic #4,u'use', 1.4320574771736626e-05
Topic #10,u'limit', 0.00027280780100241649
Topic #10,u'nutrient_content_requirements', 1.475485433335997e-05
Topic #10,u'grain_products', 1.4228617861319231e-05
Topic #10,u'claim', 1.4228570106399763e-05
Topic #10,u'usda', 1.4228209288316063e-05
Topic #10,u'dhhs', 1.4228208348384054e-05
Topic #10,u'american', 1.4228183306387191e-05
Topic #10,u'department', 1.4228177368061205e-05
Topic #10,u'optional_information', 1.4228174358202791e-05
Topic #10,u'nutrition', 1.4228172025487788e-05
