TopicNo,Topic Words,Probability Score
Topic #9,u'stanol_ester', 0.0087558963073812359
Topic #9,u'food', 0.008578991177924971
Topic #9,u'name', 0.0077610720996767451
Topic #9,u'plant_sterol', 0.0011699289063172144
Topic #9,u'least', 0.0011387705233942105
Topic #9,u'per', 0.00093578951454321134
Topic #9,u'plant', 0.00091282055619196776
Topic #9,u'ester', 0.00081087232767805713
Topic #9,u'include', 0.00079385630839910433
Topic #9,u'claim', 0.00076643436079263771
Topic #4,u'vegetable_oil', 0.0081847390279636296
Topic #4,u'___grams', 0.0079198550384379507
Topic #4,u'supply', 0.0079198550384379507
Topic #4,u'sterol', 0.00078037051998412928
Topic #4,u'ester', 0.00038405300887586069
Topic #4,u'center', 0.00031758965799888911
Topic #4,u'food_safety', 0.00031758965799888911
Topic #4,u'apply_nutrition', 0.00031758965799888911
Topic #4,u'department', 0.00030103380792567957
Topic #4,u'health', 0.00030102598492760926
Topic #8,u'saturate_fat', 0.0016523749370962973
Topic #8,u'cholesterol', 0.0012648864003976267
Topic #8,u'diet_low', 0.00078609090925796149
Topic #8,u'salad', 0.00046943130864883536
Topic #8,u'dressing', 0.00043580411706942634
Topic #8,u'one', 0.00035470286921218967
Topic #8,u'gpo', 0.00030716824178962231
Topic #8,u'health', 0.0003058714999578441
Topic #8,u'consume', 0.00026041203920657442
Topic #8,u'spread', 0.00020813556295250278
Topic #1,u'risk', 0.0012813897585589923
Topic #1,u'chd', 0.0010758184661960042
Topic #1,u'relationship', 0.00077195402961560352
Topic #1,u'reduce', 0.00073838241364782107
Topic #1,u'serve', 0.00062671634785666733
Topic #1,u'diet', 0.00049679110499286597
Topic #1,u'office', 0.00046175152706659262
Topic #1,u'plant_sterolstanol_ester', 0.00039748787298558462
Topic #1,u'include', 0.00034004873719692858
Topic #1,u'print', 0.0003069401205343515
Topic #7,u'state', 0.0011194458425810682
Topic #7,u'unite', 0.0003482739572560925
Topic #7,u'many', 0.0002561898309698971
Topic #7,u'dhhs', 0.00016160499027699775
Topic #7,u'recommend_level', 0.00016090999258142153
Topic #7,u'exceed', 0.00016090999258142153
Topic #7,u'specify', 0.00015369456928915725
Topic #7,u'general', 0.0001482847868823253
Topic #7,u'disease', 0.00013199537949252588
Topic #7,u'accordance', 7.520945818244178e-05
Topic #6,u'heart_disease', 0.00095573855523732197
Topic #6,u'claim', 0.00072158360301581798
Topic #6,u'associate', 0.000447231585390023
Topic #6,u'include_information', 0.00040267178900313795
Topic #6,u'paragraph', 0.00033697185799482556
Topic #6,u'identify', 0.00025563923385256047
Topic #6,u'labeling', 0.00020870529381893446
Topic #6,u'nature', 0.00020870519265423615
Topic #6,u'increase_risk', 0.00020027939656728502
Topic #6,u'except', 0.00018694038084910436
Topic #10,u'health_claim', 0.00057694768208327036
Topic #10,u'college_park', 0.00032566735837145515
Topic #10,u'agriculture', 0.00029214695691356474
Topic #10,u'dietary_guideline', 0.00029214694693458984
Topic #10,u'american', 0.00029214694693458984
Topic #10,u'department', 0.00029212804930868355
Topic #10,u'food_product', 0.00020336535723121615
Topic #10,u'bear', 0.00020336172241046383
Topic #10,u'customarily_consume', 0.00020335903990659814
Topic #10,u'reference_amount', 0.00020335903990659814
Topic #2,u'provide', 0.00044359915366426483
Topic #2,u'low', 0.00037461206274234737
Topic #2,u'mmoll', 0.0001714358843964338
Topic #2,u'national_archive', 0.00017025354480951571
Topic #2,u'record_administration', 0.00017025354480951571
Topic #2,u'call', 0.00017025353428372288
Topic #2,u'optional_information', 0.00010915785335773373
Topic #2,u'inc', 7.5300007373814708e-05
Topic #2,u'stigmasterol', 7.5300007368871031e-05
Topic #2,u'blood_total_cholesterol', 7.318360075455562e-05
Topic #5,u'stanols', 0.00035877253380278684
Topic #5,u'people', 0.00034842127081318033
Topic #5,u'paint', 0.00032612172290776139
Topic #5,u'branch', 0.00032612172290776139
Topic #5,u'pkwy', 0.00032612172290776139
Topic #5,u'high', 0.00019136584744123791
Topic #5,u'mgdl', 0.00017112096165128446
Topic #5,u'plant_sterols', 0.00011453806875227485
Topic #5,u'blood_pressure', 0.00010909733598975193
Topic #5,u'occur', 5.3483288428012129e-05
Topic #3,u'nara', 0.00032571769852386028
Topic #3,u'information', 0.00031727738039344529
Topic #3,u'food_contain', 0.00030880979409445318
Topic #3,u'contain', 0.00027016569676985611
Topic #3,u'dietary_supplement', 0.00026473158313008332
Topic #3,u'material', 0.00016994831504593387
Topic #3,u'availability', 0.00016994831504593387
Topic #3,u'division', 0.00016994831383280903
Topic #3,u'policy', 0.00016994831383280903
Topic #3,u'nutrition_science', 0.00016994831383280903
