TopicNo,Topic Words,Probability Score
Topic #8,u'information_panel', 0.003904071638837017
Topic #8,u'accordance', 0.0036608137788212399
Topic #8,u'appear_elsewhere', 0.0033305947310280954
Topic #8,u'sodium', 0.0012953586321208996
Topic #8,u'define', 0.0010790498291577283
Topic #8,u'product', 0.00092891776237419624
Topic #8,u'calorie', 0.00074766282251181426
Topic #8,u'fat', 0.00070890721422389681
Topic #8,u'per', 0.00070687514684592424
Topic #8,u'claim', 0.00065228486148457296
Topic #4,u'label', 0.0036148311195332542
Topic #4,u'labeling', 0.0035844867660513573
Topic #4,u'accompany', 0.0033175546606809873
Topic #4,u'information_require', 0.0033175546606809873
Topic #4,u'relative_claim', 0.0033175546606809873
Topic #4,u'appear', 0.0033175546606809873
Topic #4,u'lite', 0.00099983538512149364
Topic #4,u'light', 0.0009724988461219451
Topic #4,u'term_light', 0.00068779948497521321
Topic #4,u'use', 0.00062241026633202187
Topic #1,u'specify', 0.0034763574744921823
Topic #1,u'customarily_consume', 0.00031697283521208932
Topic #1,u'reference_amount', 0.00031697283503883701
Topic #1,u'per', 0.00024306455912939247
Topic #1,u'compare', 0.00021819492926254908
Topic #1,u'percent', 0.00021617276700783039
Topic #1,u'reference_food', 0.00021010156359725572
Topic #1,u'applicable', 0.0002020551344997247
Topic #1,u'relative_claims', 0.00017651570967202343
Topic #1,u'require', 0.00017651570927692821
Topic #7,u'color', 0.00081935949724204818
Topic #7,u'percent', 0.00077397053676035602
Topic #7,u'texture', 0.00045844865207444362
Topic #7,u'regular', 0.00042984136601585167
Topic #7,u'sodium', 0.00020890935533749794
Topic #7,u'can_pea', 0.00020548356105803977
Topic #7,u'physical', 0.0001623397677337403
Topic #7,u'organoleptic_attribute', 0.0001623397677337403
Topic #7,u'describes', 0.00016233965294059859
Topic #7,u'information', 0.00016233965294059859
Topic #3,u'provide', 0.00060599050667099806
Topic #3,u'paragraph', 0.00015551227619701614
Topic #3,u'food_meet', 1.4248431641005556e-05
Topic #3,u'low', 1.4240085027602822e-05
Topic #3,u'present', 1.4238999074881627e-05
Topic #3,u'entire_term', 1.4238119150001228e-05
Topic #3,u'sodium', 1.4231314166690636e-05
Topic #3,u'uniform', 1.4230015705384026e-05
Topic #3,u'type_size', 1.422976862407972e-05
Topic #3,u'except', 1.422315694265425e-05
Topic #5,u'definition', 0.00040360454187263244
Topic #5,u'food_meet', 0.00020577973557091436
Topic #5,u'food_derives', 9.3304584204042658e-05
Topic #5,u'term', 5.3936576794194506e-05
Topic #5,u'term_define', 5.3936576651607832e-05
Topic #5,u'low', 1.4254621938472651e-05
Topic #5,u'one', 1.4249976616062994e-05
Topic #5,u'percent', 1.4239064026131467e-05
Topic #5,u'claim', 1.4238906395859367e-05
Topic #5,u'sodium_claim', 1.4238328815236119e-05
Topic #9,u'style', 0.00037405601150885024
Topic #9,u'one', 0.00033856832376798706
Topic #9,u'least', 0.00020298792982991195
Topic #9,u'common', 0.00016328049099949231
Topic #9,u'properly_qualify', 0.00016328049099640282
Topic #9,u'attribute', 0.00016328049099258935
Topic #9,u'accompany_statement', 0.00011011322415477923
Topic #9,u'number', 5.3904101091821259e-05
Topic #9,u'reduce', 1.4230583415412795e-05
Topic #9,u'calorie', 1.4228572454971254e-05
Topic #10,u'identity', 0.00032632622327438698
Topic #10,u'percent', 0.00017919588817928722
Topic #10,u'reference_food', 0.00017742290677355489
Topic #10,u'statement', 0.00016324479671131693
Topic #10,u'word_light', 0.00016324339723398714
Topic #10,u'become', 0.00016324329020700842
Topic #10,u'point', 0.00016324329020700842
Topic #10,u'manufacturer', 0.00016324329019935585
Topic #10,u'demonstrate', 0.00016324329019935585
Topic #10,u'associate', 0.00016324329019935585
Topic #6,u'prominent_claim', 0.00023357068096375815
Topic #6,u'declare_adjacent', 0.00023357068096375815
Topic #6,u'nutrition_label', 0.00023356963917925332
Topic #6,u'low_sodium_food', 0.00016333777479865329
Topic #6,u'state', 0.00016333772896136859
Topic #6,u'statement', 0.00016333627242930417
Topic #6,u'food_derives', 1.4533356084746358e-05
Topic #6,u'percent', 1.4233357353924923e-05
Topic #6,u'fat', 1.423166596123358e-05
Topic #6,u'calorie', 1.4231645687916472e-05
Topic #2,u'prominence', 0.00022508815090236837
Topic #2,u'fraction', 0.00021161518815885702
Topic #2,u'particular_food', 0.00016335428057322472
Topic #2,u'reflect', 0.00016335428057322472
Topic #2,u'physical', 0.00016335416898349394
Topic #2,u'organoleptic_attribute', 0.00016335416898349394
Topic #2,u'nutrition_label', 1.4253981725172596e-05
Topic #2,u'prominent_claim', 1.4253979525202891e-05
Topic #2,u'declare_adjacent', 1.4253979525202891e-05
Topic #2,u'general', 1.4232635932040792e-05
