TopicNo,Topic Words,Probability Score
Topic #8,u'except', 0.0062899639221861694
Topic #8,u'nutrition_label', 0.0056688534379434634
Topic #8,u'information_panel', 0.0056688405353511363
Topic #8,u'dietary_supplement', 0.00043747927999513673
Topic #8,u'vitamin', 0.0002120837527524917
Topic #8,u'mineral', 0.0002120837527524917
Topic #8,u'calorie_free', 9.118897667171328e-05
Topic #8,u'limit', 7.4216772825284611e-05
Topic #8,u'equivalent_amount', 5.2737379527264264e-05
Topic #8,u'similar_dietary_supplement', 5.2737379399977113e-05
Topic #7,u'quantitative_information', 0.0058876977969801059
Topic #7,u'accordance', 0.0055711536204884771
Topic #7,u'information_panel', 0.0054591656983941353
Topic #7,u'locate_elsewhere', 0.005459154032504218
Topic #7,u'sugar', 0.0031340291712191946
Topic #7,u'food', 0.0025551831280326218
Topic #7,u'per', 0.0022853765729251387
Topic #7,u'calorie', 0.0013159095217029682
Topic #7,u'reference_food', 0.0012346719940692663
Topic #7,u'percent', 0.0012025102042750777
Topic #4,u'declare_adjacent', 0.0056461001788624633
Topic #4,u'prominent_claim', 0.0056461001788624633
Topic #4,u'nutrition_label', 0.0056460993936085398
Topic #4,u'paragraph', 0.0010017114815348289
Topic #4,u'term', 0.00057589258931142317
Topic #4,u'calorie_content', 0.00044937651111524841
Topic #4,u'add_sugar', 0.00039159351933303049
Topic #4,u'define', 0.0003785005917596551
Topic #4,u'meal_products', 0.00037752362942016025
Topic #4,u'term_define', 0.00031751635702604973
Topic #6,u'product', 0.0012469587730181075
Topic #6,u'define', 0.0009082834198309935
Topic #6,u'main_dish', 0.00062726802630224895
Topic #6,u'meal_product', 0.00025685263411631866
Topic #6,u'case', 0.00025682118691464393
Topic #6,u'reduce_sweet', 0.00016184900891866283
Topic #6,u'sour', 0.00016184854893169006
Topic #6,u'dinner', 0.00016184854893169006
Topic #6,u'shrimp', 0.00016184854893169006
Topic #6,u'negligible_source', 0.00014851037179787948
Topic #1,u'use', 0.00090938633296495908
Topic #1,u'labeling', 0.00051053889975079746
Topic #1,u'label', 0.00048799508974241648
Topic #1,u'low', 0.00029621487289855291
Topic #1,u'present', 0.00020115080320454664
Topic #1,u'claim_describe', 0.00017031946122559216
Topic #1,u'juice', 0.00016186630099713947
Topic #1,u'sugar_reduce', 0.00016186630099236879
Topic #1,u'year', 0.00016182667417585528
Topic #1,u'intend_specifically', 0.00016182667417585528
Topic #10,u'provide', 0.00074696627357350429
Topic #10,u'process', 0.00025749992081635373
Topic #10,u'meet', 0.00014888886837188209
Topic #10,u'add', 0.00010946138747890384
Topic #10,u'contains_sugar', 0.00010945807135937797
Topic #10,u'functionally_substitute', 0.00010945807135937797
Topic #10,u'package', 0.00010945807135937797
Topic #10,u'weight_control', 0.00010945802839809508
Topic #10,u'add_sugar', 0.0001094567649004798
Topic #10,u'ingredient', 0.00010945065974361975
Topic #9,u'contains', 0.00049681931708173187
Topic #9,u'lower', 0.00047139103596770043
Topic #9,u'fraction', 0.00043201496168078577
Topic #9,u'amount', 0.00029635610867837631
Topic #9,u'functionally', 0.00016194655642814417
Topic #9,u'insignificant_increase', 0.00016194655642814417
Topic #9,u'sugar_result', 0.00016194655642814417
Topic #9,u'unsweetened', 0.00016051005792091117
Topic #9,u'add_sweetener', 0.00016051005792091117
Topic #9,u'substantial', 0.00016051005792091117
Topic #2,u'require', 0.00047204492122706319
Topic #2,u'identity', 0.00043257904643222568
Topic #2,u'without', 0.00038405916239439753
Topic #2,u'food_meet', 0.0002409755935355025
Topic #2,u'condition', 0.00015427529048103896
Topic #2,u'special_process', 0.00015427529040514562
Topic #2,u'benefit', 0.00015427528990334929
Topic #2,u'alteration', 0.00015426030423319566
Topic #2,u'zero_sugar', 0.00010938947740660484
Topic #2,u'negligible_amount', 0.00010937135521269883
Topic #3,u'relative_claims', 0.00043336505059491406
Topic #3,u'directs_consumer', 0.0001624748200853051
Topic #3,u'identity', 1.4259997119213635e-05
Topic #3,u'percent', 1.4259989219740151e-05
Topic #3,u'reference_food', 1.4259988452882296e-05
Topic #3,u'sugar', 1.4223781162658091e-05
Topic #3,u'sugar_reduce', 1.4223768656233787e-05
Topic #3,u'juice', 1.4223768656115248e-05
Topic #3,u'zero_sugar', 1.4223765407492464e-05
Topic #3,u'jelly', 1.4223765402439013e-05
Topic #5,u'free', 0.00014909291522091362
Topic #5,u'regular_lasagna', 7.5595186728072956e-05
Topic #5,u'dehydrate_food', 5.371687315584278e-05
Topic #5,u'reconstitute', 5.3716873076698108e-05
Topic #5,u'insignificant_amount', 5.3716873074118703e-05
Topic #5,u'water', 5.371687306367186e-05
Topic #5,u'typical_consumption', 5.3716873039960412e-05
Topic #5,u'diluent_contain', 5.3716872714180489e-05
Topic #5,u'another', 5.371686880173746e-05
Topic #5,u'protein_supplement', 5.3716868382399902e-05
