TopicNo,Topic Words,Probability Score
Topic #8,u'sugar', 0.015764878094267437
Topic #8,u'food', 0.0021327864300487455
Topic #8,u'claim', 0.0011426627813750055
Topic #8,u'starch', 0.00099787163710523467
Topic #8,u'high', 0.00082921668800126709
Topic #8,u'meal_snack', 0.00048269473724496357
Topic #8,u'frequent_eat', 0.00044448230972776417
Topic #8,u'sweeten', 0.00043801517077001189
Topic #8,u'indicate', 0.00039322617660420732
Topic #8,u'unlike', 0.00036035892959467491
Topic #7,u'tooth_decay', 0.015061358246729056
Topic #7,u'dental_caries', 0.00089616866737454661
Topic #7,u'use', 0.00062989374514913247
Topic #7,u'paragraph', 0.00035773275107719039
Topic #7,u'contain_food', 0.00031633253789425426
Topic #7,u'development', 0.00020506086067642281
Topic #7,u'bacteria', 0.00018371738254038521
Topic #7,u'tooth_enamel', 0.00018361621588638215
Topic #7,u'presence', 0.00014529547471943771
Topic #7,u'oral', 0.00014529547471549343
Topic #4,u'risk', 0.01407240029196038
Topic #4,u'reduce', 0.013884460687125528
Topic #4,u'carbohydrate', 0.0010260243670637628
Topic #4,u'sweetener', 0.00088875458296695754
Topic #4,u'noncariogenic', 0.00087591648718225907
Topic #4,u'dental_caries', 0.00050118975997857842
Topic #4,u'health_claim', 0.00046464829107205688
Topic #4,u'model', 0.00029764830241221161
Topic #4,u'contain', 0.00028517640255794514
Topic #4,u'tooth_decay', 0.00025389926223303583
Topic #5,u'promote', 0.0015326825374458661
Topic #5,u'package', 0.00022189025409799756
Topic #5,u'section_are', 0.000186906365496477
Topic #5,u'example', 0.00016109916539807601
Topic #5,u'small', 0.00016109866547573681
Topic #5,u'shorten_claim', 0.00016109866547573681
Topic #5,u'exempt', 0.00011413215611044103
Topic #5,u'karger', 0.00010870029817206362
Topic #5,u'publish', 0.00010870029817206362
Topic #5,u'obtain_copy', 0.00010870029817206362
Topic #6,u'name', 0.0011641344282346574
Topic #6,u'paragraph', 0.00094314466604209673
Topic #6,u'sugar_alcohols', 0.00032184086213726804
Topic #6,u'substance_list', 0.00022189473785585846
Topic #6,u'sweetener_list', 0.00014781013510420764
Topic #6,u'cfr', 0.00010869392537222386
Topic #6,u'switzerland', 0.00010869392537132634
Topic #6,u'hydrogenate', 7.4994391419676138e-05
Topic #6,u'xylitol', 7.4994388403293408e-05
Topic #6,u'glucose_syrups', 7.4994388389930101e-05
Topic #1,u'frequent', 0.00044717102770114206
Topic #1,u'state', 0.00023579989585729709
Topic #1,u'sugar_alcohol', 0.00022193687182666416
Topic #1,u'saliva', 0.00016113214467629587
Topic #1,u'exposure', 0.0001478630978488679
Topic #1,u'diet', 0.00014783636915106273
Topic #1,u'material', 0.00010872334530457722
Topic #1,u'accordance', 0.00010872293833642768
Topic #1,u'approve', 0.00010872293833642768
Topic #1,u'reference', 0.00010872293833642768
Topic #9,u'relationship', 0.00037358624404073182
Topic #9,u'nara', 0.00020349381866369807
Topic #9,u'except', 0.00014807318820084223
Topic #9,u'availability', 0.00010888641552161653
Topic #9,u'information', 0.00010888641552161653
Topic #9,u'html', 0.00010888637634356966
Topic #9,u'individual_susceptibility', 0.00010888637634292377
Topic #9,u'www', 0.0001088863763422383
Topic #9,u'govfederal_registercode_of_federal_regulationsibr_locations', 0.00010888637633438628
Topic #9,u'material', 0.00010888600936806363
Topic #2,u'fermentable_carbohydrate', 0.00032069293936901717
Topic #2,u'dietary_sugar', 0.00026528016696754434
Topic #2,u'consumption', 0.00024246879156987274
Topic #2,u'sucralose', 0.00022202206685916604
Topic #2,u'optional', 0.00016117834371390949
Topic #2,u'either', 0.00010875410820909374
Topic #2,u'bacterial_fermentation', 0.00010875410820909374
Topic #2,u'minute', 0.00010875410820909374
Topic #2,u'center', 0.00010875410820360821
Topic #2,u'examine', 0.00010875410820360821
Topic #10,u'tagatose', 0.00029149695701556318
Topic #10,u'isomaltulose', 0.00016976404189182455
Topic #10,u'disease', 0.0001143010408270749
Topic #10,u'optional_information', 0.00010886068710109279
Topic #10,u'box', 0.00010886068710101471
Topic #10,u'http', 0.00010886068709088847
Topic #10,u'starch_hydrolysate', 7.5109447195559543e-05
Topic #10,u'specify', 7.5109446753243478e-05
Topic #10,u'hydrogenate', 7.510944673494861e-05
Topic #10,u'isomalt', 7.510943003796703e-05
Topic #3,u'sorbitol', 0.00013608908198261464
Topic #3,u'requirement', 0.00011439470625066452
Topic #3,u'paint', 0.00010895065406348421
Topic #3,u'branch', 0.00010895065406348421
Topic #3,u'pkwy', 0.00010895065406348421
Topic #3,u'college_park', 0.00010895061825980688
Topic #3,u'date', 0.00010895061825440166
Topic #3,u'mannitol', 7.5171478944521591e-05
Topic #3,u'meet', 6.1375754683338745e-05
Topic #3,u'american', 5.34352219463069e-05
