TopicNo,Topic Words,Probability Score
Topic #7,u'food', 0.0052569908528430709
Topic #7,u'percent', 0.0044720052708499452
Topic #7,u'accordance', 0.0041796576682012919
Topic #7,u'fortification_policy', 0.0040526857126436762
Topic #7,u'meet', 0.0016412099031493676
Topic #7,u'claim', 0.0011253504648565268
Topic #7,u'saturate_fat', 0.00077716758521114207
Topic #7,u'low', 0.00065076258344079268
Topic #7,u'define', 0.00064063596005339276
Topic #7,u'made', 0.00058002352585490588
Topic #10,u'addition', 0.0042727978724163007
Topic #10,u'per', 0.001954272710097371
Topic #10,u'mean', 0.00060144791392782639
Topic #10,u'drv', 0.00049693473614575718
Topic #10,u'rdi', 0.00049693473602246659
Topic #10,u'sodium', 0.00045307959055199479
Topic #10,u'protein', 0.00040246898383023306
Topic #10,u'least', 0.00034998538709499417
Topic #10,u'reference', 0.00030793609813849557
Topic #10,u'cholesterol', 0.00029743904644757049
Topic #5,u'requirement', 0.0042510744524850864
Topic #5,u'meet', 0.0024783050623019237
Topic #5,u'food', 0.00050080497118815365
Topic #5,u'iron', 0.00040320059744661815
Topic #5,u'tbsp', 0.00030837493824440636
Topic #5,u'single', 0.00020299999445046887
Topic #5,u'statement', 0.00019264404971895254
Topic #5,u'identity', 0.00018720684451257842
Topic #5,u'tablespoon', 0.00016128641110116959
Topic #5,u'greater', 0.00016128641110116959
Topic #2,u'nutrient', 0.0012410270115289217
Topic #2,u'amount', 0.00029902545674797079
Topic #2,u'oat_bran', 0.00021571988888718436
Topic #2,u'present', 0.00017633886333003396
Topic #2,u'three', 0.00016237081463299559
Topic #2,u'absent', 0.00015446885759666813
Topic #2,u'general', 0.00015443591112028913
Topic #2,u'suggest', 0.00013683420682619759
Topic #2,u'healthy', 0.00013038437053493245
Topic #2,u'dietary_practice', 0.00011499353230171546
Topic #8,u'define', 0.00082312741458908745
Topic #8,u'product', 0.00061995158948003996
Topic #8,u'low_fat', 0.00054302256823059462
Topic #8,u'calcium', 0.00040612162929704694
Topic #8,u'main_dish', 0.00035323750445095926
Topic #8,u'prepare_form', 0.0001624548684939553
Topic #8,u'refers', 0.0001624548684939553
Topic #8,u'label_serve', 0.00016238797353266193
Topic #8,u'corn_oil', 9.3172670867970437e-05
Topic #8,u'healthily', 7.5556748414186601e-05
Topic #9,u'vitamin', 0.00073205384482586896
Topic #9,u'fiber', 0.00046608901933156141
Topic #9,u'cholesterol_specify', 0.000447142069389027
Topic #9,u'disclosure_level', 0.000447142069389027
Topic #9,u'ingredient', 0.00037053209194155818
Topic #9,u'vegetable', 0.00035189369796648982
Topic #9,u'contains', 0.00032371024362256174
Topic #9,u'source', 0.00029828233208308182
Topic #9,u'follow_condition', 0.0002570719266431609
Topic #9,u'food_meet', 0.0002570719266431609
Topic #4,u'imply', 0.00041264094098999104
Topic #4,u'nutrient_content', 0.00029059255764124595
Topic #4,u'paragraph', 0.00028569955998327995
Topic #4,u'claim', 0.00028105188617720138
Topic #4,u'food_specify', 0.00014973362656245951
Topic #4,u'add', 0.00014973362656245951
Topic #4,u'label_statements', 0.00013274213304626911
Topic #4,u'cover', 7.5686783752547732e-05
Topic #4,u'labeling_claims', 7.5686783752547732e-05
Topic #4,u'comply', 7.5686783029616929e-05
Topic #6,u'meal_product', 0.00040716840643521032
Topic #6,u'define', 0.00025847408582264643
Topic #6,u'enrich_cereal', 0.0001098531162120138
Topic #6,u'cholesterol_level', 0.00010985311620719204
Topic #6,u'term_healthy', 7.575150946807107e-05
Topic #6,u'relate_term', 7.575150946807107e-05
Topic #6,u'healthful', 7.575149245346459e-05
Topic #6,u'label_food', 7.575149245171462e-05
Topic #6,u'contains_honey', 5.3814390389724538e-05
Topic #6,u'meet', 1.4216026698578968e-05
Topic #3,u'nutrition_information', 0.00016290245056254052
Topic #3,u'product_label', 0.00016290245056254052
Topic #3,u'serve_size', 0.00016290245056254052
Topic #3,u'specify', 0.00016290245056254052
Topic #3,u'fat_level', 0.00010987257955027259
Topic #3,u'equivalent', 7.5764913820374041e-05
Topic #3,u'pathological', 7.5764913820078542e-05
Topic #3,u'health', 7.5764913819736707e-05
Topic #3,u'healthiest', 7.5764913818501367e-05
Topic #3,u'much', 1.476799008612799e-05
Topic #1,u'healthiness', 0.00010995449150732461
Topic #1,u'raw_fruit', 0.00010978550731820468
Topic #1,u'single', 1.472217659955824e-05
Topic #1,u'vegetable', 1.4495132185532567e-05
Topic #1,u'low_fat', 1.4368048030316915e-05
Topic #1,u'define', 1.4337214625576758e-05
Topic #1,u'cholesterol_specify', 1.4299345637015258e-05
Topic #1,u'disclosure_level', 1.4299345637015258e-05
Topic #1,u'meet', 1.4229145632646114e-05
Topic #1,u'fortification_policy', 1.422913104773592e-05
