TopicNo,Topic Words,Probability Score
Topic #6,u'claim', 0.046131340009916789
Topic #6,u'person', 0.0022560374529858886
Topic #6,u'employee', 0.00186140392209027
Topic #6,u'time_equivalent', 0.0015975610725490594
Topic #6,u'nutrient', 0.0013993470980533679
Topic #6,u'consumer', 0.0012401616710109942
Topic #6,u'nutrition_information_subject', 0.0011119470365567275
Topic #6,u'name', 0.00099958032175220964
Topic #6,u'type', 0.00089233509145082398
Topic #6,u'content', 0.00088717757802874038
Topic #1,u'nutrition_information', 0.044339117156281929
Topic #1,u'product', 0.0031388322315141384
Topic #1,u'require', 0.0028239236690498224
Topic #1,u'present', 0.0023122503776116274
Topic #1,u'include', 0.0022594261740249465
Topic #1,u'declaration', 0.0019671970695113406
Topic #1,u'number', 0.0019455385756629324
Topic #1,u'state', 0.0018635963559169198
Topic #1,u'full', 0.001826223571833396
Topic #1,u'nutrient', 0.0017327821603012781
Topic #7,u'food', 0.043777286255200276
Topic #7,u'provide', 0.040779616020084633
Topic #7,u'except', 0.039746503662390881
Topic #7,u'provision', 0.036466502050399224
Topic #7,u'paragraph', 0.0086772791589277316
Topic #7,u'gram', 0.0046632613088176851
Topic #7,u'protein', 0.0027820516507710462
Topic #7,u'serve', 0.0025884397359970421
Topic #7,u'per', 0.0024140024900498737
Topic #7,u'number', 0.0023396171377674233
Topic #9,u'subject', 0.043401160108701257
Topic #9,u'label', 0.0033325314116902168
Topic #9,u'labeling', 0.0029917483639823909
Topic #9,u'advertise', 0.0019271385330493645
Topic #9,u'nutrition_claim', 0.0018863242746896879
Topic #9,u'food_bear', 0.0016653926323578704
Topic #9,u'context', 0.0016653926323578704
Topic #9,u'nutrition_information', 0.0016136733820446276
Topic #9,u'place', 0.0013042918759669573
Topic #9,u'statement', 0.0011502236604729774
Topic #3,u'exemption', 0.0039042896378180636
Topic #3,u'period', 0.0015549745249151133
Topic #3,u'sodium', 0.0012559506940820787
Topic #3,u'cholesterol', 0.0011504141135461391
Topic #3,u'human_consumption', 0.00085702954248715766
Topic #3,u'add', 0.00083434240360478226
Topic #3,u'act', 0.00081901658741462757
Topic #3,u'carbohydrate', 0.00074705127167071532
Topic #3,u'person_claim', 0.00072649728429461801
Topic #3,u'offer', 0.00047986209475633278
Topic #4,u'vitamin', 0.0034053158771763419
Topic #4,u'information', 0.0024663652589461535
Topic #4,u'year', 0.0018774120430122406
Topic #4,u'total_carbohydrate', 0.0018400435006015144
Topic #4,u'mineral', 0.0018209337530125942
Topic #4,u'dietary_fiber', 0.0018044561319829518
Topic #4,u'age', 0.001319224795747423
Topic #4,u'average', 0.0012245613726745729
Topic #4,u'column', 0.0011700165097223631
Topic #4,u'child', 0.0011493716606694271
Topic #2,u'food_product', 0.0025403971386657163
Topic #2,u'percent', 0.0025155537912742647
Topic #2,u'use', 0.0018670996211561602
Topic #2,u'daily_value', 0.0017861801377020881
Topic #2,u'unit', 0.0016640335480726488
Topic #2,u'list', 0.001603055336854513
Topic #2,u'given', 0.0015500727517053037
Topic #2,u'determine', 0.0011728303520476711
Topic #2,u'one', 0.00096491718991179498
Topic #2,u'paragraph', 0.00076894800808782607
Topic #8,u'package', 0.0022526406186280461
Topic #8,u'total_fat', 0.0014879993243623124
Topic #8,u'define', 0.0012503607820196529
Topic #8,u'insignificant_amounts', 0.0009306627680727951
Topic #8,u'product', 0.00091386128634239031
Topic #8,u'total_surface', 0.00085484034459678822
Topic #8,u'square_inch', 0.00085484034459678822
Topic #8,u'area_available', 0.00085484034459678822
Topic #8,u'bear_labeling', 0.00085484034459678822
Topic #8,u'another', 0.00076996537291643206
Topic #5,u'calorie', 0.0022342471446817609
Topic #5,u'sugar', 0.0010514612026315804
Topic #5,u'weight', 0.0009420041121203399
Topic #5,u'ounce', 0.0008187801214396337
Topic #5,u'whole', 0.00064563842620506573
Topic #5,u'branch', 0.00057191761011949715
Topic #5,u'pkwy', 0.00057191760999312829
Topic #5,u'paint', 0.00057191760996641594
Topic #5,u'intend', 0.00056348729330807032
Topic #5,u'cup', 0.00054355207535615696
Topic #10,u'sale', 0.001999632811853563
Topic #10,u'consumer', 0.0011108388197090605
Topic #10,u'erjy', 0.00067326494686735744
Topic #10,u'case', 0.00054761365577956505
Topic #10,u'generally', 0.00054759046946856551
Topic #10,u'business', 0.00048787540753416259
Topic #10,u'annual', 0.00048786747607968073
Topic #10,u'done', 0.00048786747607968073
Topic #10,u'gross', 0.00048786747607968073
Topic #10,u'footnote', 0.00047629593692535046
