TopicNo,Topic Words,Probability Score
Topic #4,u'food', 0.0065441469426572221
Topic #4,u'certification', 0.0031747214947966122
Topic #4,u'drug_administration', 0.0014989204024838324
Topic #4,u'certify_party', 0.0013846546409589332
Topic #4,u'one', 0.0013635934453021447
Topic #4,u'necessary', 0.0012694873257648902
Topic #4,u'make', 0.0011625358380553006
Topic #4,u'verify', 0.0011170396820474983
Topic #4,u'requirement', 0.0011012238260723185
Topic #4,u'except', 0.0010686312747379828
Topic #6,u'flavor', 0.0058733175139799058
Topic #6,u'artificial_flavor', 0.0019302848822761315
Topic #6,u'smoke', 0.0010741760000495717
Topic #6,u'label', 0.0008655912505257349
Topic #6,u'use', 0.00086199990405679396
Topic #6,u'certify', 0.00079042753669895797
Topic #6,u'derive', 0.00065539430282748716
Topic #6,u'designate', 0.00063965516134225763
Topic #6,u'mean', 0.00062523008478337493
Topic #6,u'food_contains', 0.00061486653398677075
Topic #2,u'declare', 0.0038142314491806783
Topic #2,u'name', 0.0025200830528471427
Topic #2,u'ingredient', 0.002056408309680235
Topic #2,u'usual_name', 0.0018896594350368591
Topic #2,u'common', 0.0015987515670271232
Topic #2,u'characterize_flavor', 0.0015259619298381227
Topic #2,u'color', 0.0013198465309216471
Topic #2,u'label', 0.0010869444851514106
Topic #2,u'letter', 0.00088756809209624527
Topic #2,u'paragraph', 0.00084333440262958955
Topic #5,u'color_additive', 0.0015673975566409498
Topic #5,u'act', 0.0015238766364922981
Topic #5,u'fruit', 0.00089389965620811506
Topic #5,u'artificially_flavor', 0.0008634648592664928
Topic #5,u'lake', 0.00049736874148660376
Topic #5,u'labeling', 0.00043241137297886693
Topic #5,u'require', 0.00036280818560394096
Topic #5,u'artificial_color', 0.0003558441706778608
Topic #5,u'list', 0.00034256164956837203
Topic #5,u'poultry', 0.00033281653262057595
Topic #3,u'provide', 0.0014876068651802138
Topic #3,u'artificial', 0.00099439394676292445
Topic #3,u'strawberry_flavor', 0.00072604440566455654
Topic #3,u'additional_time', 0.00050103545096768609
Topic #3,u'inspection', 0.00050103239913149977
Topic #3,u'natural', 0.00037006974044863063
Topic #3,u'shortcake', 0.00032627601930412472
Topic #3,u'remove', 0.00032161119997596176
Topic #3,u'consumer', 0.00027023985616704462
Topic #3,u'time', 0.00025756536915353886
Topic #9,u'natural_flavor', 0.0013241356213466492
Topic #9,u'characterize_flavor', 0.00078744479376720452
Topic #9,u'three', 0.00051409286413747572
Topic #9,u'case', 0.00050617033977636569
Topic #9,u'resembles', 0.00048167331053761532
Topic #9,u'reinforces', 0.00048167331053761532
Topic #9,u'bear', 0.00035786820985708002
Topic #9,u'trademark', 0.00032651670943899535
Topic #9,u'brand', 0.00032651670943899535
Topic #9,u'graphic_matter', 0.00032242690384073084
Topic #7,u'follow', 0.00083690591419034678
Topic #7,u'arrange', 0.00025845376513364152
Topic #7,u'person', 0.00025845376513364152
Topic #7,u'verification', 0.00025845376513364152
Topic #7,u'relevant_material', 0.00025845376513364152
Topic #7,u'record_ready', 0.00025845376513364152
Topic #7,u'soon', 0.00025845376513364152
Topic #7,u'practicable', 0.00025845376513364152
Topic #7,u'rely', 0.00025845374378388416
Topic #7,u'otherwise', 0.00025845374378388416
Topic #8,u'ice_cream', 0.00074775350436892497
Topic #8,u'artificial_coloring', 0.00031341805805691034
Topic #8,u'meat', 0.0003001824876415836
Topic #8,u'food_subject', 0.00025900345281727538
Topic #8,u'defense_provide', 0.00025900322374649063
Topic #8,u'coloring_add', 0.00025900059735521809
Topic #8,u'fish', 0.0002356591874886548
Topic #8,u'print', 0.00023374738254095244
Topic #8,u'egg', 0.00017933301927817232
Topic #8,u'grape', 0.00017111349353853645
Topic #10,u'cheese', 0.00074721988996632788
Topic #10,u'undertake', 0.00025913389163381001
Topic #10,u'false_guarantee', 0.00025913389163381001
Topic #10,u'preservative', 0.00025913366281626459
Topic #10,u'retard_spoilage', 0.00025913366279992501
Topic #10,u'pepper', 0.00020773571500561888
Topic #10,u'powder', 0.00017122199709545852
Topic #10,u'granulate_onion', 0.00017122199709545852
Topic #10,u'strawberry_shortcake', 0.00017122199708993313
Topic #10,u'written', 0.00017122186323134344
Topic #1,u'vegetable', 0.00056623408446382709
Topic #1,u'respect', 0.0002718880054737017
Topic #1,u'blue', 0.00025934459331322445
Topic #1,u'recommend', 0.00025934436419876083
Topic #1,u'lake', 0.00025933310164628762
Topic #1,u'flavoring', 0.00023595042659889598
Topic #1,u'artificial_vanilla', 0.00017136108370928243
Topic #1,u'vegetable_juice', 0.00014340903687053771
Topic #1,u'edible_yeast', 0.00014340900194241424
Topic #1,u'prior', 0.00010477255757053563
