TopicNo,Topic Words,Probability Score
Topic #6,u'physical_inactivity', 0.010987767620504891
Topic #6,u'include_diet', 0.00015986241747638932
Topic #6,u'national_center', 0.0001078614447557441
Topic #6,u'current_information', 0.0001078614447557441
Topic #6,u'health_statistic', 0.0001078614447557441
Topic #6,u'source', 0.00010786144475536108
Topic #6,u'information', 0.00010786144475536108
Topic #6,u'identify', 0.00010786098146251566
Topic #6,u'thus', 9.1737201412001002e-05
Topic #6,u'recommend_level', 7.4413347809087514e-05
Topic #9,u'heart_disease', 0.0028399068189851858
Topic #9,u'cholesterol', 0.0025103957851349461
Topic #9,u'saturate_fat', 0.0020072335005528849
Topic #9,u'risk', 0.0014239307565030274
Topic #9,u'claim', 0.0011627020328565819
Topic #9,u'coronary', 0.0011317887747261805
Topic #9,u'many', 0.00085427140001789357
Topic #9,u'factor', 0.00079461270483844541
Topic #9,u'reduce', 0.00076970868425855815
Topic #9,u'relationship', 0.00051315585991279337
Topic #5,u'high', 0.0011617191404460728
Topic #5,u'blood_pressure', 0.00046380942444328404
Topic #5,u'blood_cholesterol_levels', 0.00030046186091699435
Topic #5,u'blood_ldl', 0.00021905986941546599
Topic #5,u'people', 0.00020883120039145371
Topic #5,u'claim_defines', 0.00015347845631884539
Topic #5,u'normal', 0.00015347845631884539
Topic #5,u'nature', 0.00013589467020082847
Topic #5,u'nutrition', 0.00010879790781456082
Topic #5,u'health', 0.0001087972331867472
Topic #8,u'disease', 0.00095732355743337577
Topic #8,u'cholesterol_levels', 0.00053171833907862665
Topic #8,u'health_claim', 0.00040802299806987405
Topic #8,u'one', 0.00020867370298384484
Topic #8,u'american', 0.000202334808169015
Topic #8,u'dietary_guideline', 0.000202334808169015
Topic #8,u'model', 0.00017698144705466213
Topic #8,u'mmoll', 0.00017042676573282654
Topic #8,u'overweight', 0.00016113183250380836
Topic #8,u'mgdl', 0.00013161276499202944
Topic #4,u'diet_low', 0.00082366737094436229
Topic #4,u'blood_total', 0.00037308851864981514
Topic #4,u'healthy_lifestyle', 0.00030479309542593672
Topic #4,u'blood_cholesterol', 0.00025564159170343541
Topic #4,u'usda', 0.00020320174322639915
Topic #4,u'include_information', 0.00020314458509456171
Topic #4,u'dhhs', 0.00020234458238482412
Topic #4,u'paragraph', 0.00016954849371704828
Topic #4,u'number', 0.00016952138080312753
Topic #4,u'elevate_blood_ldl', 0.00016113977942011995
Topic #3,u'ldl', 0.00069280872917456084
Topic #3,u'family_history', 0.0006103176652526714
Topic #3,u'development', 0.00034712366591010344
Topic #3,u'major', 0.0003086037948575987
Topic #3,u'risk_factor', 0.00026948975150229169
Topic #3,u'exercise', 0.00022193816763517332
Topic #3,u'lack', 0.00022193816763517332
Topic #3,u'public_health', 0.00012577406920185325
Topic #3,u'increase_level', 0.00011413443623086971
Topic #3,u'wild_turkey', 0.0001087054624451323
Topic #1,u'total_fat', 0.00058915085474636807
Topic #1,u'cigarette_smoke', 0.00046380470311533397
Topic #1,u'include', 0.00035590200280488556
Topic #1,u'government', 0.00020334115408529609
Topic #1,u'office', 0.00020334115408529609
Topic #1,u'print', 0.00020334115408529609
Topic #1,u'increase_blood', 0.00016125029986857045
Topic #1,u'fat', 0.00015341002671800586
Topic #1,u'average', 0.00013590193861285081
Topic #1,u'per', 0.00011423578001269192
Topic #2,u'state', 0.00057317318076334901
Topic #2,u'unite', 0.00020917731556546539
Topic #2,u'dietary_pattern', 0.00016150828682523705
Topic #2,u'type', 0.00016150828682523705
Topic #2,u'national_institutes', 0.00010897189801435248
Topic #2,u'deer', 0.0001089718694736316
Topic #2,u'ldl_cholesterol', 0.00010897186947356934
Topic #2,u'rabbit', 0.00010897186947303728
Topic #2,u'health', 0.00010897019984933911
Topic #2,u'recommend_level', 7.5078821460320246e-05
Topic #10,u'develop', 0.00020083799829253909
Topic #10,u'contribute', 0.00016155977699911108
Topic #10,u'increase_risk', 0.0001144541722404055
Topic #10,u'health', 0.00010902541867461422
Topic #10,u'department', 0.00010902524711907024
Topic #10,u'except', 0.00010902449616571182
Topic #10,u'game_meats', 0.00010902449616571182
Topic #10,u'fish', 0.00010902449616571182
Topic #10,u'human_service', 0.0001090244961627463
Topic #10,u'optional_information', 0.00010902446033510926
Topic #7,u'requirement', 0.00017012191469562696
Topic #7,u'food', 0.00013630081701243194
Topic #7,u'extra_lean', 0.00010908492144861765
Topic #7,u'meet', 0.00010908492144861765
Topic #7,u'meet_all', 7.5259565064271638e-05
Topic #7,u'nutrient_content_requirements', 7.5259565064271638e-05
Topic #7,u'low_fat', 7.5259560705119872e-05
Topic #7,u'high', 1.4237499342580749e-05
Topic #7,u'blood_total', 1.423749756157172e-05
Topic #7,u'overweight', 1.4222591142109427e-05
