TopicNo,Topic Words,Probability Score
Topic #7,u'per', 0.019507350849536958
Topic #7,u'cholesterol', 0.0097855576149099271
Topic #7,u'reference_amount', 0.0073350431268231278
Topic #7,u'customarily_consume', 0.0072451663577920173
Topic #7,u'label_serve', 0.0050269551459283315
Topic #7,u'total_fat', 0.0048432420683371044
Topic #7,u'food_contains', 0.0045376285246191625
Topic #7,u'product', 0.0036230832807982206
Topic #7,u'reduce', 0.0034734233630514541
Topic #7,u'saturate_fat', 0.0034436282038264807
Topic #8,u'food', 0.007715879215515491
Topic #8,u'percent', 0.0051752912001640887
Topic #8,u'label', 0.0038607899615938526
Topic #8,u'made', 0.0036976271489929753
Topic #8,u'claim', 0.0025746526743511511
Topic #8,u'reference_food', 0.0024867060765801914
Topic #8,u'except', 0.0021496978748810633
Topic #8,u'cholesterol', 0.0020669102734516259
Topic #8,u'contains', 0.0018642354009076527
Topic #8,u'panel', 0.0017488451041942114
Topic #10,u'define', 0.0038148929948385469
Topic #10,u'main_dish', 0.0024417103473064875
Topic #10,u'product', 0.0024416532103065896
Topic #10,u'market_share', 0.00145250243680568
Topic #10,u'cosmetic_act', 0.00025724666260561527
Topic #10,u'negligible_source', 0.00024219867664999474
Topic #10,u'raspberry', 0.00011403096978631323
Topic #10,u'zero_cholesterol', 0.00011403096976505909
Topic #10,u'gram', 7.8163340669719963e-05
Topic #10,u'case', 1.4770384415580828e-05
Topic #5,u'meal_products', 0.0029874318783390699
Topic #5,u'use', 0.0029263508695133457
Topic #5,u'labeling', 0.0025885428057629625
Topic #5,u'define', 0.0025848505893322177
Topic #5,u'label', 0.0022393908720771843
Topic #5,u'accordance', 0.0019481989203060472
Topic #5,u'information_panel', 0.0017290912861923676
Topic #5,u'locate_elsewhere', 0.0016969141398817224
Topic #5,u'quantitative_information', 0.0016969093938534493
Topic #5,u'food_except', 0.00049414777701480765
Topic #4,u'provide', 0.002978240978667951
Topic #4,u'paragraph', 0.00098435044981606975
Topic #4,u'reformulation', 0.00083928189771021215
Topic #4,u'lower_cholesterol_content', 0.00083739837148987851
Topic #4,u'claim_describe', 0.00082872128079602904
Topic #4,u'add', 0.00067027815872328707
Topic #4,u'package_contains', 0.00047997166783854547
Topic #4,u'game_meat_product', 0.00047997166783854547
Topic #4,u'trivial_amount', 0.00034229419293744471
Topic #4,u'dietarily_insignificant_amount', 0.00034229403936864353
Topic #2,u'level', 0.0029003443464900324
Topic #2,u'declare', 0.0026549293664401385
Topic #2,u'claim', 0.0017710313166699044
Topic #2,u'quantitative_information', 0.0017657012240509943
Topic #2,u'compare', 0.0017656964582145034
Topic #2,u'replaces', 0.0017656964565027121
Topic #2,u'prominent', 0.0017655877230353652
Topic #2,u'immediate_proximity', 0.0017547463001197825
Topic #2,u'reference_food', 0.00097410813698686934
Topic #2,u'reformulation', 0.00090808473335100761
Topic #1,u'one', 0.00208387587611593
Topic #1,u'type', 0.0018824537479923647
Topic #1,u'nutrition_label', 0.0017735868145844658
Topic #1,u'prominent_claim', 0.0017735863161651511
Topic #1,u'declare_adjacent', 0.0017735863134310885
Topic #1,u'claim', 0.0010303251771306724
Topic #1,u'claim_appears', 0.0010068335356779431
Topic #1,u'half', 0.00097141536803958351
Topic #1,u'size', 0.00097141536782048381
Topic #1,u'use', 0.00097140187153949681
Topic #3,u'relative_claims', 0.0017904621025089038
Topic #3,u'fraction', 0.0017903498613508328
Topic #3,u'significant', 0.0014580621102270749
Topic #3,u'alter', 0.0009580646346693839
Topic #3,u'label_product', 0.00025839193376229043
Topic #3,u'table', 0.00025839193370447573
Topic #3,u'panel', 1.4411288676216454e-05
Topic #3,u'claim_appears', 1.4411265965243818e-05
Topic #3,u'saturate_fat', 1.4252623589646903e-05
Topic #3,u'define', 1.4252583428384004e-05
Topic #9,u'special_process', 0.0017352942986839208
Topic #9,u'without', 0.0015491061293541816
Topic #9,u'prepare_form', 0.0013839478266493752
Topic #9,u'criterion_refers', 0.0013839478213385562
Topic #9,u'benefit', 0.0013250152612658351
Topic #9,u'condition', 0.0011259593732200247
Topic #9,u'food_meet', 0.0010266029225004846
Topic #9,u'definition', 0.00088981834892549669
Topic #9,u'reference_food_meet', 0.00082606287007310527
Topic #9,u'low_fat', 0.00058010105531333277
Topic #6,u'dehydrate_food', 0.0013849709621671685
Topic #6,u'diluent_contain', 0.0013849709620409145
Topic #6,u'reconstitute', 0.001384970961821998
Topic #6,u'insignificant_amount', 0.0013849709615286188
Topic #6,u'water', 0.0013849709606300463
Topic #6,u'typical_consumption', 0.001384970960589721
Topic #6,u'immediate_proximity', 0.00091027708713452477
Topic #6,u'appear', 0.0009101748047530045
Topic #6,u'disclosure_statement_require', 0.0009101748047530045
Topic #6,u'claim_precede', 0.0009101748047530045
