TopicNo,Topic Words,Probability Score
Topic #4,u'disease', 0.012694152725858401
Topic #4,u'effect', 0.0038745686908794549
Topic #4,u'adverse_events', 0.0035962786647687488
Topic #4,u'otherwise_suggests', 0.0034520414302507993
Topic #4,u'constitute', 0.0034520413460895926
Topic #4,u'class', 0.0006320510033166278
Topic #4,u'paragraph', 0.00059599549765248637
Topic #4,u'prevent', 0.00056584701163296333
Topic #4,u'specific_disease', 0.00034358329374038651
Topic #4,u'therapy', 0.00030212727729613144
Topic #10,u'statement', 0.0017698293943805416
Topic #10,u'dietary_supplement', 0.00063216486841412907
Topic #10,u'labeling', 0.00059682263255170318
Topic #10,u'disease_claim', 0.00048872620625485682
Topic #10,u'label', 0.00034912350210968826
Topic #10,u'structure', 0.00032618949442687331
Topic #10,u'bear', 0.00028805122303877511
Topic #10,u'provide', 0.00028799209581961379
Topic #10,u'name', 0.00027962846159697627
Topic #10,u'act', 0.00025839956189512085
Topic #8,u'product', 0.0012014748892690277
Topic #8,u'diagnose', 0.00062295390900108977
Topic #8,u'intend', 0.00052775426347703724
Topic #8,u'include', 0.00037551230451927893
Topic #8,u'state', 0.00032682215462795394
Topic #8,u'claim', 0.00031531123519737853
Topic #8,u'ingredient', 0.00030845434388701061
Topic #8,u'definition', 0.00025728329043010257
Topic #8,u'body', 0.00025728118207462745
Topic #8,u'placement', 0.00022333976576110302
Topic #7,u'treat', 0.00092380578312289366
Topic #7,u'cure', 0.00062627639709567627
Topic #7,u'mitigate', 0.00050295729269643605
Topic #7,u'except', 0.00025863224572024706
Topic #7,u'deficiency', 0.00010990224445156888
Topic #7,u'disease_result', 0.00010990181937157415
Topic #7,u'essential_nutrient', 0.00010990181937157415
Topic #7,u'whose', 9.3111404590316961e-05
Topic #7,u'food_safety', 5.3820991267726149e-05
Topic #7,u'center', 5.3820990989744885e-05
Topic #9,u'disclaimer', 0.00048523976574541141
Topic #9,u'implicitly', 0.00025882344817339178
Topic #9,u'publication', 0.0001630825302100943
Topic #9,u'reference', 0.0001630825302100943
Topic #9,u'citation', 0.00016308219010925445
Topic #9,u'explicitly', 0.00010998305446523944
Topic #9,u'cosmetic_act', 9.3503125979361792e-05
Topic #9,u'set', 7.5368140671895371e-05
Topic #9,u'box', 7.5368140671895371e-05
Topic #9,u'question', 7.5368140671895371e-05
Topic #1,u'one', 0.00048340303946518175
Topic #1,u'diseased', 0.00016308558724950709
Topic #1,u'term_disease', 0.00016308558724950709
Topic #1,u'express_claim', 0.00016308554137564699
Topic #1,u'prevents', 0.00016308554137167163
Topic #1,u'picture', 0.00016308554136057875
Topic #1,u'typesize', 0.00013742403782096094
Topic #1,u'criterion_list', 0.00010998513139080024
Topic #1,u'meet', 0.00010998513139080024
Topic #1,u'appear', 7.5832597547922874e-05
Topic #6,u'fda', 0.00035433810360089836
Topic #6,u'context', 0.00025884632897710507
Topic #6,u'claim', 0.00025883607326678221
Topic #6,u'vii', 0.00016307313885927639
Topic #6,u'whole', 0.00016304683486308179
Topic #6,u'packer', 0.00015513661055977207
Topic #6,u'present', 0.00014963195940172544
Topic #6,u'consider', 0.00010997677232936469
Topic #6,u'notice', 9.351371126872977e-05
Topic #6,u'sixteenth_inch', 7.5826230042901641e-05
Topic #5,u'viii', 0.00016319681550397888
Topic #5,u'vignette', 0.00016319681550370301
Topic #5,u'inappropriate_prominence', 0.00016319681550107861
Topic #5,u'text', 0.00015523236963712063
Topic #5,u'pellagra', 0.00011006013884855756
Topic #5,u'dysfunctioning', 0.00011004119072677039
Topic #5,u'health_lead', 0.00011004119072677039
Topic #5,u'federal_food', 9.3568683088702826e-05
Topic #5,u'take', 7.5883761097750462e-05
Topic #5,u'distributor_wish', 7.5883761097750462e-05
Topic #2,u'cause_significant', 0.00011014034685818117
Topic #2,u'abnormal_condition', 0.00011014034685818117
Topic #2,u'uncommon', 0.00011014034685818117
Topic #2,u'permanent_harm', 0.00011014034685818117
Topic #2,u'purpose', 0.00011014030772312161
Topic #2,u'scurvy', 0.00011014030772261493
Topic #2,u'mitigate', 1.4416007175043754e-05
Topic #2,u'constitute', 1.4223678624688597e-05
Topic #2,u'otherwise_suggests', 1.4223668918773055e-05
Topic #2,u'mean', 1.4223652109237541e-05
Topic #3,u'asterisk', 7.5953916207650759e-05
Topic #3,u'notification', 5.3948591685351951e-05
Topic #3,u'original', 5.3948390504210368e-05
Topic #3,u'submit', 5.3948390376126904e-05
Topic #3,u'two', 5.39483903316057e-05
Topic #3,u'copy', 5.3948390052923743e-05
Topic #3,u'branch', 5.3948388645399418e-05
Topic #3,u'pkwy', 5.3948388499604116e-05
Topic #3,u'paint', 5.3948388472944316e-05
Topic #3,u'cure', 1.4262873745462819e-05
