TopicNo,Topic Words,Probability Score
Topic #6,u'appear', 0.010279732750299796
Topic #6,u'labeling', 0.010013731090296076
Topic #6,u'label', 0.0056005045107550867
Topic #6,u'act', 0.0055655753496081815
Topic #6,u'authority', 0.0053449449893645667
Topic #6,u'information_require', 0.005194735193993512
Topic #6,u'appear_thereon', 0.00029774703031391789
Topic #6,u'require', 0.00025522833887987775
Topic #6,u'device', 0.00022252321152606492
Topic #6,u'english_language', 0.0001556918233449608
Topic #3,u'article', 0.0053590481383523686
Topic #3,u'panel_display', 5.3486010644613645e-05
Topic #3,u'labeling', 1.6535326472414336e-05
Topic #3,u'english', 1.4160229400662369e-05
Topic #3,u'predominant_language', 1.4160229400662369e-05
Topic #3,u'puerto_rico', 1.416022733003566e-05
Topic #3,u'territory', 1.416022733003566e-05
Topic #3,u'distribute', 1.416022733003566e-05
Topic #3,u'commonwealth', 1.416022733003566e-05
Topic #3,u'case', 1.416022733003566e-05
Topic #9,u'statement', 0.001082812361319536
Topic #9,u'food', 0.00020182414937874716
Topic #9,u'name', 0.0001623593274819874
Topic #9,u'background', 0.00010951782319460284
Topic #9,u'insufficient', 0.00010951782319460284
Topic #9,u'contrast', 0.00010951782319460284
Topic #9,u'regulation_promulgate', 0.00010951781586277971
Topic #9,u'prescribe', 0.00010951781586277971
Topic #9,u'reason', 9.3111681329210698e-05
Topic #9,u'among', 5.366817496379002e-05
Topic #5,u'word', 0.0010574430921047131
Topic #5,u'foreign_language', 0.00069987320769665583
Topic #5,u'label_space', 0.00067805519118565249
Topic #5,u'representation', 0.00055220844928272972
Topic #5,u'provide', 0.00034885731617329138
Topic #5,u'insufficiency', 0.00032643739755999611
Topic #5,u'prominent_place', 0.0001757582687912042
Topic #5,u'give', 0.00017029761081567994
Topic #5,u'greater', 0.00017029761081567994
Topic #5,u'conspicuousness', 0.00017029761081567994
Topic #4,u'information', 0.0004326694283113167
Topic #4,u'retail', 0.00016242700430038251
Topic #4,u'exempt', 0.00016242700430038251
Topic #4,u'sale', 0.00016242700430038251
Topic #4,u'requirement', 0.00016242700430038251
Topic #4,u'passenger_carrier', 0.00016242700430038251
Topic #4,u'intend', 0.00016242700430038251
Topic #4,u'paragraph', 0.00016242700430038251
Topic #4,u'panel', 6.2715488442158436e-05
Topic #4,u'part', 5.3679761907925448e-05
Topic #2,u'design', 0.00027204965736344993
Topic #2,u'institution', 0.00016260557876778637
Topic #2,u'render', 5.3749591332628856e-05
Topic #2,u'likely', 5.374959092672999e-05
Topic #2,u'device', 1.4345908237393948e-05
Topic #2,u'individual_serve', 1.4224937395756623e-05
Topic #2,u'graphic_matter', 1.4224934211139785e-05
Topic #2,u'print', 1.4224934211129636e-05
Topic #2,u'name', 1.4224932285058812e-05
Topic #2,u'article', 1.4224932212801618e-05
Topic #1,u'individual_serve', 0.00016260896106173078
Topic #1,u'failure', 0.00013278032591005075
Topic #1,u'extend', 5.3747941229426409e-05
Topic #1,u'area', 5.3747941223628434e-05
Topic #1,u'extension', 5.3747941176096706e-05
Topic #1,u'container', 5.374794115955584e-05
Topic #1,u'package_available', 5.374794084678538e-05
Topic #1,u'word', 1.4242072092752116e-05
Topic #1,u'label', 1.4241285599174818e-05
Topic #1,u'institution', 1.4225233285980115e-05
Topic #10,u'substitute', 0.00016255117229624222
Topic #10,u'predominant_language', 0.00016254999721163163
Topic #10,u'english', 0.00016254999721163163
Topic #10,u'written', 0.00010964721489124193
Topic #10,u'crowd', 0.00010964721489124193
Topic #10,u'smallness', 7.5612023369504472e-05
Topic #10,u'type', 7.5612023369504472e-05
Topic #10,u'style', 7.5612023369504472e-05
Topic #10,u'word', 1.4314252713990636e-05
Topic #10,u'reason', 1.4235197469534519e-05
Topic #8,u'english', 0.00016244081639368819
Topic #8,u'predominant_language', 0.00016244081639368819
Topic #8,u'commonwealth', 0.00016243963926471718
Topic #8,u'one', 0.00016243963926471718
Topic #8,u'puerto_rico', 0.00016243963926471718
Topic #8,u'solely', 0.00016243963926471718
Topic #8,u'territory', 0.00016243963926471718
Topic #8,u'case', 0.00016243963926471718
Topic #8,u'distribute', 0.00016243963926471718
Topic #8,u'information_appears', 7.5570950662521072e-05
Topic #7,u'avoirdupois', 0.00016241700561931064
Topic #7,u'food_contain', 0.00016241700561931064
Topic #7,u'size_package', 0.00016241700561931064
Topic #7,u'meal', 0.00016241700561931064
Topic #7,u'ounce', 0.00016241700561931064
Topic #7,u'fluid_ounce', 0.00016241700561931064
Topic #7,u'serve', 0.00016241700561931064
Topic #7,u'restaurant', 0.00016241700561931064
Topic #7,u'vignette', 0.00010955670562767628
Topic #7,u'obscure_designs', 0.00010955670562767628
