TopicNo,Topic Words,Probability Score
Topic #4,u'claim', 0.015085863168167917
Topic #4,u'nutrient_content', 0.012978165084285212
Topic #4,u'type_size', 0.012640569646337609
Topic #4,u'half', 0.012507214166087736
Topic #4,u'inch', 0.012452012293085931
Topic #4,u'largest', 0.012452012293085931
Topic #4,u'per', 0.0012501390278176596
Topic #4,u'rdi', 0.0012321375099748973
Topic #4,u'percent', 0.0012042688237177879
Topic #4,u'food', 0.000945877822354753
Topic #5,u'nutrient', 0.0018646959231710212
Topic #5,u'level', 0.00095527915327544134
Topic #5,u'potency', 0.00063766738148378344
Topic #5,u'name', 0.00045250305682619402
Topic #5,u'contains', 0.0004478386834861907
Topic #5,u'product_contains', 0.00040592701470116172
Topic #5,u'food', 0.00039142835944699022
Topic #5,u'base', 0.00034831012529273013
Topic #5,u'antioxidant', 0.00030640038184542184
Topic #5,u'recognize', 0.00030638022619710941
Topic #8,u'high', 0.0017671391631247739
Topic #8,u'vitamin', 0.0013839606876523646
Topic #8,u'mineral', 0.00088189481862169076
Topic #8,u'term', 0.00086921203685827366
Topic #8,u'product', 0.00061202786532231772
Topic #8,u'serve', 0.00036177799280608298
Topic #8,u'free', 0.00030615447816263101
Topic #8,u'radical', 0.00030615447816263101
Topic #8,u'antioxidant_vitamin', 0.00030598286590113795
Topic #8,u'individual', 0.00030424232948883295
Topic #1,u'use', 0.0012010729118310524
Topic #1,u'label', 0.0011463236319601956
Topic #1,u'labeling', 0.0010471329906804445
Topic #1,u'describe', 0.00075308883541289767
Topic #1,u'subject', 0.00069800136954005618
Topic #1,u'food', 0.0004758236717496881
Topic #1,u'good', 0.0004583699969259928
Topic #1,u'source', 0.0004194504168923302
Topic #1,u'clearly', 0.00025965241869084396
Topic #1,u'protein', 0.00016859758349517987
Topic #3,u'product', 0.0010286594176108709
Topic #3,u'main_dish', 0.00040881229937607806
Topic #3,u'define', 0.00034795749084319289
Topic #3,u'potassium', 0.00032503211285671963
Topic #3,u'fraction', 0.00020283916106810478
Topic #3,u'extra', 0.00016963198530481978
Topic #3,u'fat_content', 7.5051029856439976e-05
Topic #3,u'see', 7.5051029856439976e-05
Topic #3,u'nutrition_information', 7.5051029856439976e-05
Topic #3,u'fiber_content', 1.5224383899169285e-05
Topic #7,u'except', 0.00058942416335270632
Topic #7,u'define', 0.00056908184161516236
Topic #7,u'meal_products', 0.0003260559365599192
Topic #7,u'nutrition_label', 0.00025573675165940736
Topic #7,u'information_panel', 0.000255736245638605
Topic #7,u'limit', 0.00016959543335866406
Topic #7,u'substance_participates', 0.00016117616698399094
Topic #7,u'physiological', 0.00016117616698399094
Topic #7,u'low', 0.00013517252238041947
Topic #7,u'total_fat', 0.00011947150617250609
Topic #9,u'add', 0.00050632931736109869
Topic #9,u'nutrition_label', 0.00025606189628609078
Topic #9,u'declare_adjacent', 0.00025606187654186923
Topic #9,u'prominent_claim', 0.00025606187654186923
Topic #9,u'fortify', 0.00016981102220297304
Topic #9,u'require', 0.00010889083968117225
Topic #9,u'fiber_claim', 7.5130220607688239e-05
Topic #9,u'base', 1.426878096022164e-05
Topic #9,u'food', 1.4210687427566225e-05
Topic #9,u'nutrient', 1.4210378087232008e-05
Topic #10,u'dietary_fiber', 0.00038581049863918468
Topic #10,u'dietary_supplement', 0.00030814234454980158
Topic #10,u'paragraph', 0.00027872507323649848
Topic #10,u'multimineral', 0.00016122969187156328
Topic #10,u'tablet', 0.00016122969187156328
Topic #10,u'compliance', 0.00016122968025826604
Topic #10,u'scientific_evidence', 0.00016122968022679426
Topic #10,u'exists', 0.00016122968022679426
Topic #10,u'link', 0.00016122968022199281
Topic #10,u'term_antioxidant', 0.00016122908449415189
Topic #6,u'relative_claims', 0.00020370670782780402
Topic #6,u'chemical_reaction', 0.00016154334991266145
Topic #6,u'initiate', 0.00016154334991266145
Topic #6,u'excellent_source', 5.329855258759444e-05
Topic #6,u'beta', 1.579622111006851e-05
Topic #6,u'dietary_fiber', 1.4260366323026843e-05
Topic #6,u'food', 1.4239489852208339e-05
Topic #6,u'label', 1.4239430690536712e-05
Topic #6,u'labeling', 1.4239426500866742e-05
Topic #6,u'use', 1.4239394266197485e-05
Topic #2,u'source_claim', 5.3466620355182282e-05
Topic #2,u'high', 1.4261118141106753e-05
Topic #2,u'good', 1.4249100194087099e-05
Topic #2,u'claim', 1.4246197418631288e-05
Topic #2,u'largest', 1.4231341552148838e-05
Topic #2,u'inch', 1.4231341552148838e-05
Topic #2,u'require', 1.4231288038336287e-05
Topic #2,u'alternatively', 1.4231285979814989e-05
Topic #2,u'example', 1.4231285975690736e-05
Topic #2,u'asterisk', 1.4231285972888316e-05
