TopicNo,Topic Words,Probability Score
Topic #2,u'osteoporosis', 0.0086196223525825018
Topic #2,u'reduce', 0.007568113228623297
Topic #2,u'risk', 0.0061603186745524952
Topic #2,u'vitamin', 0.0017081919749470354
Topic #2,u'calcium', 0.0013838002878106188
Topic #2,u'adequate_calcium', 0.00099568692842860024
Topic #2,u'throughout_life', 0.00065117066830262034
Topic #2,u'intake', 0.00060870740080582993
Topic #2,u'adequate_intake', 0.0004339559967015662
Topic #2,u'model', 0.00042326608048404358
Topic #1,u'later', 0.0073288755658699207
Topic #1,u'life', 0.0073288755658505438
Topic #1,u'risk', 0.0015434434285317745
Topic #1,u'nature', 0.00016777817498865355
Topic #1,u'balance_diet', 0.00015945127958752697
Topic #1,u'develop_osteoporosis', 0.00011294937224950595
Topic #1,u'food', 0.00010756842943181496
Topic #1,u'essential', 7.4004182237756615e-05
Topic #1,u'expert_believe', 5.2735772268728529e-05
Topic #1,u'relate', 5.2735772213972863e-05
Topic #3,u'claim', 0.00090045638942333743
Topic #3,u'state', 0.00058467481788916252
Topic #3,u'physical_activity', 0.00040196298744745986
Topic #3,u'healthful_diet', 0.0003682971600903982
Topic #3,u'reduce_risk', 0.0003682127739989586
Topic #3,u'relationship', 0.00034655585843304082
Topic #3,u'adequate_calcium_intake', 0.0003386689345450668
Topic #3,u'high', 0.00024199020424823747
Topic #3,u'unite', 0.00023521722866463534
Topic #3,u'calcium', 0.00022327148933529419
Topic #4,u'appropriate', 0.00071650414484590857
Topic #4,u'usp', 0.0002040521608758352
Topic #4,u'post', 0.00016180579424684562
Topic #4,u'total', 0.0001484314790774279
Topic #4,u'dietary_supplement', 0.00010915990744964505
Topic #4,u'standard', 0.00010915990115103945
Topic #4,u'product_label', 0.00010915955582321868
Topic #4,u'exhibit', 0.00010915955582321868
Topic #4,u'condition', 0.00010915955582321868
Topic #4,u'exist', 0.00010915955582321868
Topic #9,u'health_claim', 0.00070592817643967123
Topic #9,u'model', 0.00018072971318926984
Topic #9,u'menopausal_woman', 0.00016201692610624832
Topic #9,u'met', 7.5396773229032175e-05
Topic #9,u'associate', 7.5365336121247569e-05
Topic #9,u'well', 1.5793868623114659e-05
Topic #9,u'use', 1.433425389283028e-05
Topic #9,u'describe', 1.433425196028942e-05
Topic #9,u'food_labeling', 1.433425196028942e-05
Topic #9,u'additional', 1.4308592992104524e-05
Topic #5,u'optimize', 0.00034900824133091911
Topic #5,u'adulthood', 0.00020131412568796296
Topic #5,u'early', 0.00020131412560998909
Topic #5,u'adolescence', 0.0002013141256076664
Topic #5,u'multifactorial', 7.5374459045436388e-05
Topic #5,u'bone_disease', 7.5374459045436388e-05
Topic #5,u'specific_requirements', 7.5374441929944395e-05
Topic #5,u'importance', 7.5367110649490098e-05
Topic #5,u'claim_make', 7.5367110649490098e-05
Topic #5,u'clear', 7.5367110649490098e-05
Topic #8,u'adequate', 0.0003040712181014232
Topic #8,u'maintain', 0.00025622675061553178
Topic #8,u'bone_mass', 0.0002410195884216502
Topic #8,u'bone_health', 0.00022256765607502887
Topic #8,u'peak', 0.00021452428798598338
Topic #8,u'people', 0.00020284504570658381
Topic #8,u'number', 0.00020284504570658381
Topic #8,u'phrase_build', 0.00016153461049305841
Topic #8,u'concept', 0.00016153461049305841
Topic #8,u'good', 0.00016153461049305841
Topic #6,u'requirement', 0.00026542863291780937
Topic #6,u'person', 0.00024045708756876018
Topic #6,u'men', 0.00022310697494356687
Topic #6,u'woman', 0.00015224184276176834
Topic #6,u'younger', 7.5367503503096596e-05
Topic #6,u'significant', 7.5367503503096596e-05
Topic #6,u'seen', 7.5367503503096596e-05
Topic #6,u'among', 7.5367503503096596e-05
Topic #6,u'effect', 7.5367503503096596e-05
Topic #6,u'protective', 7.5367503503096596e-05
Topic #10,u'national_center', 0.00010938342585515749
Topic #10,u'health_statistic', 0.00010938342585515749
Topic #10,u'current_information', 0.00010938342585515749
Topic #10,u'requirement_set_forth', 7.5452952667892228e-05
Topic #10,u'hence', 5.362597129666637e-05
Topic #10,u'reduce', 1.4232785316251029e-05
Topic #10,u'bone_mass', 1.423155208961861e-05
Topic #10,u'follows', 1.4231254574611003e-05
Topic #10,u'risk', 1.4231193659632714e-05
Topic #10,u'thought', 1.4230744029395697e-05
Topic #7,u'component', 0.00010937362586646828
Topic #7,u'disintegration', 0.00010937362586646828
Topic #7,u'calcium_salt', 0.00010937362586646828
Topic #7,u'dissolution_applicable', 0.00010937362586646828
Topic #7,u'standard', 0.00010937328094907319
Topic #7,u'osteoporosis', 1.4240033887353155e-05
Topic #7,u'balance_diet', 1.4225083027972322e-05
Topic #7,u'well', 1.4225079177894869e-05
Topic #7,u'post', 1.4225074319940363e-05
Topic #7,u'menopausal_woman', 1.4225074269679259e-05
