TopicNo,Topic Words,Probability Score
Topic #10,u'order', 0.0045140622634448893
Topic #10,u'fda', 0.0035429213656036356
Topic #10,u'hear', 0.0030543800779231334
Topic #10,u'regional_food', 0.0026423624381999803
Topic #10,u'drug_director', 0.0025039999857142921
Topic #10,u'shell_egg', 0.0024853320745079717
Topic #10,u'state', 0.0013933089572398193
Topic #10,u'appeal', 0.001348313686445419
Topic #10,u'statement', 0.0012086518883790171
Topic #10,u'day', 0.0011820650621847892
Topic #3,u'person', 0.0012771135620547581
Topic #3,u'paragraph', 0.00082108230986026689
Topic #3,u'accordance', 0.00078798792466117388
Topic #3,u'diversion', 0.00072961895995742932
Topic #3,u'destruction', 0.00072913042575564215
Topic #3,u'process', 0.00072307011077096502
Topic #3,u'possession', 0.00054288686511794648
Topic #3,u'ph_act', 0.00054111329584252872
Topic #3,u'epia', 0.00053272856079725054
Topic #3,u'inspection', 0.00045783292386979098
Topic #4,u'within', 0.0011328631343226897
Topic #4,u'sold', 0.00026307112332991874
Topic #4,u'product', 0.00026178061003145095
Topic #4,u'distribute', 0.00025469507208500847
Topic #4,u'one', 0.00017432470946143457
Topic #4,u'accomplish', 0.00014544692342513199
Topic #4,u'fruit', 0.00013530705665118354
Topic #4,u'vegetable', 0.00013530705665118354
Topic #4,u'eat', 0.00013510646303193196
Topic #4,u'cause_serious_illness', 0.00011373330629836496
Topic #5,u'destroy', 0.0010806592017587511
Topic #5,u'employee', 0.0009146333043136783
Topic #5,u'paragraph', 0.00088827692874239128
Topic #5,u'officer', 0.00063645272514493956
Topic #5,u'supervision', 0.00061268823821913389
Topic #5,u'food', 0.0004613045330267344
Topic #5,u'fda', 0.00040842505923260468
Topic #5,u'appropriate', 0.00040622333798457212
Topic #5,u'warn_statement_require', 0.00037056493070241237
Topic #5,u'consumer', 0.00032652974834831262
Topic #9,u'egg', 0.0010215135197687824
Topic #9,u'divert', 0.00077868411741054838
Topic #9,u'labeling', 0.00046854728451759789
Topic #9,u'necessary', 0.00039906006323959576
Topic #9,u'prevent', 0.00036564942481104713
Topic #9,u'relabeled', 0.00034707119950498882
Topic #9,u'direct', 0.00033097695259715721
Topic #9,u'later', 0.00030523164513552534
Topic #9,u'liquid', 0.00029401908718154987
Topic #9,u'whose', 0.00025333313976339493
Topic #7,u'include', 0.00068051098164810715
Topic #7,u'provide', 0.00036261974406289751
Topic #7,u'name', 0.00033561601592678816
Topic #7,u'accompany', 0.00023845244542482298
Topic #7,u'number', 0.00020473622741836931
Topic #7,u'follow_information', 0.00019992410881838852
Topic #7,u'form', 0.00017431162995253262
Topic #7,u'counsel', 0.00016051865211094232
Topic #7,u'except', 0.00016051717526458919
Topic #7,u'preside_officer', 0.00016051717526458919
Topic #8,u'notice', 0.00066783972031182444
Topic #8,u'product', 0.00044069089185494887
Topic #8,u'requirement', 0.00038020014758042653
Topic #8,u'act', 0.00035623576438900185
Topic #8,u'case', 0.00031556110922703037
Topic #8,u'bear', 0.00031200064251579116
Topic #8,u'whole', 0.00027668964848871942
Topic #8,u'follow', 0.00026140081412381346
Topic #8,u'pressurize_container', 0.00016867492183734374
Topic #8,u'service', 0.00016844226760698874
Topic #6,u'relabel', 0.00062442686806020767
Topic #6,u'applicable', 0.00049509349585278521
Topic #6,u'information', 0.00030615503001588259
Topic #6,u'view', 0.00030614940555338615
Topic #6,u'comment', 0.00030564248315818415
Topic #6,u'party', 0.00016748742481536997
Topic #6,u'made', 0.00016050872807391975
Topic #6,u'admissibility', 0.00016050859807631589
Topic #6,u'consider', 0.00016050859807631589
Topic #6,u'objection_relate', 0.00016050859807631589
Topic #1,u'write', 0.00046103612742142552
Topic #1,u'conspicuously', 0.00035137022894690006
Topic #1,u'appear_prominently', 0.00035137022682444079
Topic #1,u'information_panel', 0.00033402250836362415
Topic #1,u'display_panel', 0.0002951219912337236
Topic #1,u'principal', 0.00029512199119906794
Topic #1,u'render', 0.00022077872075373228
Topic #1,u'box', 0.00019560212170197336
Topic #1,u'set', 0.00019560212170197336
Topic #1,u'hairline', 0.00019560212170197336
Topic #2,u'without', 0.0004440866366097564
Topic #2,u'location', 0.00044108468959957065
Topic #2,u'require', 0.00040522672500069014
Topic #2,u'move', 0.00039984740074670074
Topic #2,u'another', 0.0003998446231063616
Topic #2,u'party', 0.00038263801493486777
Topic #2,u'made', 0.00028382419962235035
Topic #2,u'warn', 0.00026697174101548461
Topic #2,u'hold', 0.00025392288061474065
Topic #2,u'pending_appeal', 0.00025392288061474065
