TopicNo,Topic Words,Probability Score
Topic #3,u'provide', 0.0092739922461677667
Topic #3,u'require_information', 0.0083251567973640257
Topic #3,u'carton_bear', 0.0081831938497898531
Topic #3,u'master_container', 0.0081831938497898531
Topic #3,u'case', 0.00084304518359306062
Topic #3,u'remove', 0.00055898010956471325
Topic #3,u'practice', 0.00044786878342749646
Topic #3,u'identify', 0.0002470057820173265
Topic #3,u'one', 0.00023949144489765373
Topic #3,u'repacking', 0.00019635187533214684
Topic #4,u'deliver', 0.0088331418684067537
Topic #4,u'institutional_trade', 0.0084519453901897405
Topic #4,u'use', 0.00086595712247913717
Topic #4,u'statement', 0.00078144631407110407
Topic #4,u'make', 0.00033052713705666832
Topic #4,u'wrap', 0.0003019332001806835
Topic #4,u'fish', 0.0003019332001806835
Topic #4,u'fillet', 0.0003019332001806835
Topic #4,u'acidic_dress', 0.00019941026487939028
Topic #4,u'egg_product', 0.00017899015497388013
Topic #9,u'cheese', 0.0030693936422284446
Topic #9,u'act', 0.0018282067381121499
Topic #9,u'bear', 0.0013586217032607395
Topic #9,u'date', 0.0011911523850690357
Topic #9,u'exemption', 0.0010825719874847115
Topic #9,u'cure', 0.00095301157182464799
Topic #9,u'label', 0.0008507705277145198
Topic #9,u'food', 0.0007281234354436602
Topic #9,u'sale', 0.00072361300540535467
Topic #9,u'require', 0.00070337545901907818
Topic #7,u'food', 0.0016657029954924079
Topic #7,u'delivery', 0.0010611455080580191
Topic #7,u'establishment', 0.0010341915960812764
Topic #7,u'process', 0.00098469658876635768
Topic #7,u'shipment', 0.00096835993806787968
Topic #7,u'blank', 0.0008277969343090108
Topic #7,u'fill', 0.0008277969343090108
Topic #7,u'weight', 0.00073189848281428576
Topic #7,u'wrapper', 0.0007206537058247627
Topic #7,u'correct', 0.00059005040238971481
Topic #5,u'paragraph', 0.0010963959823902904
Topic #5,u'retail_establishment', 0.00040781535039819289
Topic #5,u'require_net', 0.00030791421482597055
Topic #5,u'construe', 0.00030791421482597055
Topic #5,u'nothing', 0.00030791421482597055
Topic #5,u'purpose', 0.0002813798071299956
Topic #5,u'name', 0.00027478507758295476
Topic #5,u'package', 0.00027002052111206761
Topic #5,u'met', 0.00022180069990583874
Topic #5,u'receive', 0.0002000530461549876
Topic #8,u'weigh', 0.00097056871958794446
Topic #8,u'time', 0.00072342527321308473
Topic #8,u'individual_packages', 0.00050462049663447367
Topic #8,u'movement', 0.00036879614379259449
Topic #8,u'introduction', 0.00036879614379259449
Topic #8,u'interstate_commerce', 0.0003668498358656705
Topic #8,u'sale_prior', 0.00030791871504306275
Topic #8,u'mark', 0.00030696548612737986
Topic #8,u'conspicuous_statement', 0.00026536738618950244
Topic #8,u'held', 0.00022181601623702979
Topic #6,u'wrapper', 0.00073837497135702615
Topic #6,u'container', 0.00063278382553878625
Topic #6,u'show', 0.00046344938688174013
Topic #6,u'immediate_container', 0.00045387362857334494
Topic #6,u'read', 0.00030666454931297716
Topic #6,u'view', 0.00017498264523207091
Topic #6,u'repacked', 0.00016956166940741617
Topic #6,u'content', 0.00013582574209188868
Topic #6,u'egg_product', 0.00012741978999080599
Topic #6,u'follow', 0.00010871828969086723
Topic #1,u'set_forth', 0.00055018038670820836
Topic #1,u'consumer_unit', 0.00045390885409874582
Topic #1,u'inspection', 0.00045369536379688259
Topic #1,u'available', 0.00032530514440247285
Topic #1,u'sign', 0.00026984086165554914
Topic #1,u'acidity', 0.00020347121336679002
Topic #1,u'counter_card', 0.0001751828742915293
Topic #1,u'state', 0.00014802701962274609
Topic #1,u'analysis', 0.00011427432486403481
Topic #1,u'chemist', 0.00011427432479323199
Topic #10,u'drug', 0.00034865199867822031
Topic #10,u'eye', 0.00016187016874489384
Topic #10,u'form', 0.00016187016874489384
Topic #10,u'frederick', 7.5338340289816984e-05
Topic #10,u'north', 7.5338340289816984e-05
Topic #10,u'ave', 7.5338340289816984e-05
Topic #10,u'process_aid', 5.3549835736516333e-05
Topic #10,u'marker', 1.4293836636587503e-05
Topic #10,u'repacking', 1.4289460334505865e-05
Topic #10,u'commissioner', 1.4275435036051374e-05
Topic #2,u'conspicuously', 0.00021478506633850318
Topic #2,u'prominently', 0.00021478506576421173
Topic #2,u'appropriate_device', 0.00017554400737591758
Topic #2,u'provision', 0.00017008299885690781
Topic #2,u'total', 0.00016164856975154796
Topic #2,u'net_weight', 0.00016164856975154796
Topic #2,u'container_bear', 0.00016164830236817696
Topic #2,u'colby_cheese', 0.00016164823720495736
Topic #2,u'granular_cheese', 0.00016164823720401586
Topic #2,u'master_carton', 0.00016164776172025814
