TopicNo,Topic Words,Probability Score
Topic #10,u'tuna', 0.0041590616292465294
Topic #10,u'iceberg_lettuce', 0.00010945573279079327
Topic #10,u'sweet_potato', 0.00010945573279072865
Topic #10,u'leaf_lettuce', 0.00010945573278879982
Topic #10,u'tomato', 0.00010945573278771609
Topic #10,u'orange', 7.5477468491510122e-05
Topic #10,u'asparagus', 7.5477468489809713e-05
Topic #10,u'apple', 5.3619721095106006e-05
Topic #10,u'california', 5.3619719883008838e-05
Topic #10,u'floundersole', 1.416456275120257e-05
Topic #6,u'frequently_consume', 0.00025051647824473656
Topic #6,u'halibut', 0.00016283841220824039
Topic #6,u'atlanticcohochinooksockeye', 0.00016283841220424443
Topic #6,u'floundersole', 0.00016283841220232509
Topic #6,u'raw_fish', 0.00010982945877053446
Topic #6,u'radish', 0.00010982942997835385
Topic #6,u'blue_crab', 0.00010982942997819709
Topic #6,u'raw_fruits', 9.3377627667537246e-05
Topic #6,u'raw_vegetable', 7.573517632103082e-05
Topic #6,u'peach', 7.5735159125844235e-05
Topic #8,u'salmon', 0.00016300023208833521
Topic #8,u'rainbow_trout', 0.00016300023207159998
Topic #8,u'kiwifruit', 5.3856252025957985e-05
Topic #8,u'tuna', 1.422720082960013e-05
Topic #8,u'atlanticcohochinooksockeye', 1.4227046577780645e-05
Topic #8,u'floundersole', 1.4227046576894813e-05
Topic #8,u'halibut', 1.4227046576758609e-05
Topic #8,u'swordfish', 1.4227046569680605e-05
Topic #8,u'oyster', 1.4227046568417846e-05
Topic #8,u'chumpink', 1.4227046565895953e-05
Topic #9,u'scallop', 0.00016299884301658777
Topic #9,u'green_cabbage', 0.00010993763553909905
Topic #9,u'broccoli', 7.5809774534392899e-05
Topic #9,u'banana', 5.3855793429270817e-05
Topic #9,u'tuna', 1.4227079622025095e-05
Topic #9,u'atlanticcohochinooksockeye', 1.4226925335271205e-05
Topic #9,u'floundersole', 1.4226925335123443e-05
Topic #9,u'halibut', 1.4226925334986807e-05
Topic #9,u'swordfish', 1.4226925327912459e-05
Topic #9,u'oyster', 1.4226925326421151e-05
Topic #7,u'chumpink', 0.00016297032830734127
Topic #7,u'onion', 0.0001099184032702136
Topic #7,u'clam', 0.00010991840326993245
Topic #7,u'plum', 7.5796512504574347e-05
Topic #7,u'unite', 5.3846383248033277e-05
Topic #7,u'state', 5.3846383207194024e-05
Topic #7,u'fish', 5.3846383031279822e-05
Topic #7,u'tuna', 1.4224590698346593e-05
Topic #7,u'atlanticcohochinooksockeye', 1.4224436504948335e-05
Topic #7,u'floundersole', 1.4224436502874344e-05
Topic #3,u'oyster', 0.0001629631692523281
Topic #3,u'green_onion', 0.00010991357469743373
Topic #3,u'mushroom', 0.00010991357469712572
Topic #3,u'cucumber', 7.5793182889108613e-05
Topic #3,u'carrot', 7.5793182888075653e-05
Topic #3,u'watermelon', 7.579318288793533e-05
Topic #3,u'honeydew_melon', 5.3844006519409485e-05
Topic #3,u'raw_fruits', 1.4238869042719136e-05
Topic #3,u'frequently_consume', 1.423885831718811e-05
Topic #3,u'tuna', 1.4223965806823645e-05
Topic #4,u'shrimp', 0.00016295681402284977
Topic #4,u'tilapia', 0.00016295681401854188
Topic #4,u'haddock', 0.00016295681400896363
Topic #4,u'sweet_corn', 0.00010990928829226939
Topic #4,u'pineapple', 7.5790227109566062e-05
Topic #4,u'tuna', 1.4223411148577956e-05
Topic #4,u'atlanticcohochinooksockeye', 1.4223256944849411e-05
Topic #4,u'floundersole', 1.4223256944817076e-05
Topic #4,u'halibut', 1.4223256944680474e-05
Topic #4,u'swordfish', 1.4223256937607654e-05
Topic #1,u'swordfish', 0.00016294668563267495
Topic #1,u'catfish', 0.00010990245700889842
Topic #1,u'potato', 0.00010990245700756674
Topic #1,u'celery', 7.5785516472829341e-05
Topic #1,u'bell_pepper', 7.5785516472522878e-05
Topic #1,u'cauliflower', 7.5785516471492601e-05
Topic #1,u'sweet_cherry', 7.5785516471304695e-05
Topic #1,u'lime', 5.3838559999356513e-05
Topic #1,u'avocado', 5.3838559921403827e-05
Topic #1,u'tuna', 1.4222527057342015e-05
Topic #2,u'cod', 0.00016293387220824203
Topic #2,u'rockfish', 0.00016293387220702075
Topic #2,u'orange_roughy', 0.00016293387219766878
Topic #2,u'snap', 0.00010989381474698158
Topic #2,u'pear', 7.5779556997476334e-05
Topic #2,u'tangerine', 7.5779556997431665e-05
Topic #2,u'lemon', 5.3834327667124607e-05
Topic #2,u'vegetable', 5.383432702495719e-05
Topic #2,u'tuna', 1.4221408612224827e-05
Topic #2,u'atlanticcohochinooksockeye', 1.4221254528653542e-05
Topic #5,u'ocean_perch', 0.00016293119256431993
Topic #5,u'pollock', 0.00016293119256404544
Topic #5,u'lobster', 0.00016293119255737009
Topic #5,u'bean', 0.00010989200743488346
Topic #5,u'summer_squash', 0.00010989200743466498
Topic #5,u'strawberry', 7.5778310742145399e-05
Topic #5,u'green', 7.5778310742033632e-05
Topic #5,u'tuna', 1.4221174733638704e-05
Topic #5,u'floundersole', 1.4221020642545992e-05
Topic #5,u'atlanticcohochinooksockeye', 1.4221020642527689e-05
