TopicNo,Topic Words,Probability Score
Topic #6,u'soluble_fiber', 0.0060839982089637874
Topic #6,u'paragraph', 0.0034205706299041952
Topic #6,u'heart_disease', 0.002633926517788954
Topic #6,u'claim', 0.0024310647009798806
Topic #6,u'cholesterol', 0.0022867752727924575
Topic #6,u'saturate_fat', 0.0022578172342426245
Topic #6,u'whole', 0.0020424687031187121
Topic #6,u'glucan', 0.0016805967630261641
Topic #6,u'include', 0.001669173812222068
Topic #6,u'low', 0.0015883254814226459
Topic #8,u'percent', 0.0026579293028508996
Topic #8,u'least', 0.0018795152651486355
Topic #8,u'ldl', 0.001488692536646721
Topic #8,u'contain', 0.00099235597383134228
Topic #8,u'state', 0.00086456546820619872
Topic #8,u'pkwy', 0.00064123602384409163
Topic #8,u'provides', 0.00055297088884325135
Topic #8,u'produce', 0.000517523410617695
Topic #8,u'total_dietary_fiber_content', 0.00049119561045206492
Topic #8,u'paint', 0.00048644248679645716
Topic #9,u'name', 0.0020800648671886073
Topic #9,u'food_product', 0.0015337463919346851
Topic #9,u'food', 0.0012547343302745616
Topic #9,u'beta', 0.0010425489808192231
Topic #9,u'health_claim', 0.00062710817924779914
Topic #9,u'customarily_consume', 0.00050726176722278135
Topic #9,u'reference_amount', 0.00050726176722278135
Topic #9,u'meet', 0.00049930214692379656
Topic #9,u'nutrient_content_requirement', 0.00049930214692379656
Topic #9,u'health', 0.00049930108309225428
Topic #1,u'per', 0.0014856264980840619
Topic #1,u'high', 0.0012898035554830356
Topic #1,u'day', 0.00069225040182514005
Topic #1,u'chd', 0.00057735991331070338
Topic #1,u'known', 0.00052323612698691084
Topic #1,u'usp', 0.00047704620606519075
Topic #1,u'describe', 0.00041294910587537229
Topic #1,u'blood_total', 0.00041152385487507769
Topic #1,u'insoluble_material', 0.00032530318007500117
Topic #1,u'removal', 0.00026985849423402636
Topic #10,u'dwb', 0.0013061452410858319
Topic #10,u'nara', 0.0011749537365451132
Topic #10,u'information', 0.0009089420128910522
Topic #10,u'psyllium_husk', 0.00078621455295758698
Topic #10,u'availability', 0.00066663426120039024
Topic #10,u'material', 0.00066663426120039024
Topic #10,u'www', 0.00066663416837408934
Topic #10,u'consistent', 0.00056241508727512997
Topic #10,u'section_and', 0.0004977462575192276
Topic #10,u'incorporate', 0.00048818273707212039
Topic #5,u'diet_low', 0.00087196916150708093
Topic #5,u'state', 0.00080893748456367697
Topic #5,u'cholesterol', 0.00076558324819341462
Topic #5,u'govfederal_registercode_of_federal_regulationsibr_locations', 0.00066973754542230942
Topic #5,u'archive', 0.00066973754541097246
Topic #5,u'claim', 0.00051693095745648386
Topic #5,u'consult', 0.00050070834047942741
Topic #5,u'treatment', 0.00050070834047942741
Topic #5,u'physician', 0.00050070834047942741
Topic #5,u'medical_advice', 0.00050070834047942741
Topic #2,u'separate', 0.00073538617654927019
Topic #2,u'html', 0.00066711652965050178
Topic #2,u'barley_meal', 0.00062264522391222428
Topic #2,u'provide', 0.00053976650350062683
Topic #2,u'sieve', 0.00052403353221597477
Topic #2,u'use', 0.0005115995525195098
Topic #2,u'dietary_guideline', 0.00049811042877975732
Topic #2,u'american', 0.00049811042877975732
Topic #2,u'cfr', 0.00048853594806682579
Topic #2,u'clean', 0.0004122451392034091
Topic #3,u'call', 0.00067373273516968806
Topic #3,u'management', 0.00032349828452467631
Topic #3,u'development', 0.00032345807507611535
Topic #3,u'print', 0.00025906851720411238
Topic #3,u'government', 0.00025906851720411238
Topic #3,u'office', 0.00025906851720411238
Topic #3,u'cigarette_smoke', 0.00025906822919472087
Topic #3,u'diabetes', 0.00025906822918794981
Topic #3,u'either', 0.00017934853930067697
Topic #3,u'chd', 0.00016155673066292885
Topic #4,u'http', 0.00067316141966329145
Topic #4,u'library', 0.00049295749839489808
Topic #4,u'nature', 0.00038766445457172149
Topic #4,u'agriculture', 0.00025884877175635359
Topic #4,u'department', 0.00025884711106314515
Topic #4,u'bear', 0.00025884120749602503
Topic #4,u'food_eligible', 0.00025884120749602503
Topic #4,u'suite', 0.00023551844453606135
Topic #4,u'barley_flour', 0.00021504543078709642
Topic #4,u'pearl_barley', 0.00021292636342575257
Topic #7,u'cholesterol_levels', 0.00057848386085581846
Topic #7,u'national_archive', 0.00052651647555771971
Topic #7,u'record_administration', 0.00052651647555771971
Topic #7,u'college_park', 0.00052599167868542401
Topic #7,u'dhhs', 0.00050111720091703185
Topic #7,u'desire', 0.00050021292839718616
Topic #7,u'usda', 0.00049419257605415833
Topic #7,u'soluble', 0.00048152139421408027
Topic #7,u'alpha', 0.00042642814357784576
Topic #7,u'dietary_fiber', 0.00042642221354256252
