TopicNo,Topic Words,Probability Score
Topic #1,u'eat', 0.0075975440738357859
Topic #1,u'cancer', 0.0019901885804522205
Topic #1,u'claim', 0.00075758959599760622
Topic #1,u'health', 0.000653950706510504
Topic #1,u'relationship', 0.0005475782582193855
Topic #1,u'fat', 0.00050593418347335249
Topic #1,u'state', 0.00031224693151428966
Topic #1,u'nutrition', 0.00030394195821641893
Topic #1,u'dietary_fat', 0.00030390285653719988
Topic #1,u'cigarette_smoke', 0.00029085068279788149
Topic #9,u'risk', 0.00063911880940092512
Topic #9,u'dhhs', 0.00030789220196318558
Topic #9,u'usda', 0.00029268861301708787
Topic #9,u'alcohol_consumption', 0.00020116209193123607
Topic #9,u'agriculture', 0.00016183713427758527
Topic #9,u'department', 0.00016183618074950014
Topic #9,u'environmental_risk_factor', 5.3526746434228435e-05
Topic #9,u'genetic', 5.3526746379431095e-05
Topic #9,u'affect', 5.3526632134201817e-05
Topic #9,u'healthful_diet_low', 1.4263136504029863e-05
Topic #8,u'development', 0.00053735190746483422
Topic #8,u'many', 0.00044262126053763647
Topic #8,u'factor', 0.00040339794216153531
Topic #8,u'cancer', 0.00031531052178933165
Topic #8,u'disease', 0.00029536764525952826
Topic #8,u'cancer_depends', 0.00025614941017125878
Topic #8,u'identify', 0.00025614713466066416
Topic #8,u'requirement', 0.00016985286602315717
Topic #8,u'information', 0.00016141845299753703
Topic #8,u'source', 0.00016141845299753703
Topic #3,u'fat', 0.00053478280829734445
Topic #3,u'health_claim', 0.00044148794187488663
Topic #3,u'associate', 0.00041621220969529439
Topic #3,u'total_fat', 0.0004161803908920049
Topic #3,u'high', 0.00035724549244048863
Topic #3,u'claim', 0.0003499876155380434
Topic #3,u'diet_low', 0.0003181879799837981
Topic #3,u'government', 0.00029119517366429237
Topic #3,u'office', 0.00029119517366429237
Topic #3,u'print', 0.00029119517366429237
Topic #4,u'dietary_guideline', 0.00037042390381751973
Topic #4,u'reduce', 0.00031776998209969288
Topic #4,u'american', 0.00030933883212043363
Topic #4,u'evidence', 0.00011459352897716968
Topic #4,u'deer', 0.00010913728086745041
Topic #4,u'energy', 7.528664202341193e-05
Topic #4,u'percent', 7.5285485577086022e-05
Topic #4,u'national_health_professional_organization', 7.528534844025314e-05
Topic #4,u'dietary_fat_intake', 7.528534844025314e-05
Topic #4,u'federal_government', 7.528534844025314e-05
Topic #10,u'type', 0.00029636752170308412
Topic #10,u'health_statistic', 0.00016197402266319527
Topic #10,u'national_center', 0.00016197402266319527
Topic #10,u'current_information', 0.00016197402266319527
Topic #10,u'total_fat_intake', 0.00011472507502751158
Topic #10,u'strongest', 5.3564382723136458e-05
Topic #10,u'found', 5.3564382578789955e-05
Topic #10,u'positive', 5.3564382429736205e-05
Topic #10,u'dhhs', 1.5795401869544654e-05
Topic #10,u'conclude', 1.5674074520402459e-05
Topic #6,u'dietary_factor', 0.00024062866086185355
Topic #6,u'obesity', 0.00020129500427946593
Topic #6,u'overweight', 0.00020129500406358984
Topic #6,u'nature', 0.0001092573379395172
Topic #6,u'provide', 0.00010925500077495929
Topic #6,u'quail', 0.0001092550007692439
Topic #6,u'food', 0.00010925445289259099
Topic #6,u'uncontrolled_growth', 5.3566553463273755e-05
Topic #6,u'characterize', 5.3566553428830895e-05
Topic #6,u'abnormal_cell', 5.3566553032093016e-05
Topic #5,u'cause_chemical', 0.00020142364530991718
Topic #5,u'specify', 0.00010932487274456931
Topic #5,u'nutrient', 0.00010932485324282951
Topic #5,u'fruit', 7.5414693524437863e-05
Topic #5,u'average', 7.5414693524396528e-05
Topic #5,u'usda', 1.4224735865117572e-05
Topic #5,u'dhhs', 1.4224733200462434e-05
Topic #5,u'food', 1.4224729530202751e-05
Topic #5,u'department', 1.4224729460067631e-05
Topic #5,u'nature', 1.4224729277413279e-05
Topic #2,u'fish', 0.00017042132057389561
Topic #2,u'grain_products', 0.00013649364705427375
Topic #2,u'game_meats', 0.00010926489212889293
Topic #2,u'except', 0.00010926489212889293
Topic #2,u'bison', 0.00010926485613382921
Topic #2,u'cut', 7.5373349404258712e-05
Topic #2,u'meat', 7.5373349404258712e-05
Topic #2,u'lean', 7.5373349404258712e-05
Topic #2,u'choose', 7.5373349404258712e-05
Topic #2,u'particularly', 7.537334743115123e-05
Topic #7,u'cancer_risk', 0.00015404644710626902
Topic #7,u'ostrich', 0.00010923824752465732
Topic #7,u'follow_term', 0.00010919848619378015
Topic #7,u'nature', 0.00010919601232890976
Topic #7,u'whether', 9.5835523177766768e-05
Topic #7,u'among', 9.2729389329330479e-05
Topic #7,u'association', 8.4211266721731057e-05
Topic #7,u'result', 6.472840673380997e-05
Topic #7,u'higher', 6.4727347122635098e-05
Topic #7,u'energy', 6.4727314918997108e-05
