TopicNo,Topic Words,Probability Score
Topic #2,u'woman', 0.0062050865375971971
Topic #2,u'risk', 0.0061303107269948176
Topic #2,u'reduce', 0.0057696050051481455
Topic #2,u'healthful_diet', 0.0055699505970961075
Topic #2,u'consume', 0.0055242798982129302
Topic #2,u'folate', 0.00076895196627828322
Topic #2,u'year', 0.00053566725226956166
Topic #2,u'childbearing', 0.00047677189909495004
Topic #2,u'claim', 0.00041390319413144217
Topic #2,u'fruit', 0.00040819914612067311
Topic #3,u'brain', 0.0059003435891933813
Topic #3,u'spinal_cord', 0.0059003435891593374
Topic #3,u'birth_defect', 0.0053465887916831984
Topic #3,u'available', 0.00021983156074308188
Topic #3,u'nephew', 0.00014642366985032082
Topic #3,u'carbamazepine', 0.00014642298605833625
Topic #3,u'seizure_disorder', 0.00014642298604734816
Topic #3,u'valproic_acid', 0.00014642298603692391
Topic #3,u'treat', 0.0001464229859912723
Topic #3,u'limitation', 0.00010763790963134688
Topic #6,u'adequate_folate', 0.0057849781159734891
Topic #6,u'folate_intake', 0.0051495680701583446
Topic #6,u'exceed', 0.0050899386463510929
Topic #6,u'defect', 0.002389256808036597
Topic #6,u'tube', 0.0022602586923482016
Topic #6,u'neural', 0.0021968945156430292
Topic #6,u'claim', 0.0011483898811094572
Topic #6,u'percent', 0.0010308869815330471
Topic #6,u'birth_defect', 0.00036898639374292885
Topic #6,u'risk_factor', 0.00029716175508425776
Topic #10,u'child', 0.0057442077296731824
Topic #10,u'fortify_cereal', 0.00059980234396710835
Topic #10,u'optional_information', 0.00025607927960436119
Topic #10,u'require_element', 0.00016135789288358301
Topic #10,u'example_contains', 0.00016135638189605428
Topic #10,u'plus', 0.00016135638189605428
Topic #10,u'dependent_diabetes_mellitus', 0.0001480626818209328
Topic #10,u'age', 0.00011428591227102422
Topic #10,u'calcium', 0.00010884276821380837
Topic #10,u'maternal', 9.2558197335503533e-05
Topic #9,u'mcg', 0.0056720517505800929
Topic #9,u'whole', 0.00060083542069581887
Topic #9,u'grain_products', 0.00060083542069581887
Topic #9,u'folic_acid', 0.00033173259834519381
Topic #9,u'legume', 0.00030680701943405824
Topic #9,u'approximately', 0.00023960888731370281
Topic #9,u'nature', 0.00016966504236981265
Topic #9,u'data_provide', 0.00016124398509552014
Topic #9,u'close_relative', 0.00014795756040327049
Topic #9,u'dissolution', 0.00010876702850871217
Topic #7,u'per', 0.0011444889312165136
Topic #7,u'folate', 0.0010776177564556682
Topic #7,u'model', 0.00074033794778924941
Topic #7,u'estimate', 0.000661852064704437
Topic #7,u'vitamin', 0.00057405536801227145
Topic #7,u'unit', 0.00054883947579625425
Topic #7,u'serve', 0.00054883947579625425
Topic #7,u'reduction', 0.00048988586504573927
Topic #7,u'relationship', 0.00048870246393654731
Topic #7,u'appropriate', 0.00045430711640397954
Topic #5,u'health_claim', 0.0010956777882014615
Topic #5,u'example', 0.00060259041813659584
Topic #5,u'general', 0.00043088739906666748
Topic #5,u'paragraph', 0.00041229443644784082
Topic #5,u'requirement', 0.00038566322368282612
Topic #5,u'meet', 0.00026481855553154443
Topic #5,u'specify', 0.00025670239519063687
Topic #5,u'made', 0.00023070731404147349
Topic #5,u'risk_reduction', 0.00022259052204858131
Topic #5,u'usp', 0.00020376578635213419
Topic #4,u'state', 0.0010806195555097241
Topic #4,u'dietary_supplement', 0.00088964064673904028
Topic #4,u'unite', 0.00049171442782197314
Topic #4,u'affect_birth', 0.00025654784416073587
Topic #4,u'base', 0.00024050820894618325
Topic #4,u'rice', 0.00016186446090199014
Topic #4,u'individual_woman', 0.00011388801359425336
Topic #4,u'experience', 0.00011388801359425336
Topic #4,u'reflect', 0.00011388801359425336
Topic #4,u'pharmacopeia', 0.00010914111173253381
Topic #1,u'include', 0.0010578434379639107
Topic #1,u'vegetable', 0.00075042514777369322
Topic #1,u'live_birth', 0.00052127980993969857
Topic #1,u'case', 0.00047000502215815461
Topic #1,u'annually', 0.00040902393780798909
Topic #1,u'green', 0.0003086716153030951
Topic #1,u'leafy', 0.0003086716153030951
Topic #1,u'dark', 0.0003086716153030951
Topic #1,u'among', 0.00029548649281619413
Topic #1,u'affect_pregnancy', 0.00024294217231169332
Topic #8,u'folate', 0.00076304663707163121
Topic #8,u'food', 0.0006159022671961956
Topic #8,u'provide', 0.0006020033629684121
Topic #8,u'population', 0.00055672503868059843
Topic #8,u'contain', 0.00049618538669343076
Topic #8,u'use', 0.00049567043662979008
Topic #8,u'source', 0.00046250543725856203
Topic #8,u'current_estimate', 0.00025642717989323642
Topic #8,u'fruit', 0.00019677002941322059
Topic #8,u'daily_value', 0.0001700059109605722
