TopicNo,Topic Words,Probability Score
Topic #6,u'ingredient', 0.00337381388822941
Topic #6,u'name', 0.0023713871494416769
Topic #6,u'andor', 0.002235788545960472
Topic #6,u'declare', 0.0019528477003425034
Topic #6,u'list', 0.0016956732080817877
Topic #6,u'food', 0.0015479766910003552
Topic #6,u'follow', 0.0015091494717383305
Topic #6,u'present', 0.0013631643251792933
Topic #6,u'include', 0.0013599786762395875
Topic #6,u'fat', 0.0013286335631332853
Topic #1,u'product', 0.0024897789532031885
Topic #1,u'ingredient_list', 0.0013955772178885573
Topic #1,u'nara', 0.00097620042976612989
Topic #1,u'manufacturer', 0.00092824909791814703
Topic #1,u'sometimes', 0.00083819928862253958
Topic #1,u'constant_pattern', 0.00077423609493479189
Topic #1,u'unable', 0.00077423609493479189
Topic #1,u'adhere', 0.00077423609493479189
Topic #1,u'dietary_supplement', 0.00057863620198145207
Topic #1,u'http', 0.00049597078157395343
Topic #5,u'usual_name', 0.0023294626562068853
Topic #5,u'common', 0.0016446828242379361
Topic #5,u'order', 0.0016022934185830414
Topic #5,u'descend', 0.0015637292446534371
Topic #5,u'predominance', 0.0015398086399447948
Topic #5,u'list', 0.0014222067100702345
Topic #5,u'individual', 0.0013095190281094903
Topic #5,u'parenthesis', 0.00082938842115306665
Topic #5,u'international_code', 0.0007297857187040218
Topic #5,u'botanical_nomenclature', 0.0007297857187040218
Topic #2,u'ingredient', 0.0015037284351259606
Topic #2,u'need', 0.0013928942217023353
Topic #2,u'contains', 0.0013138436852852319
Topic #2,u'label', 0.0011764080889193928
Topic #2,u'identify', 0.00093233365340618282
Topic #2,u'present', 0.00084103464811965489
Topic #2,u'word_indicate', 0.00077730183606879936
Topic #2,u'incorporate', 0.00056136449619192898
Topic #2,u'statement', 0.00053816874970506019
Topic #2,u'water', 0.00045757773932565145
Topic #3,u'except', 0.0013607821663557853
Topic #3,u'nutrition_label', 0.0011013099518326593
Topic #3,u'require', 0.00074287243878067824
Topic #3,u'algae', 0.00050003330865319479
Topic #3,u'call', 0.00049974488913476234
Topic #3,u'cfr', 0.00049665098733668372
Topic #3,u'standard', 0.00036197615342481476
Topic #3,u'dietary_ingredients', 0.000325713959573259
Topic #3,u'dietary_supplement', 0.00028348342010263964
Topic #3,u'include_fungi', 0.0002573663603651375
Topic #9,u'whole', 0.00076987467177311124
Topic #9,u'act', 0.0005338582511077017
Topic #9,u'wheat_flour', 0.00050813295540818508
Topic #9,u'branch', 0.00049950211071431085
Topic #9,u'paint', 0.00049950211071431085
Topic #9,u'pkwy', 0.00049950211071431085
Topic #9,u'apply_nutrition', 0.0004965187778681032
Topic #9,u'food_safety', 0.0004965187778681032
Topic #9,u'center', 0.0004965187778681032
Topic #9,u'examine', 0.0004965187778681032
Topic #8,u'reconstitute', 0.00076977033275552748
Topic #8,u'www', 0.00050210816876597377
Topic #8,u'college_park', 0.00050210816049964626
Topic #8,u'sweetcream_buttermilk', 0.00027182513377239296
Topic #8,u'plant_taxonomy', 0.00025858348994101576
Topic #8,u'publication', 0.00025858348994101576
Topic #8,u'international_association', 0.00025858348994101576
Topic #8,u'bulb', 0.00025858320315523287
Topic #8,u'silver_spring', 0.00025858320307907683
Topic #8,u'org', 0.0002585832030490067
Topic #10,u'specific_common', 0.00069515347280916454
Topic #10,u'oil_ingredient', 0.00038092934253944766
Topic #10,u'leaven', 0.0002149876656438561
Topic #10,u'individual_fat', 0.0001794931519892144
Topic #10,u'cod', 0.00017130017288138717
Topic #10,u'fill', 0.00014331907996858217
Topic #10,u'usual_name', 0.00012166650537768207
Topic #10,u'hydrogenate', 0.00011492003686341452
Topic #10,u'calcium_carbonate', 0.00011491996584546867
Topic #10,u'vegetable_oil', 0.00011491545518106377
Topic #4,u'term', 0.00053670549790991258
Topic #4,u'archive', 0.00049608122391037559
Topic #4,u'precede', 0.000271328779797641
Topic #4,u'egg_white', 0.00026686413899313624
Topic #4,u'partially_hydrogenate', 0.00025992565170828113
Topic #4,u'name_standardize', 0.00025859272246867135
Topic #4,u'consistent', 0.00025859272246867135
Topic #4,u'commerce', 0.00025859243743581813
Topic #4,u'herb', 0.00025859243743581813
Topic #4,u'konigstein', 0.00025859240918893608
Topic #7,u'edition', 0.00046041515265212579
Topic #7,u'tokyo_code', 0.00025955695777981984
Topic #7,u'flavor', 0.00017150155489950407
Topic #7,u'source', 0.000171496135219173
Topic #7,u'percentage_declaration', 0.00017147726494804859
Topic #7,u'nearest', 0.00017147726494804859
Topic #7,u'cream', 0.00014352273621935006
Topic #7,u'ammonium_sulfate', 0.00011505506542169402
Topic #7,u'whey', 7.8863355078064059e-05
Topic #7,u'nonfat', 7.8863070564645063e-05
