TopicNo,Topic Words,Probability Score
Topic #9,u'management', 0.0033133483106837459
Topic #9,u'state', 0.00095797943855816881
Topic #9,u'chd', 0.00048269343463488209
Topic #9,u'health', 0.00029805104984807242
Topic #9,u'nutrition', 0.00029804331519190427
Topic #9,u'provide', 0.00026564780909952098
Topic #9,u'people', 0.00026264928704269734
Topic #9,u'unite', 0.00026264928647724129
Topic #9,u'major', 0.00023718446391338485
Topic #9,u'become', 0.00020297927103101496
Topic #4,u'office', 0.0032780507163330812
Topic #4,u'recordkeeping_requirement', 0.0023917735115288907
Topic #4,u'effective', 0.0023917735115288907
Topic #4,u'contains_information_collection', 0.0023917735115288907
Topic #4,u'approval', 0.0023917735115288907
Topic #4,u'become', 0.0023917735115288907
Topic #4,u'budget', 0.0023917735115288907
Topic #4,u'health_claim', 0.00040718154441046154
Topic #4,u'model', 0.00017539434937058267
Topic #4,u'government', 0.00016069296614969452
Topic #8,u'paragraph', 0.0032496184225759657
Topic #8,u'soy_protein', 0.0022594396853941796
Topic #8,u'cholesterol', 0.0018417121353647857
Topic #8,u'saturate_fat', 0.0016461786780170814
Topic #8,u'claim', 0.0015742748119113689
Topic #8,u'heart_disease', 0.0013664298656947947
Topic #8,u'low', 0.00097091520500529023
Topic #8,u'include', 0.00086819698070062488
Topic #8,u'diet', 0.00080036699698511377
Topic #8,u'risk', 0.00074919866657365886
Topic #6,u'given', 0.0032223165859339895
Topic #6,u'become', 0.00057155958510430617
Topic #6,u'approval', 0.00057155958510430617
Topic #6,u'effective', 0.00057155958510430617
Topic #6,u'contains_information_collection', 0.00057155958510430617
Topic #6,u'recordkeeping_requirement', 0.00057155958510430617
Topic #6,u'budget', 0.00057155958510430617
Topic #6,u'fda', 0.00026599017762604367
Topic #6,u'use', 0.00025745364566797356
Topic #6,u'analysis', 0.00023201542873986164
Topic #2,u'ldl', 0.00087799854314187355
Topic #2,u'diet_low', 0.00056176375873317195
Topic #2,u'blood_total', 0.00048313038510703748
Topic #2,u'cholesterol_levels', 0.00040506556008724457
Topic #2,u'high', 0.0003533861760057799
Topic #2,u'associate', 0.00027821887534467218
Topic #2,u'elevate_blood_total', 0.00025870252786425001
Topic #2,u'describe', 0.00022448216166481654
Topic #2,u'normal', 0.00016297412072202846
Topic #2,u'claim_defines', 0.00016297412072202846
Topic #5,u'food', 0.00068851038567402801
Topic #5,u'reduce', 0.00051456566021142571
Topic #5,u'name', 0.00031190040241321066
Topic #5,u'gpo', 0.00031190029209846346
Topic #5,u'addition', 0.00024540052673157199
Topic #5,u'meet', 0.00019425681360971009
Topic #5,u'department', 0.00016310195393680346
Topic #5,u'human_service', 0.00016310091259052686
Topic #5,u'health', 0.00016309887325712501
Topic #5,u'mgdl', 0.00013302501732802863
Topic #10,u'one', 0.00042177329354861777
Topic #10,u'dietary_guideline', 0.00031185020874895081
Topic #10,u'american', 0.00031185020874895081
Topic #10,u'whole', 0.00020437145014259902
Topic #10,u'contains', 0.00020437145014259902
Topic #10,u'derive', 0.00020437145014259902
Topic #10,u'soybean', 0.00020437145014259902
Topic #10,u'fat', 0.00017157453881581935
Topic #10,u'national_institutes', 0.00016307465333899104
Topic #10,u'health', 0.00016306760353666089
Topic #1,u'dhhs', 0.00031279589852372021
Topic #1,u'usda', 0.00029594339683979649
Topic #1,u'effective_date_note', 0.00016356915305925195
Topic #1,u'density_lipoprotein', 5.3978632638136238e-05
Topic #1,u'blood_total_cholesterol', 5.3977957483392067e-05
Topic #1,u'high', 1.4242547458251424e-05
Topic #1,u'low', 1.423759201941229e-05
Topic #1,u'gpo', 1.4220333256604556e-05
Topic #1,u'become', 1.4220330758175497e-05
Topic #1,u'effective', 1.4220330758175497e-05
Topic #3,u'nature', 0.00023387778326735236
Topic #3,u'add', 0.00016360693536876704
Topic #3,u'food_eligible', 0.00011031637555831023
Topic #3,u'bear', 0.00011031637555831023
Topic #3,u'usda', 3.120217252610838e-05
Topic #3,u'claim', 1.4416300953918686e-05
Topic #3,u'substance', 1.4231752860201948e-05
Topic #3,u'gpo', 1.4223617956994458e-05
Topic #3,u'become', 1.4223615471094431e-05
Topic #3,u'budget', 1.4223615471094431e-05
Topic #7,u'current_information', 0.00016346950066062493
Topic #7,u'national_center', 0.00016346950066062493
Topic #7,u'health_statistic', 0.00016346950066062493
Topic #7,u'specify', 0.00013778394894843241
Topic #7,u'substance', 0.00013777150784399333
Topic #7,u'excess', 0.00011023497487540741
Topic #7,u'physical_inactivity', 0.00011023494633909189
Topic #7,u'cigarette_smoke', 0.00011023494633788737
Topic #7,u'body_weight', 0.00011023381925726861
Topic #7,u'low_fat', 0.00011018754481518643
