TopicNo,Topic Words,Probability Score
Topic #2,u'preclude', 0.0034732966296102032
Topic #2,u'food', 0.0011818594851680242
Topic #2,u'refrigerate', 0.00099458281456024753
Topic #2,u'frozen', 0.00029924991895557507
Topic #2,u'label', 0.00028837211230889131
Topic #2,u'labeling', 0.00028837211177997526
Topic #2,u'use', 0.00027085027911653321
Topic #2,u'provision', 0.00026239039027104122
Topic #2,u'describe', 0.00020967123037244674
Topic #2,u'freeze', 0.00020328968100723679
Topic #8,u'fresh', 0.0034401699402316988
Topic #8,u'refrigerate', 0.0011411987330067228
Topic #8,u'food', 0.00021336501602862453
Topic #8,u'term', 0.00021054912946092945
Topic #8,u'unprocessed', 0.00017649840848522389
Topic #8,u'kilogray', 0.00016252321401370509
Topic #8,u'maximum_dose', 0.00016252321401370509
Topic #8,u'treatment', 0.00016252321401370509
Topic #8,u'accordance', 0.00016252321401370509
Topic #8,u'raw_food', 0.00016252321401370509
Topic #3,u'provide', 0.0033397124321212892
Topic #3,u'refrigerate', 0.0011323472718654511
Topic #3,u'paragraph', 0.00045980558457165777
Topic #3,u'term_fresh', 0.00038637461041839886
Topic #3,u'subject', 0.00033343964362432776
Topic #3,u'food_meet', 0.00016254756798421695
Topic #3,u'definition', 0.00016254756798421695
Topic #3,u'pasteurize', 0.00013697649142242868
Topic #3,u'except', 0.00010961524976812864
Topic #3,u'ingredient', 7.5554638732080914e-05
Topic #9,u'mild', 0.0003124970164019183
Topic #9,u'wash', 0.0003124970164019183
Topic #9,u'acid', 0.00016335199818868069
Topic #9,u'application', 0.00016335199818868069
Topic #9,u'produce', 0.00016335199818868069
Topic #9,u'chlorine', 0.00016335199818868069
Topic #9,u'approve_pesticide', 0.00016335197382732667
Topic #9,u'harvest', 0.00016335197382732667
Topic #9,u'frozen_fresh', 0.00014987850612312563
Topic #9,u'include', 5.3935233637995965e-05
Topic #7,u'addition', 0.00016352990461559479
Topic #7,u'approve_wax', 0.00016352990461559479
Topic #7,u'coating', 0.00016352990461559479
Topic #7,u'post', 0.0001635298468876896
Topic #7,u'drug', 7.6026965539584951e-05
Topic #7,u'refrigerate', 1.4222486664548753e-05
Topic #7,u'sub', 1.4222462698120529e-05
Topic #7,u'freeze', 1.4222461766521781e-05
Topic #7,u'regulation', 1.4222461522182832e-05
Topic #7,u'govern', 1.4222461522182832e-05
Topic #10,u'quickly_frozen', 0.00011028261620068314
Topic #10,u'blast', 0.00011028243657329147
Topic #10,u'freeze_system', 0.00011028243657329147
Topic #10,u'sub', 0.00011028239536956724
Topic #10,u'mean', 0.00011028238189896998
Topic #10,u'frozen', 0.00011027795927568032
Topic #10,u'freshly_frozen', 5.3996284686473488e-05
Topic #10,u'refrigerate', 1.4223097348445576e-05
Topic #10,u'post', 1.4223076590785964e-05
Topic #10,u'freeze', 1.4223072447261331e-05
Topic #4,u'act', 7.6072326600289496e-05
Topic #4,u'freeze', 1.517270797244027e-05
Topic #4,u'refrigerate', 1.4230972459028516e-05
Topic #4,u'post', 1.423095167947624e-05
Topic #4,u'sub', 1.4230948449782466e-05
Topic #4,u'regulation', 1.4230947274083829e-05
Topic #4,u'govern', 1.4230947274083829e-05
Topic #4,u'restriction', 1.4230946598109677e-05
Topic #4,u'approve_pesticide', 1.423094655421946e-05
Topic #4,u'harvest', 1.423094655421946e-05
Topic #5,u'milk', 7.6033524576007993e-05
Topic #5,u'always', 7.6033460650638818e-05
Topic #5,u'commonly', 7.6033460650638818e-05
Topic #5,u'consumer', 7.6033460650638818e-05
Topic #5,u'understand', 7.6033460650638818e-05
Topic #5,u'nearly', 7.6033460650638818e-05
Topic #5,u'cosmetic_act', 7.6033434783679405e-05
Topic #5,u'pasteurize', 7.6032427237381656e-05
Topic #5,u'expressly', 5.3957494830690778e-05
Topic #5,u'implicitly_refers', 5.3957494384398158e-05
Topic #6,u'refrigerate', 1.4231865987586578e-05
Topic #6,u'post', 1.4231845202731733e-05
Topic #6,u'sub', 1.4231841971355388e-05
Topic #6,u'freeze', 1.4231841038672499e-05
Topic #6,u'govern', 1.4231840793948921e-05
Topic #6,u'regulation', 1.4231840793948921e-05
Topic #6,u'restriction', 1.4231840119073153e-05
Topic #6,u'approve_pesticide', 1.4231840075173438e-05
Topic #6,u'harvest', 1.4231840075173438e-05
Topic #6,u'federal_food', 1.4231839826746422e-05
Topic #1,u'refrigerate', 1.4231865987585218e-05
Topic #1,u'post', 1.4231845202832837e-05
Topic #1,u'sub', 1.4231841971351665e-05
Topic #1,u'freeze', 1.423184103866883e-05
Topic #1,u'govern', 1.4231840793939773e-05
Topic #1,u'regulation', 1.4231840793939773e-05
Topic #1,u'restriction', 1.4231840119064114e-05
Topic #1,u'approve_pesticide', 1.4231840075169774e-05
Topic #1,u'harvest', 1.4231840075169774e-05
Topic #1,u'federal_food', 1.4231839826798963e-05
