TopicNo,Topic Words,Probability Score
Topic #3,u'food', 0.013837211235218557
Topic #3,u'mislead', 0.001726876774871949
Topic #3,u'otherwise_false', 0.001726876774871949
Topic #3,u'statement_refers', 0.001726876774871949
Topic #3,u'taste', 0.001726876774871949
Topic #3,u'label', 0.0011199405274159668
Topic #3,u'paragraph', 0.00087619422057722809
Topic #3,u'sodium_content', 0.000662551857982929
Topic #3,u'claim', 0.0006555605279552453
Topic #3,u'labeling', 0.00062774915962220525
Topic #10,u'provide', 0.011918411001919219
Topic #10,u'taste', 0.009732339750379182
Topic #10,u'otherwise_false', 0.009732339750379182
Topic #10,u'mislead', 0.009732339750379182
Topic #10,u'statement_refers', 0.009732339750379182
Topic #10,u'sodium', 0.0026112430890326433
Topic #10,u'per', 0.0017986992211175389
Topic #10,u'reference_food', 0.00083095778743914016
Topic #10,u'reference_amount', 0.00071074130516468744
Topic #10,u'customarily_consume', 0.00071074130502663229
Topic #1,u'define', 0.0012978737294649641
Topic #1,u'nutrition_label', 0.00054944061199029416
Topic #1,u'meal_products', 0.00051090861764061305
Topic #1,u'except', 0.00045009458652128554
Topic #1,u'information_panel', 0.00040254125271576842
Topic #1,u'reference', 0.00016104064590093237
Topic #1,u'salt_content', 0.00016104064590093237
Topic #1,u'unsalted', 0.00016103935948153821
Topic #1,u'little_sodium', 7.4995320594576842e-05
Topic #1,u'present', 5.3293392401536048e-05
Topic #6,u'product', 0.00087477219139127653
Topic #6,u'main_dish', 0.00057224722856432633
Topic #6,u'low_sodium', 0.00034737032282053078
Topic #6,u'sodium_free_food', 0.00020041559340596156
Topic #6,u'control', 0.00015914340282483674
Topic #6,u'diet', 0.00015914340282483674
Topic #6,u'appears', 0.00015914340282483674
Topic #6,u'food_bear', 0.00015914340282483674
Topic #6,u'adjacent', 0.00015914340282483674
Topic #6,u'meal_product', 5.3362818769053257e-05
Topic #5,u'use', 0.00084289963180820052
Topic #5,u'without', 0.00054942498028962982
Topic #5,u'labeling', 0.00054263670633350502
Topic #5,u'label', 0.00042356097434032361
Topic #5,u'benefit', 0.00036358761778542542
Topic #5,u'condition', 0.00036358761769481523
Topic #5,u'special_process', 0.00036358761766591452
Topic #5,u'food_meet', 0.00020842154086303386
Topic #5,u'product_meet', 0.00016932867409660953
Topic #5,u'add_salt', 0.00016092226073932515
Topic #9,u'formulation', 0.00036516060600080467
Topic #9,u'term_unsalted', 0.00016161841532552938
Topic #9,u'potato', 7.5236573802241503e-05
Topic #9,u'unsalted', 1.4283646872317454e-05
Topic #9,u'reference', 1.428364531354667e-05
Topic #9,u'salt_content', 1.428364531354667e-05
Topic #9,u'sodium_content', 1.4253712953333032e-05
Topic #9,u'claim', 1.4253710644222071e-05
Topic #9,u'food', 1.423879407211773e-05
Topic #9,u'sodium', 1.423879350429206e-05
Topic #7,u'alteration', 0.00036459352544213519
Topic #7,u'relative_claims', 0.00025604485474819429
Topic #7,u'unsalted', 0.00016136878866601057
Topic #7,u'food_intend', 0.00016136749795096918
Topic #7,u'age', 0.00016136749795096918
Topic #7,u'specifically', 0.00016136749795096918
Topic #7,u'child', 0.00016136749795096918
Topic #7,u'year', 0.00016136749795096918
Topic #7,u'factual_statement', 0.00016136749795096918
Topic #7,u'infant', 0.00016136749795096918
Topic #8,u'add', 0.0002788754137621897
Topic #8,u'nutrition_label', 0.0002559804087523802
Topic #8,u'declare_adjacent', 0.00025597777857128156
Topic #8,u'prominent_claim', 0.00025597777857128156
Topic #8,u'free', 0.00020042660206454676
Topic #8,u'potentially_mislead', 0.00016132518407406082
Topic #8,u'salt_add', 0.00016132430943492941
Topic #8,u'process', 0.00014857391819874971
Topic #8,u'criterion_refers', 0.00013545843520106093
Topic #8,u'prepare_form', 0.00013545843520106093
Topic #2,u'fraction', 0.00025650019896414404
Topic #2,u'sodium_reduce', 0.00010907274671072806
Topic #2,u'otherwise_false', 1.4227099314077554e-05
Topic #2,u'statement_refers', 1.4227099314077554e-05
Topic #2,u'mislead', 1.4227099314077554e-05
Topic #2,u'taste', 1.4227099314077554e-05
Topic #2,u'statement', 1.4227047571352678e-05
Topic #2,u'term_unsalted', 1.4227047358370405e-05
Topic #2,u'lower_sodium', 1.4227044312410001e-05
Topic #2,u'fresh_spinach', 1.4227044156921312e-05
Topic #4,u'identity', 0.0002563632893584786
Topic #4,u'sodium_chloride', 0.00020083723510473349
Topic #4,u'salt_refers', 0.00016158377830886343
Topic #4,u'contain_sodium', 5.3471603762744387e-05
Topic #4,u'consumer', 5.3471603697844492e-05
Topic #4,u'generally', 5.3471603695192188e-05
Topic #4,u'understood', 5.3471603540348649e-05
Topic #4,u'ingredient', 5.3470783606595621e-05
Topic #4,u'reference_food', 1.5013028777101858e-05
Topic #4,u'percent', 1.4975150467703604e-05
