TopicNo,Topic Words,Probability Score
Topic #8,u'product', 0.0024714112897692804
Topic #8,u'manufacture', 0.0015467807018480673
Topic #8,u'manufacturer', 0.0014639061655912502
Topic #8,u'provide', 0.0013041905478907718
Topic #8,u'center', 0.0012985237836156103
Topic #8,u'radiological_health', 0.0012985237836156103
Topic #8,u'device', 0.0012985237836156103
Topic #8,u'director', 0.0012639515858617568
Topic #8,u'name', 0.0012032977403296096
Topic #8,u'individual', 0.0011407035486684714
Topic #2,u'identification', 0.00036746927804318926
Topic #2,u'case', 1.4287675474199205e-05
Topic #2,u'affix', 1.4287675474199205e-05
Topic #2,u'labeling', 1.4287675474199205e-05
Topic #2,u'accordance', 1.4287675474199205e-05
Topic #2,u'feasible', 1.4287675474199205e-05
Topic #2,u'approve', 1.4257165704858115e-05
Topic #2,u'alternate_mean', 1.4257165704858115e-05
Topic #2,u'paragraph', 1.4227168422789574e-05
Topic #2,u'radiological_health', 1.4226911404388279e-05
Topic #10,u'abbreviation', 0.00022056273936329018
Topic #10,u'without', 0.00011451197740983514
Topic #10,u'foreign', 5.5745552987657803e-05
Topic #10,u'equivalent', 5.5745552974559198e-05
Topic #10,u'except', 5.5745552888294056e-05
Topic #10,u'authorize', 5.5745552749202362e-05
Topic #10,u'paragraph', 1.4294663467046968e-05
Topic #10,u'inc', 1.4225111324463088e-05
Topic #10,u'upon', 1.422511034885892e-05
Topic #10,u'application', 1.422511034885892e-05
Topic #3,u'follows', 0.00017011099791645369
Topic #3,u'digit', 0.00017011099791645369
Topic #3,u'number', 0.00017011099791645369
Topic #3,u'year', 1.4298781911706841e-05
Topic #3,u'month', 1.4298779921766742e-05
Topic #3,u'place', 1.4298779099314976e-05
Topic #3,u'manufacture', 1.4298771447019761e-05
Topic #3,u'inc', 1.4225179986637978e-05
Topic #3,u'insert_month', 1.422517900450435e-05
Topic #3,u'upon', 1.4225179003526913e-05
Topic #6,u'four', 0.00011451965571091881
Topic #6,u'shown', 0.00011451965571091881
Topic #6,u'inc', 7.8768197089132397e-05
Topic #6,u'year', 2.0953563222602147e-05
Topic #6,u'application', 1.4227969904886606e-05
Topic #6,u'upon', 1.4227969904886606e-05
Topic #6,u'insert_month', 1.422796990485989e-05
Topic #6,u'follows', 1.4227969872838187e-05
Topic #6,u'digit', 1.4227969872838187e-05
Topic #6,u'number', 1.4227969872838187e-05
Topic #7,u'key', 0.00011447107118080228
Topic #7,u'code', 0.00011447107118080228
Topic #7,u'radiological_health', 1.4312635394693384e-05
Topic #7,u'device', 1.4312635394693384e-05
Topic #7,u'center', 1.4312635394693384e-05
Topic #7,u'inc', 1.4228982972028731e-05
Topic #7,u'application', 1.4228981987922997e-05
Topic #7,u'upon', 1.4228981987922997e-05
Topic #7,u'insert_month', 1.4228981986160088e-05
Topic #7,u'follows', 1.4228981955878011e-05
Topic #9,u'foreign_equivalent', 7.8763661246406404e-05
Topic #9,u'middle_initial', 7.8763661246406404e-05
Topic #9,u'use', 7.8763661246406404e-05
Topic #9,u'first', 7.8763661246406404e-05
Topic #9,u'individual', 1.4293300515848926e-05
Topic #9,u'inc', 1.422816503985907e-05
Topic #9,u'application', 1.4228164056979749e-05
Topic #9,u'upon', 1.4228164056979749e-05
Topic #9,u'insert_month', 1.422816405521601e-05
Topic #9,u'follows', 1.4228164024927844e-05
Topic #1,u'inc', 1.4231839802687533e-05
Topic #1,u'application', 1.4231838821071652e-05
Topic #1,u'upon', 1.4231838821071652e-05
Topic #1,u'insert_month', 1.4231838819301655e-05
Topic #1,u'follows', 1.423183878909266e-05
Topic #1,u'digit', 1.423183878909266e-05
Topic #1,u'number', 1.423183878909266e-05
Topic #1,u'without', 1.4231838785442982e-05
Topic #1,u'year', 1.4231838711619752e-05
Topic #1,u'together', 1.4231838275931962e-05
Topic #5,u'inc', 1.4231839802637157e-05
Topic #5,u'application', 1.4231838821074266e-05
Topic #5,u'upon', 1.4231838821074266e-05
Topic #5,u'insert_month', 1.4231838819305378e-05
Topic #5,u'follows', 1.4231838788989364e-05
Topic #5,u'digit', 1.4231838788989364e-05
Topic #5,u'number', 1.4231838788989364e-05
Topic #5,u'without', 1.4231838785453234e-05
Topic #5,u'year', 1.4231838711616628e-05
Topic #5,u'apply', 1.4231838275936104e-05
Topic #4,u'inc', 1.423183980263602e-05
Topic #4,u'application', 1.423183882107165e-05
Topic #4,u'upon', 1.423183882107165e-05
Topic #4,u'insert_month', 1.4231838819304223e-05
Topic #4,u'follows', 1.4231838788988209e-05
Topic #4,u'digit', 1.4231838788988209e-05
Topic #4,u'number', 1.4231838788988209e-05
Topic #4,u'without', 1.4231838785444338e-05
Topic #4,u'year', 1.4231838711615476e-05
Topic #4,u'together', 1.4231838275934569e-05
