TopicNo,Topic Words,Probability Score
Topic #7,u'variance', 0.0055011282360134849
Topic #7,u'effective_date', 0.0023156484730637826
Topic #7,u'provision', 0.0022067755715725755
Topic #7,u'include', 0.00035883984121778869
Topic #7,u'director_determines', 0.00035031253691293526
Topic #7,u'necessary', 0.00031006258734224483
Topic #7,u'approve', 0.00025787631939195812
Topic #7,u'subchapter', 0.00024147076144405793
Topic #7,u'grant', 0.00024146972921857914
Topic #7,u'follow_information', 0.00017089047845423366
Topic #8,u'number', 0.0026422806597863643
Topic #8,u'assign', 0.0023344934119800807
Topic #8,u'variance', 0.00080926422294842878
Topic #8,u'unit', 0.00028751413225764239
Topic #8,u'effect', 0.00017228763546484437
Topic #8,u'identify', 0.00016373315421175385
Topic #8,u'similar_limitation', 0.00016358681918078545
Topic #8,u'use', 0.00011037440517459728
Topic #8,u'clinical_investigation_involve', 0.00011037440517459728
Topic #8,u'human_subjects', 0.00011037440517459728
Topic #10,u'product', 0.0026264561829022061
Topic #10,u'conformity', 0.0023205138473331994
Topic #10,u'requirement', 0.00059052532336133397
Topic #10,u'applicable_standard', 0.00036509261089942726
Topic #10,u'compliance', 0.00036261349731324117
Topic #10,u'request_variance', 0.00035106419852765926
Topic #10,u'amendment', 0.0003258806246176488
Topic #10,u'state', 0.00031134177336530845
Topic #10,u'conduct', 0.00030105604746493748
Topic #10,u'set_forth', 0.00030105604745977039
Topic #5,u'application', 0.0010738519426064708
Topic #5,u'applicant', 0.00046222311757850541
Topic #5,u'action', 0.00045372586591341105
Topic #5,u'radiological_health', 0.00039618673733517017
Topic #5,u'device', 0.00039618673730042062
Topic #5,u'center', 0.0003961867371216643
Topic #5,u'become', 0.00031329518653777909
Topic #5,u'except', 0.00030117839861030019
Topic #5,u'appropriate', 0.00026558437714027276
Topic #5,u'act', 0.00026005122969693061
Topic #9,u'amendment', 0.00067961611128724772
Topic #9,u'extension_thereof', 0.00037733955059912177
Topic #9,u'extension', 0.00020766249272494299
Topic #9,u'correspondence', 0.00016457206466268971
Topic #9,u'basis', 0.0001109901633846889
Topic #9,u'extension_request', 0.0001109901633846889
Topic #9,u'submit', 7.6438354782148784e-05
Topic #9,u'promulgation', 5.4271919839308661e-05
Topic #9,u'sufficient_time', 5.427191956499019e-05
Topic #9,u'determination', 5.4267219985682564e-05
Topic #2,u'director', 0.00054907030329248339
Topic #2,u'whole', 0.00016475182775866127
Topic #2,u'information_require', 0.00011106114402575532
Topic #2,u'regulation', 0.00011105705632549999
Topic #2,u'prototype', 7.652837926095307e-05
Topic #2,u'experimental_equipment', 7.652837926095307e-05
Topic #2,u'case', 7.652837926095307e-05
Topic #2,u'hfa', 7.6528357852105488e-05
Topic #2,u'propose_location', 7.6494664075381236e-05
Topic #2,u'write', 1.4290496045650795e-05
Topic #1,u'provide', 0.00033325956720255606
Topic #1,u'protection', 0.00028791974774189307
Topic #1,u'suitable_mean', 0.00025341821210698415
Topic #1,u'explanation', 0.0001732702828335412
Topic #1,u'alternate', 0.00017326899626644117
Topic #1,u'radiation_safety', 0.00013404134957601058
Topic #1,u'brief_statement', 0.00011099346239849261
Topic #1,u'reason', 0.00011099346239849261
Topic #1,u'noncompliance', 0.00011099346239849261
Topic #1,u'reserve', 0.00011099342632009897
Topic #4,u'information_regard', 0.00016482409750606368
Topic #4,u'confidential', 0.00016482409750606368
Topic #4,u'certification_require', 0.00016482403978258393
Topic #4,u'label', 0.00016482403978166369
Topic #4,u'except', 0.00016482086940204779
Topic #4,u'state', 1.434429951063843e-05
Topic #4,u'whole', 1.4221126739508086e-05
Topic #4,u'viii', 1.4221123532399897e-05
Topic #4,u'reserve', 1.4221123499062137e-05
Topic #4,u'information', 1.4221122206142822e-05
Topic #3,u'vii', 7.6611750278663554e-05
Topic #3,u'cosmetic_act', 5.4373101257764519e-05
Topic #3,u'whole', 1.4230386127501051e-05
Topic #3,u'certification_require', 1.4230386109034221e-05
Topic #3,u'label', 1.4230386108383544e-05
Topic #3,u'state', 1.4230384869538739e-05
Topic #3,u'viii', 1.4230382918144988e-05
Topic #3,u'reserve', 1.4230382884415458e-05
Topic #3,u'relevant', 1.4230381592301837e-05
Topic #3,u'information', 1.4230381592301837e-05
Topic #6,u'whole', 1.4231845236623817e-05
Topic #6,u'label', 1.4231845218731818e-05
Topic #6,u'certification_require', 1.4231845217474914e-05
Topic #6,u'state', 1.4231843978340976e-05
Topic #6,u'viii', 1.4231842027173457e-05
Topic #6,u'reserve', 1.4231841993796734e-05
Topic #6,u'relevant', 1.423184069983354e-05
Topic #6,u'information', 1.423184069983354e-05
Topic #6,u'except', 1.4231840686307623e-05
Topic #6,u'characteristic_cover', 1.4231840402888332e-05
