TopicNo,Topic Words,Probability Score
Topic #1,u'onion_ring', 0.00076113436506173389
Topic #1,u'word', 0.00059694209673720054
Topic #1,u'made', 0.00046697979852219494
Topic #1,u'dice_onion', 0.00046697979836099902
Topic #1,u'largest_type', 0.00037359038114677449
Topic #1,u'half', 0.00037359038114677449
Topic #1,u'use', 0.00037359038114677449
Topic #1,u'dry', 0.00019757081807177563
Topic #1,u'name', 0.00019757081799339098
Topic #1,u'line', 0.00012576405645746728
Topic #8,u'one', 0.0007218545598460601
Topic #8,u'compose', 0.00019797700682694776
Topic #8,u'product', 0.00019797285322524977
Topic #8,u'height', 0.00018802523696312203
Topic #8,u'square_inch', 0.00018801633213971937
Topic #8,u'principal', 0.00018801633213971937
Topic #8,u'display_panel', 0.00018801633213971937
Topic #8,u'area', 0.00018801633213971937
Topic #8,u'sixteenth_inch', 0.0001880162333745202
Topic #8,u'package', 0.0001880162333745202
Topic #3,u'height', 0.00054893764099374354
Topic #3,u'eighth_inch', 0.00018824097391036913
Topic #3,u'greater', 0.00018824097391036913
Topic #3,u'area', 0.00018824087669277746
Topic #3,u'square_inch', 0.00018824087669277746
Topic #3,u'principal', 0.00018824087669277746
Topic #3,u'display_panel', 0.00018824087669277746
Topic #3,u'use', 1.4361185272482709e-05
Topic #3,u'half', 1.4361185272482709e-05
Topic #3,u'largest_type', 1.4361185272482709e-05
Topic #6,u'larger', 0.00018844014041074377
Topic #6,u'follow_alternative', 0.00018844014041074377
Topic #6,u'height', 0.00018843695739992938
Topic #6,u'one', 1.4520395319282986e-05
Topic #6,u'follows', 1.4224397426118775e-05
Topic #6,u'largest_type', 1.4224396374622977e-05
Topic #6,u'use', 1.4224396374622977e-05
Topic #6,u'half', 1.4224396374622977e-05
Topic #6,u'principal', 1.422439588914553e-05
Topic #6,u'area', 1.422439588914553e-05
Topic #10,u'except', 8.6365979301466977e-05
Topic #10,u'comminute_onion', 8.6365979301466977e-05
Topic #10,u'compose', 8.6361816411074685e-05
Topic #10,u'one', 1.4228764188071579e-05
Topic #10,u'height', 1.4228760692258441e-05
Topic #10,u'follows', 1.4228759948333513e-05
Topic #10,u'follow_alternative', 1.4228758993679026e-05
Topic #10,u'larger', 1.4228758993679026e-05
Topic #10,u'use', 1.4228758893215378e-05
Topic #10,u'largest_type', 1.4228758893215378e-05
Topic #5,u'resembles', 6.0645611414485338e-05
Topic #5,u'usual_name', 6.064561130879048e-05
Topic #5,u'common', 6.0645611266165153e-05
Topic #5,u'composition', 6.0645611223241812e-05
Topic #5,u'food_product', 6.0645611078168088e-05
Topic #5,u'onion_ring', 1.4259430020300569e-05
Topic #5,u'one', 1.4228540623826785e-05
Topic #5,u'height', 1.4228537127608399e-05
Topic #5,u'follows', 1.4228536374042885e-05
Topic #5,u'larger', 1.4228535428944449e-05
Topic #9,u'one', 1.4231844070843583e-05
Topic #9,u'height', 1.4231840571578332e-05
Topic #9,u'follows', 1.4231839828325215e-05
Topic #9,u'larger', 1.4231838871688166e-05
Topic #9,u'follow_alternative', 1.4231838871688166e-05
Topic #9,u'largest_type', 1.4231838770554006e-05
Topic #9,u'use', 1.4231838770554006e-05
Topic #9,u'half', 1.4231838770554006e-05
Topic #9,u'principal', 1.4231838287139081e-05
Topic #9,u'area', 1.4231838287139081e-05
Topic #2,u'one', 1.4231844070559866e-05
Topic #2,u'height', 1.423184057157874e-05
Topic #2,u'follows', 1.4231839825596383e-05
Topic #2,u'larger', 1.4231838871688571e-05
Topic #2,u'follow_alternative', 1.4231838871688571e-05
Topic #2,u'largest_type', 1.4231838770554411e-05
Topic #2,u'use', 1.4231838770554411e-05
Topic #2,u'half', 1.4231838770554411e-05
Topic #2,u'principal', 1.4231838287139487e-05
Topic #2,u'area', 1.4231838287139487e-05
Topic #7,u'one', 1.4231844070548507e-05
Topic #7,u'height', 1.423184057157997e-05
Topic #7,u'follows', 1.4231839825809654e-05
Topic #7,u'larger', 1.4231838871689801e-05
Topic #7,u'follow_alternative', 1.4231838871689801e-05
Topic #7,u'largest_type', 1.4231838770555641e-05
Topic #7,u'use', 1.4231838770555641e-05
Topic #7,u'half', 1.4231838770555641e-05
Topic #7,u'principal', 1.4231838287140719e-05
Topic #7,u'area', 1.4231838287140719e-05
Topic #4,u'one', 1.4231844070382834e-05
Topic #4,u'height', 1.4231840571577402e-05
Topic #4,u'follows', 1.4231839825443843e-05
Topic #4,u'larger', 1.4231838871687232e-05
Topic #4,u'follow_alternative', 1.4231838871687232e-05
Topic #4,u'largest_type', 1.4231838770553076e-05
Topic #4,u'use', 1.4231838770553076e-05
Topic #4,u'half', 1.4231838770553076e-05
Topic #4,u'principal', 1.4231838287138151e-05
Topic #4,u'area', 1.4231838287138151e-05
