TopicNo,Topic Words,Probability Score
Topic #7,u'juice', 0.0044971945417792555
Topic #7,u'percent', 0.0020978380743705066
Topic #7,u'brix_level', 0.0017861302922032162
Topic #7,u'water', 0.0016367560168024067
Topic #7,u'adjust', 0.0016367560168024067
Topic #7,u'mixture', 0.0016367560168024067
Topic #7,u'cranberry', 0.00035004336785724501
Topic #7,u'common', 0.00031294089037666936
Topic #7,u'usual_name', 0.00031294089010706102
Topic #7,u'modify', 0.00025913602171436477
Topic #3,u'concentrate', 0.0021121227191435543
Topic #3,u'label', 0.0019208613130596085
Topic #3,u'product', 0.0018796717694294883
Topic #3,u'add', 0.0017085907587389903
Topic #3,u'name', 0.0009025319997048091
Topic #3,u'vegetable', 0.00044209060975991949
Topic #3,u'fruit', 0.00035402895704516007
Topic #3,u'contains', 0.00032823102564708256
Topic #3,u'declare', 0.00026917736683943768
Topic #3,u'addition', 0.00022615780037383868
Topic #5,u'term', 0.0019639085588934518
Topic #5,u'include', 0.00070330790350183706
Topic #5,u'one', 0.00041986663989374088
Topic #5,u'concentrate', 0.00030071019586098611
Topic #5,u'raspcranberry', 0.00020796972004216932
Topic #5,u'type_size', 0.00016553217690491289
Topic #5,u'taste', 0.00016553211901928415
Topic #5,u'made', 0.00016447000717883657
Topic #5,u'term_indicate', 0.00016211292054379463
Topic #5,u'fact', 0.00016211292054379463
Topic #9,u'reconstitute', 0.0018173283465690547
Topic #9,u'term', 1.4215108837730258e-05
Topic #9,u'product', 1.4209178129302287e-05
Topic #9,u'label', 1.4208880410095505e-05
Topic #9,u'concentrate', 1.4207751600159329e-05
Topic #9,u'cherry_juice', 1.4206184572200396e-05
Topic #9,u'deflavored', 1.4206183325122748e-05
Topic #9,u'taste', 1.420618326628612e-05
Topic #9,u'raspcranberry', 1.420618275299523e-05
Topic #9,u'percent_range', 1.4206182301300568e-05
Topic #2,u'blend', 0.00054637690492989025
Topic #2,u'juice_beverage', 0.00042947464254430401
Topic #2,u'single', 0.00033184843930961146
Topic #2,u'two', 0.00022868701630176185
Topic #2,u'grape_juice', 0.00020630336882942397
Topic #2,u'color', 0.00016589589159440529
Topic #2,u'cherry_juice', 0.0001655447141871569
Topic #2,u'apple_juice', 7.6993740948207005e-05
Topic #2,u'fruit_juice', 7.6993740948207005e-05
Topic #2,u'dilute', 5.4602360240828802e-05
Topic #4,u'raspberry', 0.00034787251912807624
Topic #4,u'cherry_juice', 0.00016613161477268073
Topic #4,u'acid', 0.00011195434470383569
Topic #4,u'nonrepresent_juice', 7.7105404751292772e-05
Topic #4,u'cranberry', 6.1503342079307071e-05
Topic #4,u'word_juice', 5.4624494187005781e-05
Topic #4,u'raspcranberry', 1.5179462222116979e-05
Topic #4,u'usual_name', 1.4238575490088526e-05
Topic #4,u'common', 1.4238575016619787e-05
Topic #4,u'flavor', 1.4223546446248738e-05
Topic #1,u'flavor', 0.0003478655128810615
Topic #1,u'use', 0.0001524173387796002
Topic #1,u'order', 5.4684673554869167e-05
Topic #1,u'predominance', 5.4684673464266993e-05
Topic #1,u'name_specifically', 5.4684673452868552e-05
Topic #1,u'volume_unless', 5.4684673414861574e-05
Topic #1,u'descend', 5.4684673314675384e-05
Topic #1,u'show', 5.4684673313767398e-05
Topic #1,u'represent_flavor', 5.4684673275925205e-05
Topic #1,u'cranberry', 1.4252672710679882e-05
Topic #6,u'name_juice', 0.00027219542199642292
Topic #6,u'beverage', 0.00024668454770693124
Topic #6,u'percent_range', 0.00020933384767323225
Topic #6,u'applies', 0.00016579325597516849
Topic #6,u'product_name', 0.00016579325597516849
Topic #6,u'state', 0.00016579325597516849
Topic #6,u'adjacent', 0.00016579325597516849
Topic #6,u'individual_juice', 0.00016579325597516849
Topic #6,u'statement', 0.00016570386998006258
Topic #6,u'need', 0.00016570386998006258
Topic #8,u'drink', 0.00019289120215276097
Topic #8,u'accordance', 7.7137189433170149e-05
Topic #8,u'flavor_apple', 5.4704230027419831e-05
Topic #8,u'pear', 5.4704229868914556e-05
Topic #8,u'juice', 1.4393505627250355e-05
Topic #8,u'cranberry', 1.4340628994766833e-05
Topic #8,u'percent_range', 1.4299047554576204e-05
Topic #8,u'ingredient_statement', 1.4249999156753543e-05
Topic #8,u'label', 1.4234552545320421e-05
Topic #8,u'imply', 1.4234491742383303e-05
Topic #10,u'concentrate', 1.4231855626424548e-05
Topic #10,u'cherry_juice', 1.4231846562119001e-05
Topic #10,u'deflavored', 1.4231845312889142e-05
Topic #10,u'taste', 1.4231845253959498e-05
Topic #10,u'raspcranberry', 1.4231844739465321e-05
Topic #10,u'percent_range', 1.4231844286599634e-05
Topic #10,u'water', 1.4231843580261083e-05
Topic #10,u'adjust', 1.4231843580261083e-05
Topic #10,u'mixture', 1.4231843580261083e-05
Topic #10,u'reconstitute', 1.4231843015540015e-05
