TopicNo,Topic Words,Probability Score
Topic #7,u'reference', 0.007770494186989765
Topic #7,u'incorporate', 0.0039503971302369042
Topic #7,u'use', 0.0010521055425369882
Topic #7,u'method_describe', 0.0010129590702468605
Topic #7,u'section', 0.00081835978088917727
Topic #7,u'peanut', 0.00025765809191193067
Topic #7,u'product', 0.00024243576624660202
Topic #7,u'copper', 0.00020017643017320122
Topic #7,u'spreadable', 0.00012788464498652896
Topic #7,u'protein', 0.00011401472765344745
Topic #6,u'availability', 0.0039514472954651249
Topic #6,u'paragraph', 0.0038367342856287737
Topic #6,u'incorporation', 0.0037959487664928145
Topic #6,u'given', 0.0037959487664928145
Topic #6,u'www', 0.00016955175949149136
Topic #6,u'frederick', 7.4905664933878549e-05
Topic #6,u'ave', 7.4905664933878549e-05
Topic #6,u'north', 7.4905664933878549e-05
Topic #6,u'requirement', 5.3195883997784968e-05
Topic #6,u'compliance', 5.3195883711445914e-05
Topic #10,u'th_ed', 0.00087067304933203691
Topic #10,u'call', 0.00017203484187989514
Topic #10,u'percentage', 5.3969371749083778e-05
Topic #10,u'manner_set_forth', 5.3969371733543515e-05
Topic #10,u'term', 5.396937173283364e-05
Topic #10,u'statement', 5.3969371723960984e-05
Topic #10,u'spread', 5.3969371681133229e-05
Topic #10,u'consist', 5.3969371680540584e-05
Topic #10,u'weight', 5.396887091895245e-05
Topic #10,u'peanut', 4.4957703327336519e-05
Topic #5,u'aoac', 0.00087004077349679882
Topic #5,u'copy', 0.00017190992478515775
Topic #5,u'govfederal_registercode_of_federal_regulationsibr_locations', 0.00017190991140529462
Topic #5,u'available', 0.00011016526273718994
Topic #5,u'center', 0.00011016509128389475
Topic #5,u'food_safety', 0.00011016509128389475
Topic #5,u'apply_nutrition', 0.00011016509128389475
Topic #5,u'drug_administration', 0.00011016507875741776
Topic #5,u'food', 0.00011016507875741776
Topic #5,u'obtain', 7.5947464451646721e-05
Topic #8,u'nara', 0.00032974864042464001
Topic #8,u'material', 0.00017203288824871121
Topic #8,u'information', 0.00017203288824871121
Topic #8,u'niacin', 0.00011576447621698028
Topic #8,u'department', 0.00011024498615483387
Topic #8,u'agriculture_handbook', 0.00011024498615483387
Topic #8,u'nutrient', 9.3416822698985612e-05
Topic #8,u'product', 5.7646478739601432e-05
Topic #8,u'follow_level', 5.3974864503302429e-05
Topic #8,u'product_contains', 5.397486436244972e-05
Topic #4,u'html', 0.00022543451834079606
Topic #4,u'iron', 0.00020339113462236697
Topic #4,u'folic_acid', 0.00015011383321383081
Topic #4,u'nutrient_amount', 5.4013319252773482e-05
Topic #4,u'peanut_spread', 5.4013319176864686e-05
Topic #4,u'college_park', 1.422307728786154e-05
Topic #4,u'gaithersburg', 1.4223075122239834e-05
Topic #4,u'suite', 1.4223075120202409e-05
Topic #4,u'incorporate', 1.4223074146620231e-05
Topic #4,u'agriculture_handbook', 1.4223074089992682e-05
Topic #9,u'magnesium', 0.00020333083559417872
Topic #9,u'biological_quality', 0.00015538850758235395
Topic #9,u'protein_contain', 8.7082826317763878e-05
Topic #9,u'casein', 8.7082792649924447e-05
Topic #9,u'overall', 8.7082747415171086e-05
Topic #9,u'product', 5.9236056116441545e-05
Topic #9,u'equal', 5.399731918223671e-05
Topic #9,u'greater', 5.3997319153087311e-05
Topic #9,u'official_method', 5.3997318670771823e-05
Topic #9,u'analysis', 5.3997318582308271e-05
Topic #2,u'zinc', 0.00020326917535006111
Topic #2,u'record_administration', 0.00017205399608922743
Topic #2,u'national_archive', 0.00017205399608922743
Topic #2,u'archive', 0.00017205398266275927
Topic #2,u'inspection', 0.00011025741469744886
Topic #2,u'available', 0.00011025724482684163
Topic #2,u'examine', 7.6011113192246118e-05
Topic #2,u'peanut_butter', 7.2088319011172355e-05
Topic #2,u'consists', 5.3980942138834431e-05
Topic #2,u'nonpeanut_ingredient', 5.3980941845182006e-05
Topic #1,u'http', 0.00017211926855316713
Topic #1,u'vitamin', 0.00015008074524969483
Topic #1,u'branch', 0.00011029924851751312
Topic #1,u'paint', 0.00011029924851751312
Topic #1,u'pkwy', 0.00011029924851751312
Topic #1,u'dairy_research', 0.00011029924119449931
Topic #1,u'journal', 0.00011029924119449931
Topic #1,u'suite', 7.6039934172799929e-05
Topic #1,u'nara', 1.4326955551259195e-05
Topic #1,u'weight', 1.4235059741362748e-05
Topic #3,u'percent', 0.00013350275072501419
Topic #3,u'least', 0.00013349907942632438
Topic #3,u'product', 0.00012826135722886342
Topic #3,u'describe', 0.00011026040497246526
Topic #3,u'modify', 0.00011026040497246526
Topic #3,u'ford', 0.00011026040497246526
Topic #3,u'scott', 0.00011026040497246526
Topic #3,u'ascorbate_buffer', 0.00011026040497246526
Topic #3,u'college_park', 0.00011026036375762963
Topic #3,u'weight', 9.3735270644163069e-05
