TopicNo,Topic Words,Probability Score
Topic #9,u'height', 0.00090490065251667376
Topic #9,u'principal', 0.00050289028551388313
Topic #9,u'square_inch', 0.00050289028551388313
Topic #9,u'display_panel', 0.00050289028551388313
Topic #9,u'area', 0.00050289028551388313
Topic #9,u'greater', 0.00025880584833573394
Topic #9,u'eighth_inch', 0.00025880584833573394
Topic #9,u'package', 0.00025741224747278575
Topic #9,u'sixteenth_inch', 0.00025741224747278575
Topic #9,u'follow_alternative', 0.00017100520058251233
Topic #2,u'word', 0.00067175457427653875
Topic #2,u'bread', 0.00062375477176814301
Topic #2,u'shrimp', 0.00055940465624087707
Topic #2,u'stick', 0.00045903880737338803
Topic #2,u'made', 0.00037141042757425424
Topic #2,u'shape', 0.00037140763148129171
Topic #2,u'mince_shrimp', 0.0003714076092002093
Topic #2,u'blank', 0.00027104196340065333
Topic #2,u'fill', 0.00027104196340065333
Topic #2,u'half', 0.00025804761967469292
Topic #6,u'one', 0.00066303643860674217
Topic #6,u'sixteenth_inch', 1.562200032457236e-05
Topic #6,u'package', 1.562200032457236e-05
Topic #6,u'square_inch', 1.4783343859647418e-05
Topic #6,u'display_panel', 1.4783343859647418e-05
Topic #6,u'principal', 1.4783343859647418e-05
Topic #6,u'area', 1.4783343859647418e-05
Topic #6,u'height', 1.4222815918284664e-05
Topic #6,u'larger', 1.4222537354655923e-05
Topic #6,u'follow_alternative', 1.4222537354655923e-05
Topic #5,u'word_require', 0.00041680177635059352
Topic #5,u'immediately_below', 0.00017150060197759074
Topic #5,u'boldface_print', 0.00017150060197759074
Topic #5,u'type', 0.00017150060197759074
Topic #5,u'print', 0.00017150060197759074
Topic #5,u'graphic_matter', 0.00017150060197759074
Topic #5,u'easily_legible', 0.00017150060197759074
Topic #5,u'distinct_contrast', 0.00017150060197759074
Topic #5,u'common', 7.8864821340781136e-05
Topic #5,u'usual_name', 7.8864821293385713e-05
Topic #4,u'one', 1.4231861095635192e-05
Topic #4,u'display_panel', 1.4231844621123421e-05
Topic #4,u'principal', 1.4231844621123421e-05
Topic #4,u'square_inch', 1.4231844621123421e-05
Topic #4,u'area', 1.4231844621123421e-05
Topic #4,u'larger', 1.423184293506985e-05
Topic #4,u'follow_alternative', 1.423184293506985e-05
Topic #4,u'height', 1.4231842806206276e-05
Topic #4,u'made', 1.4231842037136455e-05
Topic #4,u'eighth_inch', 1.4231840908319246e-05
Topic #8,u'one', 1.4231861089554832e-05
Topic #8,u'display_panel', 1.4231844621103107e-05
Topic #8,u'principal', 1.4231844621103107e-05
Topic #8,u'square_inch', 1.4231844621103107e-05
Topic #8,u'area', 1.4231844621103107e-05
Topic #8,u'follow_alternative', 1.4231842935079999e-05
Topic #8,u'larger', 1.4231842935079999e-05
Topic #8,u'height', 1.4231842806216427e-05
Topic #8,u'made', 1.4231842037087358e-05
Topic #8,u'greater', 1.4231840908329456e-05
Topic #3,u'one', 1.423186107660164e-05
Topic #3,u'display_panel', 1.4231844623323355e-05
Topic #3,u'principal', 1.4231844623323355e-05
Topic #3,u'square_inch', 1.4231844623323355e-05
Topic #3,u'area', 1.4231844623323355e-05
Topic #3,u'follow_alternative', 1.4231842935070582e-05
Topic #3,u'larger', 1.4231842935070582e-05
Topic #3,u'height', 1.4231842806207077e-05
Topic #3,u'made', 1.4231842036866313e-05
Topic #3,u'eighth_inch', 1.4231840908320884e-05
Topic #1,u'one', 1.4231861073355186e-05
Topic #1,u'display_panel', 1.4231844621073759e-05
Topic #1,u'principal', 1.4231844621073759e-05
Topic #1,u'area', 1.4231844621073759e-05
Topic #1,u'square_inch', 1.4231844621073759e-05
Topic #1,u'larger', 1.4231842935079764e-05
Topic #1,u'follow_alternative', 1.4231842935079764e-05
Topic #1,u'height', 1.4231842806216188e-05
Topic #1,u'made', 1.4231842036812219e-05
Topic #1,u'greater', 1.4231840908329187e-05
Topic #7,u'one', 1.4231861073275484e-05
Topic #7,u'display_panel', 1.4231844621144478e-05
Topic #7,u'principal', 1.4231844621144478e-05
Topic #7,u'area', 1.4231844621144478e-05
Topic #7,u'square_inch', 1.4231844621144478e-05
Topic #7,u'larger', 1.4231842935080956e-05
Topic #7,u'follow_alternative', 1.4231842935080956e-05
Topic #7,u'height', 1.423184280621738e-05
Topic #7,u'made', 1.4231842036813478e-05
Topic #7,u'greater', 1.4231840908330359e-05
Topic #10,u'one', 1.4231861073140509e-05
Topic #10,u'display_panel', 1.4231844621086592e-05
Topic #10,u'principal', 1.4231844621086592e-05
Topic #10,u'square_inch', 1.4231844621086592e-05
Topic #10,u'area', 1.4231844621086592e-05
Topic #10,u'follow_alternative', 1.4231842935068737e-05
Topic #10,u'larger', 1.4231842935068737e-05
Topic #10,u'height', 1.4231842806205163e-05
Topic #10,u'made', 1.4231842036829809e-05
Topic #10,u'greater', 1.4231840908339009e-05
