TopicNo,Topic Words,Probability Score
Topic #3,u'height', 0.00077161900382246185
Topic #3,u'one', 0.00065112118863632634
Topic #3,u'square_inch', 0.00037740270272230964
Topic #3,u'display_panel', 0.00037740270272230964
Topic #3,u'principal', 0.00037740270272230964
Topic #3,u'area', 0.00037740270272230964
Topic #3,u'sixteenth_inch', 0.00019579011980597701
Topic #3,u'package', 0.00019579011980597701
Topic #3,u'greater', 0.00019579011812967138
Topic #3,u'eighth_inch', 0.00019579011812967138
Topic #4,u'fry_clam', 0.00062126107214446479
Topic #4,u'word', 0.00052878684097006957
Topic #4,u'half', 0.00028763694846792027
Topic #4,u'use', 0.00028763694846792027
Topic #4,u'largest_type', 0.00028763694846792027
Topic #4,u'made', 0.00026765918934242022
Topic #4,u'mince_clam', 0.00026765918894395549
Topic #4,u'easily_legible', 0.00013465416317803874
Topic #4,u'distinct_contrast', 0.00013465416317803874
Topic #4,u'boldface_print', 0.00013465416317803874
Topic #10,u'compose', 9.4483573110957329e-05
Topic #10,u'except', 9.4483573110957329e-05
Topic #10,u'comminute_clam', 9.4483573110957329e-05
Topic #10,u'one', 1.4228423943805857e-05
Topic #10,u'half', 1.4228413006957832e-05
Topic #10,u'largest_type', 1.4228413006957832e-05
Topic #10,u'use', 1.4228413006957832e-05
Topic #10,u'area', 1.422841248459152e-05
Topic #10,u'display_panel', 1.422841248459152e-05
Topic #10,u'principal', 1.422841248459152e-05
Topic #9,u'one', 1.4231850491782496e-05
Topic #9,u'largest_type', 1.42318395436686e-05
Topic #9,u'half', 1.42318395436686e-05
Topic #9,u'use', 1.42318395436686e-05
Topic #9,u'square_inch', 1.4231839021752299e-05
Topic #9,u'display_panel', 1.4231839021752299e-05
Topic #9,u'area', 1.4231839021752299e-05
Topic #9,u'principal', 1.4231839021752299e-05
Topic #9,u'larger', 1.4231838762796265e-05
Topic #9,u'follow_alternative', 1.4231838762796265e-05
Topic #7,u'one', 1.4231850491035762e-05
Topic #7,u'largest_type', 1.4231839543667453e-05
Topic #7,u'half', 1.4231839543667453e-05
Topic #7,u'use', 1.4231839543667453e-05
Topic #7,u'display_panel', 1.4231839021757274e-05
Topic #7,u'square_inch', 1.4231839021757274e-05
Topic #7,u'area', 1.4231839021757274e-05
Topic #7,u'principal', 1.4231839021757274e-05
Topic #7,u'larger', 1.4231838762795121e-05
Topic #7,u'follow_alternative', 1.4231838762795121e-05
Topic #8,u'one', 1.4231850491030963e-05
Topic #8,u'largest_type', 1.4231839543668765e-05
Topic #8,u'half', 1.4231839543668765e-05
Topic #8,u'use', 1.4231839543668765e-05
Topic #8,u'display_panel', 1.423183902175288e-05
Topic #8,u'square_inch', 1.423183902175288e-05
Topic #8,u'area', 1.423183902175288e-05
Topic #8,u'principal', 1.423183902175288e-05
Topic #8,u'larger', 1.4231838762796431e-05
Topic #8,u'follow_alternative', 1.4231838762796431e-05
Topic #1,u'one', 1.4231850491030769e-05
Topic #1,u'largest_type', 1.4231839543668571e-05
Topic #1,u'half', 1.4231839543668571e-05
Topic #1,u'use', 1.4231839543668571e-05
Topic #1,u'display_panel', 1.4231839021752272e-05
Topic #1,u'square_inch', 1.4231839021752272e-05
Topic #1,u'area', 1.4231839021752272e-05
Topic #1,u'principal', 1.4231839021752272e-05
Topic #1,u'larger', 1.4231838762796238e-05
Topic #1,u'follow_alternative', 1.4231838762796238e-05
Topic #6,u'one', 1.4231850491030441e-05
Topic #6,u'largest_type', 1.4231839543668244e-05
Topic #6,u'half', 1.4231839543668244e-05
Topic #6,u'use', 1.4231839543668244e-05
Topic #6,u'square_inch', 1.4231839021751945e-05
Topic #6,u'display_panel', 1.4231839021751945e-05
Topic #6,u'area', 1.4231839021751945e-05
Topic #6,u'principal', 1.4231839021751945e-05
Topic #6,u'larger', 1.4231838762795911e-05
Topic #6,u'follow_alternative', 1.4231838762795911e-05
Topic #5,u'one', 1.4231850491029922e-05
Topic #5,u'largest_type', 1.4231839543667724e-05
Topic #5,u'half', 1.4231839543667724e-05
Topic #5,u'use', 1.4231839543667724e-05
Topic #5,u'display_panel', 1.4231839021769245e-05
Topic #5,u'square_inch', 1.4231839021769245e-05
Topic #5,u'area', 1.4231839021769245e-05
Topic #5,u'principal', 1.4231839021769245e-05
Topic #5,u'larger', 1.4231838762795392e-05
Topic #5,u'follow_alternative', 1.4231838762795392e-05
Topic #2,u'one', 1.4231850491028952e-05
Topic #2,u'largest_type', 1.4231839543666757e-05
Topic #2,u'half', 1.4231839543666757e-05
Topic #2,u'use', 1.4231839543666757e-05
Topic #2,u'display_panel', 1.4231839021750544e-05
Topic #2,u'square_inch', 1.4231839021750544e-05
Topic #2,u'area', 1.4231839021750544e-05
Topic #2,u'principal', 1.4231839021750544e-05
Topic #2,u'larger', 1.4231838762794425e-05
Topic #2,u'follow_alternative', 1.4231838762794425e-05
