TopicNo,Topic Words,Probability Score
Topic #2,u'height', 0.00061693904359691183
Topic #2,u'square_inch', 0.00041634432112731986
Topic #2,u'display_panel', 0.00041634432112731986
Topic #2,u'area', 0.00041634432112731986
Topic #2,u'principal', 0.00041634432112731986
Topic #2,u'eighth_inch', 0.0002592393144684454
Topic #2,u'greater', 0.0002592393144684454
Topic #2,u'one', 0.00017129859976732704
Topic #2,u'package', 0.00017129164922783345
Topic #2,u'sixteenth_inch', 0.00017129164922783345
Topic #3,u'word', 0.00051622641351744007
Topic #3,u'fish', 0.00051622640630316337
Topic #3,u'___', 0.00051622640630316337
Topic #3,u'mince_fish', 0.00027976579171485764
Topic #3,u'made', 0.00027976578990173329
Topic #3,u'half', 0.00025860979395264368
Topic #3,u'largest_type', 0.00025860979395264368
Topic #3,u'use', 0.00025860979395264368
Topic #3,u'portion', 0.0001792028851858688
Topic #3,u'graphic_matter', 0.000171011672796376
Topic #9,u'one', 0.00041749393488687273
Topic #9,u'height', 1.4226105734607775e-05
Topic #9,u'larger', 1.4226103681048089e-05
Topic #9,u'follow_alternative', 1.4226103681048089e-05
Topic #9,u'largest_type', 1.4226101950551306e-05
Topic #9,u'use', 1.4226101950551306e-05
Topic #9,u'half', 1.4226101950551306e-05
Topic #9,u'greater', 1.422610165845548e-05
Topic #9,u'eighth_inch', 1.422610165845548e-05
Topic #9,u'except', 1.4226099777182285e-05
Topic #1,u'height', 0.00021619197107421371
Topic #1,u'follow_alternative', 0.00017167004152391041
Topic #1,u'larger', 0.00017167004152391041
Topic #1,u'fish_stick', 7.8942999917759572e-05
Topic #1,u'food_product', 7.8942756300352901e-05
Topic #1,u'resembles', 7.8942756168825273e-05
Topic #1,u'composition', 7.8942755368514934e-05
Topic #1,u'usual_name', 7.8942755076052333e-05
Topic #1,u'common', 7.8942754741433851e-05
Topic #1,u'fish_portion', 7.8942754077294901e-05
Topic #10,u'fish_flesh', 0.00011523339267211513
Topic #10,u'comminute', 0.00011523339267211513
Topic #10,u'compose', 0.00011523339267211513
Topic #10,u'except', 0.00011523339267211513
Topic #10,u'one', 1.4226113119689538e-05
Topic #10,u'height', 1.4226094885220616e-05
Topic #10,u'follow_alternative', 1.4226092834925828e-05
Topic #10,u'larger', 1.4226092834925828e-05
Topic #10,u'use', 1.4226091112761086e-05
Topic #10,u'half', 1.4226091112761086e-05
Topic #7,u'one', 1.4231863279385604e-05
Topic #7,u'height', 1.4231844979607934e-05
Topic #7,u'larger', 1.4231842925234434e-05
Topic #7,u'follow_alternative', 1.4231842925234434e-05
Topic #7,u'largest_type', 1.4231841195489462e-05
Topic #7,u'use', 1.4231841195489462e-05
Topic #7,u'half', 1.4231841195489462e-05
Topic #7,u'greater', 1.4231840903179427e-05
Topic #7,u'eighth_inch', 1.4231840903179427e-05
Topic #7,u'except', 1.423183901978094e-05
Topic #4,u'one', 1.4231863251457369e-05
Topic #4,u'height', 1.4231844980296372e-05
Topic #4,u'larger', 1.4231842925225072e-05
Topic #4,u'follow_alternative', 1.4231842925225072e-05
Topic #4,u'largest_type', 1.4231841195482851e-05
Topic #4,u'use', 1.4231841195482851e-05
Topic #4,u'half', 1.4231841195482851e-05
Topic #4,u'greater', 1.4231840903172816e-05
Topic #4,u'eighth_inch', 1.4231840903172816e-05
Topic #4,u'fish_stick', 1.423183919939757e-05
Topic #8,u'one', 1.4231863250819997e-05
Topic #8,u'height', 1.4231844979947833e-05
Topic #8,u'larger', 1.4231842925574333e-05
Topic #8,u'follow_alternative', 1.4231842925574333e-05
Topic #8,u'largest_type', 1.4231841195488681e-05
Topic #8,u'use', 1.4231841195488681e-05
Topic #8,u'half', 1.4231841195488681e-05
Topic #8,u'greater', 1.4231840903178649e-05
Topic #8,u'eighth_inch', 1.4231840903178649e-05
Topic #8,u'except', 1.4231839019780157e-05
Topic #5,u'one', 1.4231863250748135e-05
Topic #5,u'height', 1.4231844979600543e-05
Topic #5,u'larger', 1.4231842925227044e-05
Topic #5,u'follow_alternative', 1.4231842925227044e-05
Topic #5,u'largest_type', 1.4231841195484822e-05
Topic #5,u'use', 1.4231841195484822e-05
Topic #5,u'half', 1.4231841195484822e-05
Topic #5,u'greater', 1.4231840903174787e-05
Topic #5,u'eighth_inch', 1.4231840903174787e-05
Topic #5,u'except', 1.4231839019776295e-05
Topic #6,u'one', 1.4231863250747506e-05
Topic #6,u'height', 1.423184497960389e-05
Topic #6,u'larger', 1.4231842925230392e-05
Topic #6,u'follow_alternative', 1.4231842925230392e-05
Topic #6,u'largest_type', 1.4231841195488167e-05
Topic #6,u'use', 1.4231841195488167e-05
Topic #6,u'half', 1.4231841195488167e-05
Topic #6,u'greater', 1.4231840903178137e-05
Topic #6,u'eighth_inch', 1.4231840903178137e-05
Topic #6,u'except', 1.4231839019779642e-05
