TopicNo,Topic Words,Probability Score
Topic #10,u'one', 0.00072248681944448703
Topic #10,u'principal', 0.00018814108170351541
Topic #10,u'square_inch', 0.00018814108170351541
Topic #10,u'area', 0.00018814108170351541
Topic #10,u'display_panel', 0.00018814108170351541
Topic #10,u'sixteenth_inch', 0.00018814097669057699
Topic #10,u'package', 0.00018814097669057699
Topic #10,u'height', 0.00018813883539586663
Topic #10,u'form', 0.00012610353872462564
Topic #10,u'bud', 8.6202401099069146e-05
Topic #3,u'height', 0.00054730734185137189
Topic #3,u'potato_chip', 0.00053162958390246863
Topic #3,u'word', 0.00048541773053416488
Topic #3,u'largest_type', 0.00037379520436944314
Topic #3,u'use', 0.00037379520436944314
Topic #3,u'half', 0.00037379520436944314
Topic #3,u'greater', 0.00018766126728175136
Topic #3,u'eighth_inch', 0.00018766126728175136
Topic #3,u'display_panel', 0.00018766116419825752
Topic #3,u'area', 0.00018766116419825752
Topic #7,u'dry_potato', 0.00028461238600329064
Topic #7,u'made', 0.00028461238594885681
Topic #7,u'potato_chip', 0.00017259937177438732
Topic #7,u'line', 0.00012622522013950994
Topic #7,u'appear', 0.00012622522013950994
Topic #7,u'immediately_follow', 0.00012622522013950994
Topic #7,u'word', 0.00012621914650949451
Topic #7,u'one', 1.4215517123359157e-05
Topic #7,u'form', 1.4215515228960133e-05
Topic #7,u'height', 1.4215513427580767e-05
Topic #5,u'follow_alternative', 0.00018844019828485
Topic #5,u'larger', 0.00018844019828485
Topic #5,u'height', 0.00018842583104716697
Topic #5,u'one', 1.422440603444768e-05
Topic #5,u'form', 1.4224404118103848e-05
Topic #5,u'bud', 1.4224401794742668e-05
Topic #5,u'flake', 1.4224401793358739e-05
Topic #5,u'granule', 1.422440179315816e-05
Topic #5,u'half', 1.4224400543654223e-05
Topic #5,u'largest_type', 1.4224400543654223e-05
Topic #6,u'granule', 8.6372187982117251e-05
Topic #6,u'flake', 8.6372187981173385e-05
Topic #6,u'one', 1.4229790624473558e-05
Topic #6,u'form', 1.4229788706085617e-05
Topic #6,u'height', 1.4229786915880091e-05
Topic #6,u'bud', 1.422978638633527e-05
Topic #6,u'follow_alternative', 1.4229785432640361e-05
Topic #6,u'larger', 1.4229785432640361e-05
Topic #6,u'half', 1.4229785134953415e-05
Topic #6,u'largest_type', 1.4229785134953415e-05
Topic #2,u'except', 8.6365966638920821e-05
Topic #2,u'dehydrate_potato', 8.6365966638920821e-05
Topic #2,u'compose', 8.6365966638920821e-05
Topic #2,u'one', 1.4371225515108463e-05
Topic #2,u'form', 1.4228760178623162e-05
Topic #2,u'height', 1.4228758390099108e-05
Topic #2,u'bud', 1.42287578612629e-05
Topic #2,u'flake', 1.4228757859702728e-05
Topic #2,u'granule', 1.4228757859677556e-05
Topic #2,u'larger', 1.4228756907256425e-05
Topic #8,u'one', 1.4231844066275187e-05
Topic #8,u'form', 1.4231842149185334e-05
Topic #8,u'height', 1.4231840355621102e-05
Topic #8,u'bud', 1.42318398246506e-05
Topic #8,u'granule', 1.4231839823554425e-05
Topic #8,u'flake', 1.4231839823089841e-05
Topic #8,u'follow_alternative', 1.4231838871586397e-05
Topic #8,u'larger', 1.4231838871586397e-05
Topic #8,u'half', 1.4231838573382225e-05
Topic #8,u'largest_type', 1.4231838573382225e-05
Topic #4,u'one', 1.4231844066274809e-05
Topic #4,u'form', 1.4231842149184948e-05
Topic #4,u'height', 1.4231840355669849e-05
Topic #4,u'bud', 1.4231839824650278e-05
Topic #4,u'flake', 1.4231839823089425e-05
Topic #4,u'granule', 1.4231839823064369e-05
Topic #4,u'follow_alternative', 1.4231838871635143e-05
Topic #4,u'larger', 1.4231838871635143e-05
Topic #4,u'half', 1.4231838573381856e-05
Topic #4,u'largest_type', 1.4231838573381856e-05
Topic #1,u'one', 1.4231844066273645e-05
Topic #1,u'form', 1.4231842149183801e-05
Topic #1,u'height', 1.4231840355626738e-05
Topic #1,u'bud', 1.4231839824649119e-05
Topic #1,u'flake', 1.4231839824109361e-05
Topic #1,u'granule', 1.4231839823063204e-05
Topic #1,u'follow_alternative', 1.4231838871584509e-05
Topic #1,u'larger', 1.4231838871584509e-05
Topic #1,u'half', 1.4231838573380692e-05
Topic #1,u'largest_type', 1.4231838573380692e-05
Topic #9,u'one', 1.4231844066273594e-05
Topic #9,u'form', 1.4231842149183761e-05
Topic #9,u'height', 1.4231840355619164e-05
Topic #9,u'bud', 1.4231839824649038e-05
Topic #9,u'flake', 1.4231839823088413e-05
Topic #9,u'granule', 1.4231839823063128e-05
Topic #9,u'follow_alternative', 1.4231838871584459e-05
Topic #9,u'larger', 1.4231838871584459e-05
Topic #9,u'half', 1.4231838573380643e-05
Topic #9,u'largest_type', 1.4231838573380643e-05
