TopicNo,Topic Words,Probability Score
Topic #1,u'regulation', 0.0018814428951478889
Topic #1,u'usual_name', 0.000966812870143686
Topic #1,u'common', 0.00092670433851690459
Topic #1,u'paragraph', 0.00068740594629928219
Topic #1,u'food_require', 0.00038624197511504698
Topic #1,u'food', 0.00033464628010048856
Topic #1,u'statement', 0.00026156143924556613
Topic #1,u'directly_below', 0.00020924439986495018
Topic #1,u'apply_unless_modify', 0.00020481280115170746
Topic #1,u'follow_requirement', 0.00020481280096955348
Topic #8,u'identity', 0.0017355985753358561
Topic #8,u'standard', 0.0017355985753358561
Topic #8,u'distinct_contrast', 0.00026229342431868021
Topic #8,u'graphic_matter', 0.00026229342431868021
Topic #8,u'easily_legible', 0.00026229342431868021
Topic #8,u'type', 0.00026229342431868021
Topic #8,u'print', 0.00026229342431868021
Topic #8,u'boldface_print', 0.00026229342431868021
Topic #8,u'appear_follow', 0.00022762644327872366
Topic #8,u'directly_below', 9.4485113384975848e-05
Topic #4,u'component', 0.00098820287994751642
Topic #4,u'greater', 0.00021461612618868658
Topic #4,u'case', 0.0001798885420215794
Topic #4,u'present', 0.00015194501249605073
Topic #4,u'eighth_inch', 0.00011161097914012268
Topic #4,u'display_panel', 0.00011161092235335814
Topic #4,u'area', 0.00011161092235335814
Topic #4,u'square_inch', 0.00011161092235335814
Topic #4,u'principal', 0.00011161092235335814
Topic #4,u'height', 0.00011160966848016937
Topic #3,u'___', 0.00080689287606835363
Topic #3,u'contain', 0.00031700703005669353
Topic #3,u'larger', 0.00026310744070201752
Topic #3,u'height', 0.00020435630198758462
Topic #3,u'use', 0.00013955941364030458
Topic #3,u'alternative_establish', 0.00012731434120116154
Topic #3,u'follow_alternative', 0.00011164455015749606
Topic #3,u'percent', 7.6895248371635407e-05
Topic #3,u'class', 5.4539128814987154e-05
Topic #3,u'own_common', 5.4539128745535501e-05
Topic #2,u'characterize_ingredient', 0.00071644278082786273
Topic #2,u'declare', 0.00041923917456658841
Topic #2,u'word_contain', 0.00041395242118090806
Topic #2,u'component', 0.00033024859893229856
Topic #2,u'one', 0.00030482521781132073
Topic #2,u'andor', 0.00026252418464107276
Topic #2,u'user', 0.0002625236664460062
Topic #2,u'need', 0.0002625236664460062
Topic #2,u'add', 0.0002625236664460062
Topic #2,u'informative_statement', 0.00016529775973346289
Topic #9,u'food', 0.00070554780411477666
Topic #9,u'ingredient', 0.00070271645182974076
Topic #9,u'absence', 0.00045671204302616381
Topic #9,u'presence', 0.00045671204302616381
Topic #9,u'labeling', 0.0001516349448246453
Topic #9,u'price', 0.00015163494481997569
Topic #9,u'consumer_acceptance', 0.00015163494480237944
Topic #9,u'material_bear', 0.00015163494478242465
Topic #9,u'otherwise_create', 0.00015163494476959201
Topic #9,u'appearance', 0.00015163494474496582
Topic #6,u'contains', 0.00056785562844052437
Topic #6,u'name', 0.00013540433264193387
Topic #6,u'reasonably_encompass', 5.4612361883809782e-05
Topic #6,u'identical', 5.4612361880733148e-05
Topic #6,u'similar_product', 5.4612361863364311e-05
Topic #6,u'uniform_among', 5.4612361860425113e-05
Topic #6,u'within', 5.4612361827438865e-05
Topic #6,u'confusingly_similar', 5.4612361826800114e-05
Topic #6,u'food', 1.4255616287996044e-05
Topic #6,u'identity', 1.421881051204631e-05
Topic #10,u'possible', 5.4657651206584061e-05
Topic #10,u'simple', 5.4657651138118822e-05
Topic #10,u'direct_term', 5.4657651071356667e-05
Topic #10,u'contains', 1.491490622690808e-05
Topic #10,u'standard', 1.4230128455882254e-05
Topic #10,u'identity', 1.4230128455882254e-05
Topic #10,u'one', 1.4230108351840727e-05
Topic #10,u'percent', 1.4230104995988594e-05
Topic #10,u'use', 1.4230104957452718e-05
Topic #10,u'word_contain', 1.4230104954629664e-05
Topic #7,u'describe', 5.4655477168564431e-05
Topic #7,u'clear', 5.4655476617036749e-05
Topic #7,u'term', 5.4655476512264283e-05
Topic #7,u'accurately_identify', 5.4655476453279856e-05
Topic #7,u'standard', 1.4229562987218295e-05
Topic #7,u'identity', 1.4229562987218295e-05
Topic #7,u'one', 1.4229542835845764e-05
Topic #7,u'contains', 1.4229542331087186e-05
Topic #7,u'percent', 1.4229539473104962e-05
Topic #7,u'use', 1.4229539434325691e-05
Topic #5,u'use', 1.426896502597685e-05
Topic #5,u'contains', 1.4268936700615493e-05
Topic #5,u'word_contain', 1.4268926006937274e-05
Topic #5,u'standard', 1.4231862702329782e-05
Topic #5,u'identity', 1.4231862702329782e-05
Topic #5,u'one', 1.4231842587644743e-05
Topic #5,u'percent', 1.4231839239562955e-05
Topic #5,u'alternative_establish', 1.4231839094466911e-05
Topic #5,u'contain', 1.4231838803854179e-05
Topic #5,u'require', 1.4231838523206001e-05
