TopicNo,Topic Words,Probability Score
Topic #2,u'food', 0.0019436562499037695
Topic #2,u'present', 0.0017295304452812606
Topic #2,u'statement', 0.00063798676459487754
Topic #2,u'bear', 0.00063798676459487754
Topic #2,u'package', 0.00046840553823268794
Topic #2,u'paragraph', 0.00041439029916036043
Topic #2,u'contain', 0.00026855332148591606
Topic #2,u'name', 0.00026295686955994484
Topic #2,u'vignette', 0.00016553222077873985
Topic #2,u'serve_suggestion', 0.00016553222077873985
Topic #7,u'specify', 0.001677013039013231
Topic #7,u'type_size', 0.001525448791825303
Topic #7,u'display_panel', 0.0015254333851230689
Topic #7,u'principal', 0.0015254333851230689
Topic #7,u'bear', 0.00080349028795510444
Topic #7,u'statement', 0.00080349028795510444
Topic #7,u'frozen', 0.00011162005649149531
Topic #7,u'prominently', 0.0001116198918711416
Topic #7,u'keep', 0.0001116198918711416
Topic #7,u'provide', 0.0001116198918711416
Topic #9,u'follow', 0.00027082375388321389
Topic #9,u'bread', 0.00014060833075143925
Topic #9,u'roll', 0.00014060833075143925
Topic #9,u'serving_specify', 0.00011754781576470269
Topic #9,u'ham', 0.00011246276250813607
Topic #9,u'one', 9.5573638842931627e-05
Topic #9,u'food_consists', 7.7430157435944512e-05
Topic #9,u'usual_name', 7.7430157435944512e-05
Topic #9,u'common', 7.7430157435944512e-05
Topic #9,u'rice', 7.7430133925306929e-05
Topic #1,u'optional', 0.00026534178075003905
Topic #1,u'manner_set_forth', 0.00016703220314258412
Topic #1,u'word_frozen', 0.00011253118727225333
Topic #1,u'word_contains', 0.00011247555561413883
Topic #1,u'contain', 1.4226818655825265e-05
Topic #1,u'onion_soup', 1.4223299177076778e-05
Topic #1,u'statement', 1.4223297890271045e-05
Topic #1,u'bear', 1.4223297890271045e-05
Topic #1,u'serving_specify', 1.4223296518031018e-05
Topic #1,u'ham', 1.4223295910291171e-05
Topic #8,u'weight', 0.00026521063747689277
Topic #8,u'order', 0.00026521063747689277
Topic #8,u'descend_predominance', 0.00026521063747689277
Topic #8,u'word_heat', 0.00011247625188000864
Topic #8,u'serve', 0.00011247558015878035
Topic #8,u'optional', 0.00011247241691571728
Topic #8,u'poultry', 5.4900695755776817e-05
Topic #8,u'onion_soup', 1.4216354717704698e-05
Topic #8,u'manner_set_forth', 1.4216354691638466e-05
Topic #8,u'bear', 1.4216353436428515e-05
Topic #10,u'frozen_heat', 0.00025698345958493696
Topic #10,u'dinner', 0.00021066681833517158
Topic #10,u'onion_soup', 0.00016689570417451069
Topic #10,u'serve_dinner', 0.00011808490978176326
Topic #10,u'serve', 0.00011243991477881823
Topic #10,u'chicken', 0.00011243924140896344
Topic #10,u'beef', 0.00011243924140896344
Topic #10,u'pea', 0.00011243919788629231
Topic #10,u'frozen', 0.0001124390764414452
Topic #10,u'phrase', 7.7413931274716955e-05
Topic #6,u'enrich', 0.00016708151731920131
Topic #6,u'white_bread', 0.00016708151731920131
Topic #6,u'onion_soup', 1.4227494488757537e-05
Topic #6,u'manner_set_forth', 1.4227494462759092e-05
Topic #6,u'statement', 1.4227493199780674e-05
Topic #6,u'bear', 1.4227493199780674e-05
Topic #6,u'word_contains', 1.4227491896819277e-05
Topic #6,u'serving_specify', 1.4227491826821168e-05
Topic #6,u'ham', 1.4227491215849797e-05
Topic #6,u'phrase_contain', 1.422749121444267e-05
Topic #3,u'artificially_flavor', 0.00016701749661433802
Topic #3,u'vanilla', 0.00016701749661433802
Topic #3,u'pudding', 0.00016701749661433802
Topic #3,u'fruit', 7.7470375674860796e-05
Topic #3,u'beverage', 7.7470375674755344e-05
Topic #3,u'potato', 7.7470375673867884e-05
Topic #3,u'cheese', 5.4922657809949422e-05
Topic #3,u'onion_soup', 1.4222041922508951e-05
Topic #3,u'manner_set_forth', 1.4222041896703135e-05
Topic #3,u'bear', 1.4222040634848409e-05
Topic #5,u'dessert', 7.7515713308076009e-05
Topic #5,u'vegetable', 5.4954799557093063e-05
Topic #5,u'onion_soup', 1.4230365026372448e-05
Topic #5,u'manner_set_forth', 1.4230364999268381e-05
Topic #5,u'statement', 1.4230363741381629e-05
Topic #5,u'bear', 1.4230363741381629e-05
Topic #5,u'word_contains', 1.4230362433584759e-05
Topic #5,u'serving_specify', 1.4230362363583363e-05
Topic #5,u'ham', 1.4230361751120402e-05
Topic #5,u'phrase_contain', 1.4230361749715143e-05
Topic #4,u'egg', 5.4958277524207945e-05
Topic #4,u'onion_soup', 1.4231265659945932e-05
Topic #4,u'manner_set_forth', 1.4231265631414007e-05
Topic #4,u'bear', 1.4231264372617529e-05
Topic #4,u'statement', 1.4231264372617529e-05
Topic #4,u'word_contains', 1.4231263065070995e-05
Topic #4,u'serving_specify', 1.4231262995054701e-05
Topic #4,u'ham', 1.4231262383483392e-05
Topic #4,u'phrase_contain', 1.4231262382076733e-05
Topic #4,u'pea', 1.4231262376451274e-05
