TopicNo,Topic Words,Probability Score
Topic #9,u'air_kerma', 0.016436572026792894
Topic #9,u'source', 0.00074008924597496423
Topic #9,u'fluoroscope', 0.00058073628195927471
Topic #9,u'follow', 0.00050651950736398511
Topic #9,u'ray_source', 0.00048791950235027793
Topic #9,u'activate', 0.00045503638469325151
Topic #9,u'requirement_apply', 0.00036222521182274596
Topic #9,u'time', 0.00036219575018618265
Topic #9,u'clearly', 0.00036218182819158508
Topic #9,u'high', 0.00022618103314710314
Topic #10,u'cumulative', 0.016078459401157118
Topic #10,u'irradiation_time', 0.008110006144962904
Topic #10,u'percent', 0.0076416053669868715
Topic #10,u'respectively', 0.0073803787758677606
Topic #10,u'deviate', 0.0036761427648176657
Topic #10,u'range', 0.0036761427648176657
Topic #10,u'display_akr', 0.0036761427648176657
Topic #10,u'actual_value', 0.0036761427648176657
Topic #10,u'maximum_indication', 0.0036761427648176657
Topic #10,u'fluoroscopic', 0.00080008933646699319
Topic #2,u'akr', 0.0090011358274229188
Topic #2,u'mgy', 0.0079878788930861991
Topic #2,u'mgymin', 0.0076088585410657265
Topic #2,u'actual_value', 0.0036702657474319647
Topic #2,u'maximum_indication', 0.0036702657474319647
Topic #2,u'deviate', 0.0036702657474319647
Topic #2,u'range', 0.0036702657474319647
Topic #2,u'display_akr', 0.0036702657474319647
Topic #2,u'minute', 0.00095113139213698838
Topic #2,u'current', 0.00071981951088334465
Topic #6,u'second', 0.0084673510614449096
Topic #6,u'greater', 0.0078923620739161284
Topic #6,u'determine', 0.0077320002643535765
Topic #6,u'least', 0.00062503576293979925
Topic #6,u'addition', 0.00052563798287870043
Topic #6,u'record', 0.00050106222966055331
Topic #6,u'require', 0.00034962810723753151
Topic #6,u'information', 0.00034142107042423882
Topic #6,u'fluoroscopic_image_receptor', 0.00030568439317708575
Topic #6,u'requirement', 0.00029879591556283283
Topic #1,u'compliance', 0.0078634891810020306
Topic #1,u'provide', 0.0017364052634513542
Topic #1,u'mean', 0.00089583182235176051
Topic #1,u'indicate', 0.0006776044396645069
Topic #1,u'equipment', 0.00048677862972879439
Topic #1,u'beam', 0.00046302514291580863
Topic #1,u'fluoroscopist', 0.00045601113917582894
Topic #1,u'signal_audible', 0.00045599938760322156
Topic #1,u'end', 0.00042454079017498751
Topic #1,u'modify', 0.00042129275158220585
Topic #4,u'display', 0.0021595018407567211
Topic #4,u'fluoroscopic_exposure', 0.00058357033296510693
Topic #4,u'reset', 0.00048309133224513402
Topic #4,u'initiation', 0.00044979275996852292
Topic #4,u'user', 0.00044038252412746741
Topic #4,u'lih_radiograph', 0.00043605204614327006
Topic #4,u'fluoroscopist', 0.00036776037876510518
Topic #4,u'indicate_prior', 0.00029814288585398456
Topic #4,u'fluoroscopic_equipment', 0.00026028482806007548
Topic #4,u'lateral_type', 0.0002548653934496753
Topic #8,u'exposure', 0.0010538747345786084
Topic #8,u'point', 0.00097037563456311797
Topic #8,u'measurement', 0.0008477804959335269
Topic #8,u'rate', 0.00076542780738617512
Topic #8,u'fluoroscopic_image', 0.0007598958572040893
Topic #8,u'specify', 0.00075807064276368766
Topic #8,u'paragraph', 0.00068699510140159559
Topic #8,u'image_receptor', 0.00059284794008971644
Topic #8,u'area', 0.00054496498801487412
Topic #8,u'termination', 0.00054274162354583141
Topic #7,u'image', 0.00080042951371951134
Topic #7,u'manufacturer', 0.00052054462009745793
Topic #7,u'system', 0.00050469763837840843
Topic #7,u'ray_tube', 0.00049225458374617316
Topic #7,u'simulation', 0.00037162570164878491
Topic #7,u'radiation_therapy', 0.00037162562069412852
Topic #7,u'operation', 0.00035722894633370331
Topic #7,u'produce', 0.00034588185919305457
Topic #7,u'use', 0.0003326380377633395
Topic #7,u'along', 0.00029902022314051181
Topic #3,u'fluoroscopic_equipment_manufacture', 0.00064298199684008686
Topic #3,u'limit', 0.00042928013939179263
Topic #3,u'specify', 0.0004052274498281865
Topic #3,u'except', 0.00029720891237723597
Topic #3,u'measure_compliance', 0.00029537904394102537
Topic #3,u'ray_beam', 0.00023987087033023729
Topic #3,u'plane', 0.00023198363408169866
Topic #3,u'one', 0.00020064424844647451
Topic #3,u'air', 0.00016142383792965131
Topic #3,u'patient', 0.00016142383792964459
Topic #5,u'ray_table', 0.00054039689561123064
Topic #5,u'fluoroscopy', 0.00037396229140134786
Topic #5,u'direction', 0.00022649587259169254
Topic #5,u'reference_location', 0.00016150071536957932
Topic #5,u'describe_specifically', 0.00016150004583709944
Topic #5,u'information_provide', 0.00016150004583709944
Topic #5,u'identify', 0.00016150004583709944
Topic #5,u'user_accord', 0.00016150004583709944
Topic #5,u'alternatively', 0.00016149998066551313
Topic #5,u'skin', 0.00016149998066391263
