TopicNo,Topic Words,Probability Score
Topic #10,u'provide', 0.0028633648483219346
Topic #10,u'paragraph', 0.0015118221050539448
Topic #10,u'mean', 0.00094412672085080254
Topic #10,u'use', 0.0008272318959888777
Topic #10,u'location', 0.00068851675921548672
Topic #10,u'indication', 0.00068317102374721881
Topic #10,u'image', 0.00068263079552959515
Topic #10,u'reference_plane', 0.00062474689300615885
Topic #10,u'number', 0.00061934563240702842
Topic #10,u'ray_system', 0.00055229187167088337
Topic #5,u'operation', 0.0016551038695558423
Topic #5,u'ct_condition', 0.001543418530736728
Topic #5,u'phantom', 0.00064063837315680224
Topic #5,u'centimeter', 0.0006197560312926158
Topic #5,u'condition', 0.00050875174667402729
Topic #5,u'addition', 0.00050871232685908725
Topic #5,u'initiation', 0.00043911519742201489
Topic #5,u'selectable', 0.00039231102569413861
Topic #5,u'either', 0.00036382978419146256
Topic #5,u'scan_sequence', 0.00036140581811132443
Topic #6,u'scan', 0.0011095728223619798
Topic #6,u'tomographic_section', 0.0008480047001323196
Topic #6,u'thickness', 0.00075428379624209202
Topic #6,u'nominal', 0.00071543341025558462
Topic #6,u'ray_system', 0.00047968497302933476
Topic #6,u'available', 0.00029216987389316568
Topic #6,u'selection', 0.00029216987389316568
Topic #6,u'three', 0.00029216987389316568
Topic #6,u'tomographic_plane', 0.00026929656843039583
Topic #6,u'quality_assurance', 0.00025387526657915196
Topic #2,u'scan_increment', 0.00084594417838297208
Topic #2,u'indicate', 0.00059847798336481409
Topic #2,u'actual', 0.00044523936115323926
Topic #2,u'image_performance', 0.00026317475794877923
Topic #2,u'applicable', 0.00023858802519301936
Topic #2,u'patient', 0.00022112151929762464
Topic #2,u'met', 0.00016059047241509834
Topic #2,u'permanent_marking', 0.00016059047241509834
Topic #2,u'accuracy', 0.00016059046085926433
Topic #2,u'visible_signal', 0.00016059046082106642
Topic #4,u'tomographic_plane', 0.00083076179537661067
Topic #4,u'manufacturer', 0.00077215653470159569
Topic #4,u'house', 0.00051093515404228621
Topic #4,u'scan_mechanism', 0.00051093515404228621
Topic #4,u'mean', 0.00041814945853681332
Topic #4,u'equipment', 0.00034389813466032692
Topic #4,u'shutter', 0.0003051785842357735
Topic #4,u'close', 0.00030515198357026064
Topic #4,u'point', 0.00030511638391185974
Topic #4,u'open', 0.00030511637845053987
Topic #7,u'ctdi', 0.00075222643908789521
Topic #7,u'ray_exposure', 0.00065363509592806428
Topic #7,u'one', 0.00064059881312227582
Topic #7,u'dosimetry_phantom', 0.00064055606533276288
Topic #7,u'system', 0.00058061334246971167
Topic #7,u'maximum', 0.00055857072915930356
Topic #7,u'half', 0.00050876112221372703
Topic #7,u'along', 0.00047623263928483871
Topic #7,u'second', 0.00044870433558293293
Topic #7,u'value', 0.00041366033062081555
Topic #9,u'system', 0.00068192690823408193
Topic #9,u'body', 0.00036336591174569895
Topic #9,u'tomogram', 0.00035399056699823747
Topic #9,u'multiple', 0.00023895818289926355
Topic #9,u'image', 0.00021429814429726462
Topic #9,u'ray_system_design', 0.00016902533006642507
Topic #9,u'status', 0.0001608410298528756
Topic #9,u'offset_alignment', 0.00016084101826619436
Topic #9,u'timer', 0.00016084097270542381
Topic #9,u'indicator', 0.00016083977481846869
Topic #3,u'statement', 0.00058199425466312236
Topic #3,u'standard_deviation', 0.00055041204430035723
Topic #3,u'determination', 0.00048997167020155036
Topic #3,u'number', 0.00041065774671430344
Topic #3,u'information_provide', 0.00039236869686390749
Topic #3,u'device', 0.00039219523087811602
Topic #3,u'accord', 0.00036305108069873408
Topic #3,u'measure', 0.00035271015184244666
Topic #3,u'compliance', 0.00030543220531049691
Topic #3,u'noise', 0.00029497323412430016
Topic #8,u'position', 0.00048138037222919452
Topic #8,u'ray', 0.00035473567775382893
Topic #8,u'area', 0.00032110048583104065
Topic #8,u'minimum', 0.000285806967687491
Topic #8,u'data_collection', 0.00025501737897230451
Topic #8,u'method', 0.00025500781727601397
Topic #8,u'element', 0.00022136413483915822
Topic #8,u'attenuation', 0.00020816993693098805
Topic #8,u'property', 0.00016909923486265702
Topic #8,u'termination', 0.00016073393634364363
Topic #1,u'least', 0.00033727874589114111
Topic #1,u'milligray', 0.00016130603167090961
Topic #1,u'respectively', 7.5104585587928277e-05
Topic #1,u'manual', 7.5083585186519453e-05
Topic #1,u'devote', 7.5083585186519453e-05
Topic #1,u'instruction_manual', 7.5083585186519453e-05
Topic #1,u'head_scanner', 5.3399285104497331e-05
Topic #1,u'definition', 5.3399284550116659e-05
Topic #1,u'diameter', 5.3383687374392784e-05
Topic #1,u'length', 5.3383687230509994e-05
