TopicNo,Topic Words,Probability Score
Topic #9,u'provide', 0.0032742994116636676
Topic #9,u'manufacturer', 0.0024428032644135253
Topic #9,u'tube', 0.002223684397941717
Topic #9,u'system', 0.0020395577637222747
Topic #9,u'manufacture', 0.0016288720094453349
Topic #9,u'component', 0.0015718828203937518
Topic #9,u'house_assembly', 0.0015189859806826846
Topic #9,u'ray_system', 0.001468755567056123
Topic #9,u'ray_tube', 0.0013199649333956271
Topic #9,u'information', 0.00098633916906253082
Topic #7,u'assembly', 0.0023261125555341018
Topic #7,u'diagnostic', 0.0019530366094616983
Topic #7,u'source', 0.001826049467760966
Topic #7,u'maximum', 0.0016410064490866754
Topic #7,u'line', 0.00130092286077628
Topic #7,u'air_kerma', 0.0011932359857841105
Topic #7,u'current', 0.0010572341110658327
Topic #7,u'associate', 0.0009187619552954115
Topic #7,u'necessary', 0.00090863418024513627
Topic #7,u'determine', 0.00089193018733529927
Topic #8,u'mode', 0.0016281075095941641
Topic #8,u'tabletop', 0.0015241760610960108
Topic #8,u'technique_factor', 0.0011878868014875653
Topic #8,u'paragraph', 0.00095647587411287955
Topic #8,u'image_receptors', 0.00090961786062179989
Topic #8,u'voltage_generator', 0.00074289684270511516
Topic #8,u'ray_tube_potential', 0.00067665812195126052
Topic #8,u'andor', 0.00056979597351087077
Topic #8,u'accordance', 0.00052175250473426534
Topic #8,u'front_panel', 0.00048077499058376606
Topic #1,u'operation', 0.0015970542427652405
Topic #1,u'ray_systems', 0.0015035481943922119
Topic #1,u'design', 0.00094718412584849732
Topic #1,u'operate', 0.00068842631516213783
Topic #1,u'ray_system_manufacture', 0.00045735669568865617
Topic #1,u'identification', 0.00043238417432846829
Topic #1,u'hour', 0.00042388016841274389
Topic #1,u'second', 0.00041261039854467848
Topic #1,u'maximum_rat', 0.00036386407516462559
Topic #1,u'includes', 0.00034300008976727059
Topic #2,u'mean', 0.0013112417539300608
Topic #2,u'beam', 0.0011513289605947212
Topic #2,u'tube_house', 0.0011456898048025292
Topic #2,u'instal', 0.00094833988998171764
Topic #2,u'rat', 0.0009171515559405828
Topic #2,u'voltage', 0.00083119696745413512
Topic #2,u'useful_beam', 0.00077517250785746981
Topic #2,u'akr', 0.00067870603306160126
Topic #2,u'within', 0.00058001700297654051
Topic #2,u'except', 0.00053267858736685337
Topic #3,u'section_and', 0.00130417899811851
Topic #3,u'paragraph', 0.0012176046512807426
Topic #3,u'include', 0.00099232410682669348
Topic #3,u'ray_system_design', 0.00091622444979720479
Topic #3,u'subject', 0.00068243539726157239
Topic #3,u'intraoral', 0.00061471569181324466
Topic #3,u'comply', 0.00057685763794069523
Topic #3,u'ray_component', 0.0004854762933318016
Topic #3,u'fluoroscopic_image_receptor', 0.00046772187695587341
Topic #3,u'december', 0.00044689007287598121
Topic #6,u'peak', 0.0013035353977801144
Topic #6,u'table', 0.0012900772344244232
Topic #6,u'number', 0.0011556573516623052
Topic #6,u'tube_potential', 0.001113324188991939
Topic #6,u'image_receptor', 0.00069770038038868734
Topic #6,u'rat', 0.00062940637717057743
Topic #6,u'device', 0.00054148313024453612
Topic #6,u'patient', 0.00053297812424246693
Topic #6,u'maximum', 0.00046336338447860027
Topic #6,u'serial', 0.00038598565522373761
Topic #4,u'high', 0.0012235909425565214
Topic #4,u'ray', 0.00075540333062068771
Topic #4,u'product', 0.00063765492672626894
Topic #4,u'applicable', 0.00056512333594013167
Topic #4,u'tube_current', 0.00042998834890701918
Topic #4,u'exposure_time', 0.00039606660759820578
Topic #4,u'label', 0.00029420367539093175
Topic #4,u'single', 0.00029397942961632937
Topic #4,u'scan_time', 0.00029381762227436375
Topic #4,u'vii', 0.00029201063776520549
Topic #10,u'exposure', 0.0011372164493925327
Topic #10,u'limit_device', 0.0010881997220848242
Topic #10,u'follows', 0.00042565854587535515
Topic #10,u'without', 0.00038268729818296182
Topic #10,u'control', 0.00035769248291621212
Topic #10,u'owner', 0.000343943734453507
Topic #10,u'respect', 0.00031892138233128193
Topic #10,u'automatic', 0.00029742814158278187
Topic #10,u'minimum', 0.00029203861869031848
Topic #10,u'variable', 0.0002800769755873
Topic #5,u'aluminum_equivalent', 0.0011125180102333117
Topic #5,u'cumulative', 0.00052722438164312267
Topic #5,u'fluoroscopic', 0.00041334445421510672
Topic #5,u'type', 0.00037760947227354075
Topic #5,u'separate', 0.00036511282350861038
Topic #5,u'ray', 0.00035384638962631651
Topic #5,u'total', 0.00034367279335331127
Topic #5,u'operator', 0.00034362446685450146
Topic #5,u'begin', 0.00025841534160026209
Topic #5,u'spot', 0.00024530929410360706
