TopicNo,Topic Words,Probability Score
Topic #6,u'measurement', 0.0012274571376781442
Topic #6,u'made', 0.0011232070865941576
Topic #6,u'adjust', 0.00065814450816748709
Topic #6,u'user_control', 0.00041432522677572374
Topic #6,u'rate', 0.00037094061921054205
Topic #6,u'exposure', 0.00037094061921054205
Topic #6,u'paragraph', 0.00035822270783987986
Topic #6,u'instrument', 0.00032680539587917428
Topic #6,u'condition_describe', 0.00025798316823482769
Topic #6,u'production', 0.00025721242564080509
Topic #9,u'voltage', 0.000846235515314394
Topic #9,u'television_receiver', 0.00061968219277765309
Topic #9,u'manufacturer', 0.00054775498200009432
Topic #9,u'maximum', 0.00053989202262341132
Topic #9,u'operate', 0.00053978558266793125
Topic #9,u'warn_label', 0.00049892683347180754
Topic #9,u'high', 0.00049871171702635961
Topic #9,u'result', 0.00046977374915263662
Topic #9,u'mean', 0.00040517706794370513
Topic #9,u'radiation_exposure_rate', 0.00035626358368244672
Topic #5,u'television_receiver', 0.00079051073824071944
Topic #5,u'manufacture', 0.00072604167469408367
Topic #5,u'subsequent', 0.00072604167398268734
Topic #5,u'applicable', 0.00023589406316225657
Topic #5,u'january', 0.00023589406275883681
Topic #5,u'square_centimeter', 0.0001713063507828367
Topic #5,u'area', 0.00017130164678221544
Topic #5,u'section_are', 7.8775528060907545e-05
Topic #5,u'provision', 7.8775527462532531e-05
Topic #5,u'test_condition', 1.4187930217512359e-05
Topic #10,u'radiation_emissions', 0.0006613519446518599
Topic #10,u'receiver', 0.00053434202576343418
Topic #10,u'external_surface', 0.00033657836916611361
Topic #10,u'centimeter', 0.00027200069537564161
Topic #10,u'area', 0.00017128205801894626
Topic #10,u'radiation', 0.00017128000087453539
Topic #10,u'sensitive_volume', 0.00017128000087453539
Topic #10,u'cross_section', 0.00017128000087453539
Topic #10,u'parallel', 0.00017128000087453539
Topic #10,u'ten', 0.00017127979450842111
Topic #8,u'component', 0.00056889416545080271
Topic #8,u'condition_identical', 0.00025924846188185894
Topic #8,u'circuit_failure', 0.00025924846188185894
Topic #8,u'together', 0.00025924846188185894
Topic #8,u'maximizes', 0.00025924846188185894
Topic #8,u'warn', 0.00025924841027071823
Topic #8,u'critical', 0.00025924841027071823
Topic #8,u'result', 0.00025924691142612162
Topic #8,u'test_condition', 0.00017129749144717402
Topic #8,u'plane_surfaces', 7.8771676202556672e-05
Topic #2,u'circuit', 0.00036080785492216685
Topic #2,u'close', 0.00011521601681385881
Topic #2,u'television', 0.00011521601681385881
Topic #2,u'accessible', 1.6623556379118216e-05
Topic #2,u'user', 1.6623556379118216e-05
Topic #2,u'failure', 1.4388953893010743e-05
Topic #2,u'improper_replacement', 1.4388953893010743e-05
Topic #2,u'shield_component', 1.4388953893010743e-05
Topic #2,u'improper_adjustment', 1.4388953893010743e-05
Topic #2,u'excess', 1.4388953893010743e-05
Topic #4,u'requirement', 0.00036005779580686268
Topic #4,u'five', 0.00027216691878680153
Topic #4,u'clearly', 0.00025938006245043005
Topic #4,u'legible', 0.00025938006245043005
Topic #4,u'service', 0.00025938006245043005
Topic #4,u'condition', 0.00025938006245043005
Topic #4,u'square_centimeters', 0.00017138463210611911
Topic #4,u'dimension_larger', 0.00017138463210611911
Topic #4,u'follow', 0.00017138459754262395
Topic #4,u'specific_conditions', 0.00017138459754262395
Topic #7,u'normal_usage', 0.0001799215516662893
Topic #7,u'enclosure', 0.00013324396625024172
Topic #7,u'fully', 0.00011518648106351238
Topic #7,u'assemble_receiver', 0.00011518648106351238
Topic #7,u'beyond', 7.8955371810523781e-05
Topic #7,u'extends', 7.8955370749868501e-05
Topic #7,u'ray_tube', 7.8955370632673931e-05
Topic #7,u'normally', 7.895537022324413e-05
Topic #7,u'plane_surfaces', 7.8955209780595502e-05
Topic #7,u'receiver', 1.4296698051169402e-05
Topic #1,u'test_condition', 1.4231861872503345e-05
Topic #1,u'area', 1.4231850371092347e-05
Topic #1,u'cable', 1.4231849895157687e-05
Topic #1,u'requirement', 1.4231849466493139e-05
Topic #1,u'measurement', 1.4231849129808977e-05
Topic #1,u'result', 1.4231847533158131e-05
Topic #1,u'critical', 1.4231847436532004e-05
Topic #1,u'warn', 1.4231847436532004e-05
Topic #1,u'made', 1.4231847396043611e-05
Topic #1,u'warn_label', 1.423184703505961e-05
Topic #3,u'test_condition', 1.4231861872459043e-05
Topic #3,u'area', 1.4231850371877005e-05
Topic #3,u'cable', 1.4231849895113289e-05
Topic #3,u'requirement', 1.4231849466448751e-05
Topic #3,u'measurement', 1.4231849129762031e-05
Topic #3,u'result', 1.4231847533131756e-05
Topic #3,u'warn', 1.4231847436481397e-05
Topic #3,u'critical', 1.4231847436481397e-05
Topic #3,u'made', 1.4231847399360683e-05
Topic #3,u'warn_label', 1.4231847035015952e-05
