TopicNo,Topic Words,Probability Score
Topic #10,u'cabinet', 0.0020686460775254513
Topic #10,u'manufacturer', 0.0004520848713004837
Topic #10,u'modification', 0.00045208487056203647
Topic #10,u'single_component', 0.00026327176083785017
Topic #10,u'failure', 0.00026327176083785017
Topic #10,u'indicator', 0.00020268441154334607
Topic #10,u'legibly_label', 0.00020256512644238817
Topic #10,u'adjustment', 0.00016063963149017424
Topic #10,u'certify_system', 0.00016063961976214226
Topic #10,u'test', 0.00016063961047297574
Topic #1,u'one', 0.001323967821097232
Topic #1,u'exposure', 0.001229367447229131
Topic #1,u'ray_system', 0.0010179220329800084
Topic #1,u'cabinet', 0.00074531374263948555
Topic #1,u'visible', 0.00067446408184816252
Topic #1,u'control', 0.00060298978794683816
Topic #1,u'indicator', 0.0005713768852906025
Topic #1,u'generation', 0.00056069197416776034
Topic #1,u'mean', 0.00054077956554711567
Topic #1,u'radiation', 0.00045152758056036559
Topic #5,u'system', 0.0011214286680454929
Topic #5,u'ray', 0.00094320979232452389
Topic #5,u'port', 0.00059825187043331554
Topic #5,u'open', 0.00038487827056434134
Topic #5,u'possible', 0.00038298886388690256
Topic #5,u'necessary', 0.0003662857392556665
Topic #5,u'access_panel', 0.00032799883187470034
Topic #5,u'generate', 0.00029568199594409608
Topic #5,u'provision', 0.00027655666793394688
Topic #5,u'ray_system', 0.00025029660283521664
Topic #8,u'ray_generation', 0.00106381856255509
Topic #8,u'period', 0.00023369337782857839
Topic #8,u'current', 0.00022197473568842237
Topic #8,u'instal', 0.00016114040509410815
Topic #8,u'ray_tube_current', 0.00010873480252262707
Topic #8,u'scatter_radiation', 7.5024980451092932e-05
Topic #8,u'maximum', 7.5024980451092932e-05
Topic #8,u'condition', 7.5024980451092932e-05
Topic #8,u'produce', 7.5024980451092932e-05
Topic #8,u'cross', 7.5024978483071537e-05
Topic #9,u'ray_systems', 0.00081028775456229224
Topic #9,u'door', 0.00067415149250044343
Topic #9,u'cost', 0.00030671227811855976
Topic #9,u'include', 0.00027727491272630642
Topic #9,u'carry', 0.00023835787299662553
Topic #9,u'inspection', 0.0002383578727157583
Topic #9,u'design_primarily', 0.00023835787214201699
Topic #9,u'upon', 0.00022097787182661109
Topic #9,u'purchaser', 0.00020139349714458189
Topic #9,u'preparation', 0.00016042245847881735
Topic #7,u'half', 0.00068480911606813436
Topic #7,u'second', 0.00068480558620154935
Topic #7,u'duration', 0.00030782820723184156
Topic #7,u'greater', 0.0002218684229813028
Topic #7,u'area', 0.00022182027055264779
Topic #7,u'applicable_requirement', 0.0001610689439043156
Topic #7,u'performance', 0.0001610689439043156
Topic #7,u'linear_dimension', 7.4989044923882238e-05
Topic #7,u'sectional', 7.4989044923882238e-05
Topic #7,u'ten', 7.4989044923882238e-05
Topic #2,u'provide', 0.00053567099915709064
Topic #2,u'caution', 0.00030616214754078727
Topic #2,u'baggage', 0.00023910888155223898
Topic #2,u'admit_human', 0.00020210807561723515
Topic #2,u'ray_system_design', 0.00020210635389931986
Topic #2,u'airline', 0.00020005136701718769
Topic #2,u'similar_facility', 0.00020005136312689062
Topic #2,u'equipment', 0.00020004381444118025
Topic #2,u'person_engage', 0.00016095442508852543
Topic #2,u'business', 0.00016095442508852543
Topic #3,u'assemble', 0.00053033534958619728
Topic #3,u'paragraph', 0.00050815282034317641
Topic #3,u'least', 0.00044764424398652361
Topic #3,u'control', 0.00042031334097902438
Topic #3,u'position', 0.00036684910021996024
Topic #3,u'compliance', 0.00036682497259922476
Topic #3,u'insure', 0.00034817520318311513
Topic #3,u'safety_interlock', 0.00028922725242078439
Topic #3,u'intend', 0.00025964209804522876
Topic #3,u'power', 0.0002542110309858536
Topic #4,u'legible', 0.00040304002003860268
Topic #4,u'test', 0.00016132289374947662
Topic #4,u'direct', 0.00016132286836759318
Topic #4,u'adjust', 0.00016132286836759318
Topic #4,u'potential', 0.00016132281115105037
Topic #4,u'ray_system_mean', 0.00011429367974117068
Topic #4,u'sign', 0.00010885407576997905
Topic #4,u'control_generation', 7.5107257013269185e-05
Topic #4,u'assemblage', 7.5107257013269185e-05
Topic #4,u'component', 7.5107257013269185e-05
Topic #6,u'permanently_affixed', 0.00036912809547253367
Topic #6,u'inscribe', 0.00029299922371243763
Topic #6,u'railroad', 0.00020041309194838107
Topic #6,u'bus_terminal', 0.00020041309158353468
Topic #6,u'floor', 0.00017510436900818749
Topic #6,u'voltage_generator', 0.00011423883725927656
Topic #6,u'except', 9.2538051234401081e-05
Topic #6,u'apply', 9.2535735696348617e-05
Topic #6,u'permit_access', 9.2493478050838509e-05
Topic #6,u'deem', 7.2312250038456325e-05
