TopicNo,Topic Words,Probability Score
Topic #6,u'chest_wall', 0.014555349176517617
Topic #6,u'image_receptor', 0.0059775536145094017
Topic #6,u'plane', 0.0023458737729773419
Topic #6,u'sid', 0.0018978022861498168
Topic #6,u'size', 0.0018041909618435211
Topic #6,u'ray_field', 0.0016757064377149345
Topic #6,u'design', 0.0012503726037434648
Topic #6,u'limit_device', 0.0010914461594962999
Topic #6,u'edge', 0.001060299455481451
Topic #6,u'field_size', 0.00092259952230402931
Topic #3,u'square_cm', 0.014328710133833177
Topic #3,u'area', 0.014193160760907632
Topic #3,u'greater', 0.014185907706069614
Topic #3,u'linear_dimension', 0.01410985562854966
Topic #3,u'measurement_average', 0.014059255412277344
Topic #3,u'determine', 0.00091428530057750888
Topic #3,u'useful_beam', 0.00059921199801015064
Topic #3,u'compliance', 0.00059836061734185053
Topic #3,u'measurement', 0.00055879813188931425
Topic #3,u'ray_systems', 0.00053950776365367463
Topic #9,u'barrier', 0.013379986952411136
Topic #9,u'primary', 0.013379986952411136
Topic #9,u'protective', 0.013379986952411136
Topic #9,u'along', 0.013058103789232459
Topic #9,u'radiation', 0.013006195265604004
Topic #9,u'sensitive_volume', 0.012865292316472699
Topic #9,u'side', 0.012865292316472699
Topic #9,u'measure_instrument', 0.012865292316472699
Topic #9,u'position_beyond', 0.012865292316472699
Topic #9,u'edge', 0.012643622257756794
Topic #2,u'provide', 0.0022397721273809935
Topic #2,u'exposure', 0.0018914221715237611
Topic #2,u'paragraph', 0.0015736591104290407
Topic #2,u'indicate', 0.0013157768574806666
Topic #2,u'system', 0.0010895899420709917
Topic #2,u'mean', 0.0009434966126734204
Topic #2,u'requirement', 0.00076093295966153988
Topic #2,u'vice', 0.00058764960621905942
Topic #2,u'met', 0.00057599168778372936
Topic #2,u'align', 0.00052171975200916417
Topic #5,u'beam', 0.0011993819123082092
Topic #5,u'september', 0.00064732850978074243
Topic #5,u'case', 0.00049305459596941568
Topic #5,u'select', 0.00044023998571899139
Topic #5,u'sum', 0.00033280666562475887
Topic #5,u'time', 0.00020845365913668235
Topic #5,u'fluoroscopist', 0.0001996020518182513
Topic #5,u'contrast_ratio', 0.00018908360534073304
Topic #5,u'tube', 0.00018716617045306857
Topic #5,u'ray_control', 0.00016059435953808481
Topic #10,u'aperture', 0.00064044700868444307
Topic #10,u'system_failure', 0.00064015139614977872
Topic #10,u'adjustment', 0.00055644622231190851
Topic #10,u'indication', 0.0005269169702969939
Topic #10,u'specify', 0.00038042856283980995
Topic #10,u'ray_field_limitation', 0.00031563195470162426
Topic #10,u'sids', 0.0002297124725361382
Topic #10,u'accordance', 0.00022550803212309338
Topic #10,u'ray_system', 0.00022131112976051499
Topic #10,u'percent_line', 0.00021354624500793747
Topic #1,u'film_devices', 0.0006164161678951823
Topic #1,u'fix', 0.00042688086774691678
Topic #1,u'operator', 0.00033569900582684813
Topic #1,u'use', 0.00029536386974535466
Topic #1,u'service', 0.00029003411007869729
Topic #1,u'two', 0.0002867779979132407
Topic #1,u'neither', 0.00025472985159143103
Topic #1,u'radiography', 0.00024689149475610458
Topic #1,u'average', 0.00023850516574212976
Topic #1,u'differ', 0.00023846295136298486
Topic #7,u'made', 0.00053202661273236463
Topic #7,u'stepless_adjustment', 0.00046183704655735242
Topic #7,u'microgy', 0.00045325858610853514
Topic #7,u'hour', 0.00038504619339025612
Topic #7,u'automatically', 0.00034599683587564946
Topic #7,u'ray_tube_current', 0.00031659415547169971
Topic #7,u'exposure_time', 0.00031658033652855015
Topic #7,u'per', 0.00031655958904188564
Topic #7,u'andor', 0.00028180656097190549
Topic #7,u'air_kerma', 0.00019841518969993311
Topic #8,u'product', 0.0003957531565550455
Topic #8,u'second', 0.00038247862476676665
Topic #8,u'equipment', 0.00037081116871778581
Topic #8,u'activation', 0.00030783678448207096
Topic #8,u'tube', 0.00030783433422603882
Topic #8,u'follows', 0.00025556787536046375
Topic #8,u'clearly', 0.00025554092793906924
Topic #8,u'image_receptors', 0.00016947137355953129
Topic #8,u'radiation_emit', 0.00016107229581385099
Topic #8,u'switch', 0.00016094508552320669
Topic #4,u'kvp', 0.000385682012697757
Topic #4,u'peak', 0.00038567823165747091
Topic #4,u'operable', 0.00030753654152175839
Topic #4,u'tube_potential', 0.00029123948147261828
Topic #4,u'containable', 0.00028225308885460287
Topic #4,u'portable', 0.000282251738188282
Topic #4,u'visual_indication', 0.00019992331063226298
Topic #4,u'dental', 0.00019987873078780561
Topic #4,u'minimum_ssd', 0.00019625087766718817
Topic #4,u'ten_cm', 0.00016085246854894946
