TopicNo,Topic Words,Probability Score
Topic #5,u'application', 0.015070273489192296
Topic #5,u'evaluate', 0.014335193399130683
Topic #5,u'act', 0.014335193399130683
Topic #5,u'paragraph', 0.0011272420964340323
Topic #5,u'exemption', 0.00057131402951809409
Topic #5,u'sought', 0.00043199844135553508
Topic #5,u'microwave_oven_model', 0.00043161695463109396
Topic #5,u'copy', 0.0002925695423367228
Topic #5,u'information', 0.00029250524316343007
Topic #5,u'federal', 0.00028002386314224546
Topic #4,u'oven', 0.0010668204705862733
Topic #4,u'radiation_safety', 0.00074867046204312847
Topic #4,u'necessary', 0.00058471090683169286
Topic #4,u'label', 0.00058407101550082439
Topic #4,u'instruction', 0.00049508579108360643
Topic #4,u'locate', 0.00045814448818560399
Topic #4,u'warning', 0.00044967962679566743
Topic #4,u'seal_surface', 0.00043867461030226961
Topic #4,u'elicit', 0.00040545093927224078
Topic #4,u'attention', 0.00040545093927224078
Topic #8,u'door', 0.0010153771962192833
Topic #8,u'microwave_oven', 0.00093140777441160123
Topic #8,u'device', 0.00089031273130975796
Topic #8,u'center', 0.00069082334290914641
Topic #8,u'provide', 0.00068787008915735547
Topic #8,u'safety_interlock', 0.00064365745980097947
Topic #8,u'radiological_health', 0.00063116422847544844
Topic #8,u'microwave_energy', 0.00060330602364729773
Topic #8,u'oven', 0.00057799865109720873
Topic #8,u'possible', 0.00056375660241574251
Topic #7,u'director', 0.00093598994093884282
Topic #7,u'determine', 0.00041014783417695275
Topic #7,u'equivalent_plane', 0.00021364502533775061
Topic #7,u'applicable', 0.00020823740261808216
Topic #7,u'face_type', 0.00016919673057334388
Topic #7,u'heavy', 0.00016919673057016723
Topic #7,u'sample', 0.0001603359173241701
Topic #7,u'applicable_product', 0.0001603359173241701
Topic #7,u'regulation', 0.0001603359173241701
Topic #7,u'information', 0.00016033255502346879
Topic #9,u'manufacturer', 0.00085279257504752642
Topic #9,u'upon', 0.00017622442961234415
Topic #9,u'contrast_color', 0.00016962892369083187
Topic #9,u'request', 0.00016962095588341321
Topic #9,u'lane', 0.00016120827071589068
Topic #9,u'fisher', 0.00016120827071589068
Topic #9,u'rockville', 0.00016120822520309519
Topic #9,u'cook', 9.2503140026653621e-05
Topic #9,u'alternative', 7.505266378410468e-05
Topic #9,u'test_procedures', 7.505266378410468e-05
Topic #10,u'operate', 0.00073564475105573662
Topic #10,u'one', 0.00046485338184621777
Topic #10,u'open', 0.0003958578143576725
Topic #10,u'specify', 0.00036712793777901717
Topic #10,u'oven', 0.00033214435410812535
Topic #10,u'cause', 0.0002682169276798393
Topic #10,u'microwave', 0.00026280197995517853
Topic #10,u'cavity', 0.0002565294909402711
Topic #10,u'attempt', 0.00025376864143077029
Topic #10,u'place', 0.00020767796127313647
Topic #2,u'service', 0.00053522930565509696
Topic #2,u'service_procedure', 0.00033328293450737178
Topic #2,u'limit', 0.00025258681485833701
Topic #2,u'power', 0.00023908301240843768
Topic #2,u'density', 0.00023907975121826143
Topic #2,u'service_adjustments', 0.00022571953626194743
Topic #2,u'prevent', 0.00021368794470685054
Topic #2,u'result', 0.00020829517669363254
Topic #2,u'exceed_the', 0.00017464734210496984
Topic #2,u'microwave_radiation_emission', 0.00016803446223583772
Topic #6,u'latch', 0.00038928567529515471
Topic #6,u'hinge', 0.00035015006387860979
Topic #6,u'wave', 0.00021376178414167095
Topic #6,u'density', 0.00018859084373123533
Topic #6,u'power', 0.00018858284342888033
Topic #6,u'hfa', 0.00016111124826392103
Topic #6,u'loosen', 0.00010871154834923391
Topic #6,u'interlock_operation', 0.00010871053588684184
Topic #6,u'warn_label', 0.00010871053587748625
Topic #6,u'damage', 0.0001087086457759536
Topic #3,u'interlock', 0.00026555394560789989
Topic #3,u'manual', 0.00016973487486065047
Topic #3,u'damage_door', 0.00016132144793483047
Topic #3,u'defective', 0.00010885240478758178
Topic #3,u'misadjusted_component', 0.00010885240478758178
Topic #3,u'arc', 0.00010885236910321577
Topic #3,u'oven_model', 0.00010885236910300342
Topic #3,u'wear', 0.0001088523691014089
Topic #3,u'conceal', 9.2580156954876801e-05
Topic #3,u'water_container', 7.5105374163849121e-05
Topic #1,u'replace', 0.00010895376179922731
Topic #1,u'magnetron', 0.00010895322724851891
Topic #1,u'check', 0.00010895207548786926
Topic #1,u'approximately', 7.5175332502024365e-05
Topic #1,u'inside_diameter', 7.5175332502024365e-05
Topic #1,u'milliliter_beaker', 7.5175332502024365e-05
Topic #1,u'purchaser', 5.3446112237151101e-05
Topic #1,u'measure_prior', 5.3446112201533861e-05
Topic #1,u'acquisition', 5.3446111504771219e-05
Topic #1,u'control_knob', 5.3446100512672746e-05
