TopicNo,Topic Words,Probability Score
Topic #3,u'food', 0.0012629197582496527
Topic #3,u'nutrient', 0.0012359269000449381
Topic #3,u'guideline', 0.0012220257144545266
Topic #3,u'common', 0.00098697131787428604
Topic #3,u'usual_name', 0.00098697131787428604
Topic #3,u'product', 0.00095618417174496363
Topic #3,u'government', 0.00092914896390190803
Topic #3,u'increase', 0.00088829017651592852
Topic #3,u'dietary_value', 0.00088829017651592852
Topic #3,u'inappropriate', 0.00088829017651592852
Topic #8,u'involve', 0.00090715265703760221
Topic #8,u'use', 5.5944909135394779e-05
Topic #8,u'blank', 1.4218539916856046e-05
Topic #8,u'fill', 1.4218539916856046e-05
Topic #8,u'___', 1.4218539028490324e-05
Topic #8,u'dietary_value', 1.4218538988337291e-05
Topic #8,u'inappropriate', 1.4218538988337291e-05
Topic #8,u'increase', 1.4218538988337291e-05
Topic #8,u'unnecessary', 1.4218538988337291e-05
Topic #8,u'whole', 1.4218537863526353e-05
Topic #6,u'appropriate', 0.00036896806901115601
Topic #6,u'paragraph', 0.00023563711529817324
Topic #6,u'statement_provide', 0.00023563711529817324
Topic #6,u'ineligible', 0.00012105001778451517
Topic #6,u'follow_requirement', 0.00011496276635887415
Topic #6,u'comply', 0.00011496276635887415
Topic #6,u'product_bear', 7.9038667608360695e-05
Topic #6,u'given', 5.5906051256951642e-05
Topic #6,u'exceeds', 1.5695673911003161e-05
Topic #6,u'maximum_establish', 1.5695673911003161e-05
Topic #5,u'compliance', 0.00023574110808161891
Topic #5,u'suggest', 0.00017990593846775317
Topic #5,u'minimum_level', 5.5955979517841358e-05
Topic #5,u'nutrient_composition', 5.5955979337139611e-05
Topic #5,u'range', 5.5955979337106638e-05
Topic #5,u'prescribes', 5.5955979085438248e-05
Topic #5,u'guideline', 1.4322718754543118e-05
Topic #5,u'procedure', 1.42534335789654e-05
Topic #5,u'specify', 1.42534335789654e-05
Topic #5,u'requirement_establish', 1.42534335789654e-05
Topic #2,u'statement', 0.00022149766260173127
Topic #2,u'claim', 0.00011496084981576402
Topic #2,u'labeling_represent', 0.00011496084981576402
Topic #2,u'applicable_section', 0.00011496084457636271
Topic #2,u'chapter_and', 0.00011496084457636271
Topic #2,u'labeling_require', 0.00011496084457636271
Topic #2,u'made', 0.00011496055692271615
Topic #2,u'label', 0.00011495473671816138
Topic #2,u'information_panel', 7.9037336923305372e-05
Topic #2,u'print', 7.9036886099707125e-05
Topic #10,u'except', 0.00021266328318387387
Topic #10,u'declare', 0.00016566659448058793
Topic #10,u'ingredient_statement', 0.00016566659448058793
Topic #10,u'word', 5.595883662225154e-05
Topic #10,u'optional', 5.5958835961209105e-05
Topic #10,u'product', 1.4243520567648088e-05
Topic #10,u'nutrient_addition', 1.4234172154163095e-05
Topic #10,u'involve', 1.4223549656721819e-05
Topic #10,u'fill', 1.4223518684170661e-05
Topic #10,u'blank', 1.4223518684170661e-05
Topic #4,u'whole', 7.9123100327012751e-05
Topic #4,u'general', 5.5988944994579604e-05
Topic #4,u'principle', 5.5988944246160591e-05
Topic #4,u'involve', 1.4229760687389847e-05
Topic #4,u'fill', 1.4229729682623691e-05
Topic #4,u'blank', 1.4229729682623691e-05
Topic #4,u'___', 1.4229728793209147e-05
Topic #4,u'unnecessary', 1.4229728753995394e-05
Topic #4,u'inappropriate', 1.4229728753995394e-05
Topic #4,u'increase', 1.4229728753995394e-05
Topic #9,u'print', 7.9119914394545649e-05
Topic #9,u'display_panel', 7.9119461022527526e-05
Topic #9,u'principal', 7.9119461022527526e-05
Topic #9,u'involve', 1.4229102319785869e-05
Topic #9,u'fill', 1.4229071319586537e-05
Topic #9,u'blank', 1.4229071319586537e-05
Topic #9,u'___', 1.4229070429878987e-05
Topic #9,u'increase', 1.4229070390724801e-05
Topic #9,u'inappropriate', 1.4229070390724801e-05
Topic #9,u'unnecessary', 1.4229070390724801e-05
Topic #1,u'nutritional_quality', 1.4247702425545669e-05
Topic #1,u'involve', 1.4231872644466883e-05
Topic #1,u'fill', 1.4231841630925729e-05
Topic #1,u'blank', 1.4231841630925729e-05
Topic #1,u'___', 1.4231840741875188e-05
Topic #1,u'unnecessary', 1.4231840701620603e-05
Topic #1,u'dietary_value', 1.4231840701620603e-05
Topic #1,u'increase', 1.4231840701620603e-05
Topic #1,u'inappropriate', 1.4231840701620603e-05
Topic #1,u'whole', 1.4231839576870281e-05
Topic #7,u'involve', 1.4231872871613781e-05
Topic #7,u'blank', 1.4231841856890629e-05
Topic #7,u'fill', 1.4231841856890629e-05
Topic #7,u'___', 1.4231840967955716e-05
Topic #7,u'inappropriate', 1.4231840927513653e-05
Topic #7,u'unnecessary', 1.4231840927513653e-05
Topic #7,u'dietary_value', 1.4231840927513653e-05
Topic #7,u'increase', 1.4231840927513653e-05
Topic #7,u'whole', 1.4231839803728452e-05
Topic #7,u'ineligible', 1.4231839763610021e-05
