TopicNo,Topic Words,Probability Score
Topic #10,u'food', 0.0031530994674958397
Topic #10,u'vitamin', 0.0015661826510369279
Topic #10,u'nutrient', 0.0013719495062424155
Topic #10,u'add', 0.00089931889839155632
Topic #10,u'accordance', 0.0005098923794215266
Topic #10,u'restore', 0.00042470099016179757
Topic #10,u'addition', 0.00038190278432399311
Topic #10,u'requires', 0.0003515508115384152
Topic #10,u'diet', 0.00034321832963537759
Topic #10,u'describe', 0.00030436621096505297
Topic #4,u'mineral', 0.00095765708702090664
Topic #4,u'protein', 0.00075808592054432038
Topic #4,u'calorie', 0.00020296339443705083
Topic #4,u'per', 0.00020295999846916486
Topic #4,u'percent', 0.00019684740003722762
Topic #4,u'reference', 0.00017513949792880831
Topic #4,u'potassium', 0.00016970014570112334
Topic #4,u'daily_intake', 0.00013595479946753957
Topic #4,u'handle', 0.00013541090428858927
Topic #4,u'process', 0.00012954994930480167
Topic #2,u'paragraph', 0.00065335213854142069
Topic #2,u'statement', 0.00063957488916193577
Topic #2,u'level', 0.00046772595823527807
Topic #2,u'claim', 0.00045304178242340563
Topic #2,u'list', 0.00036019396727661929
Topic #2,u'act', 0.0003463742342357516
Topic #2,u'labeling', 0.00030593294525933464
Topic #2,u'labeling_claim', 0.00025664709984746741
Topic #2,u'suitable', 0.00019977312085536178
Topic #2,u'inappropriate', 0.0001607231219150303
Topic #1,u'fortify', 0.0005562114112862862
Topic #1,u'appropriate', 0.00034797275160096392
Topic #1,u'consider', 0.00026167714071363723
Topic #1,u'kilocalorie', 0.00016991249689199997
Topic #1,u'food_contains', 0.00016990782791616592
Topic #1,u'iodine', 0.00016990748148454964
Topic #1,u'term_enrich', 0.0001614757493432879
Topic #1,u'cumulative_amounts', 0.00014967512721159317
Topic #1,u'source', 0.00014967512721159317
Topic #1,u'thiamin', 0.00010894365434938933
Topic #5,u'permit', 0.00050472376088298368
Topic #5,u'use', 0.000496142428380885
Topic #5,u'labeling_claims', 0.00016180070517014412
Topic #5,u'principle', 1.4288976083532052e-05
Topic #5,u'require', 1.4284157582864977e-05
Topic #5,u'establish_elsewhere', 1.4284157582864977e-05
Topic #5,u'describe', 1.4276324833119265e-05
Topic #5,u'principle_establish', 1.4276324833119265e-05
Topic #5,u'applicable_regulation', 1.4270053739625799e-05
Topic #5,u'fortification', 1.4269684140901172e-05
Topic #8,u'common', 0.00022261471510544252
Topic #8,u'usual_name', 0.00022261471510544252
Topic #8,u'add_nutrient', 0.00020078216337101384
Topic #8,u'base', 0.00018752513894743715
Topic #8,u'follow_label', 0.00016159988132721472
Topic #8,u'acceptable', 0.00016159988132721472
Topic #8,u'claim', 0.00016158799195911008
Topic #8,u'blank', 0.00016153432622910343
Topic #8,u'fill', 0.00016153432622910343
Topic #8,u'iron', 0.00010902736420420939
Topic #7,u'prohibits', 0.00020951102547889518
Topic #7,u'nutrient_additions', 0.00020951054917570639
Topic #7,u'nutritional_quality', 0.00011459270561085266
Topic #7,u'guideline_establish', 7.5289619825256703e-05
Topic #7,u'drug', 7.5289602596450864e-05
Topic #7,u'cosmetic_act', 7.5289602591819058e-05
Topic #7,u'fundamental_objective', 5.3509883497442786e-05
Topic #7,u'model', 5.3509883484267121e-05
Topic #7,u'serve', 5.3509883456019135e-05
Topic #7,u'uniform_set', 5.3509883400542969e-05
Topic #3,u'microgram', 0.00010924742157763008
Topic #3,u'folate', 0.00010924742157763008
Topic #3,u'sugar', 5.356998593011646e-05
Topic #3,u'delineate', 5.3569984842049188e-05
Topic #3,u'poultry', 5.3569984064919614e-05
Topic #3,u'chapter_and', 5.354446702512637e-05
Topic #3,u'paragraph', 1.4243151261757549e-05
Topic #3,u'term_enrich', 1.4226901019118137e-05
Topic #3,u'distribution', 1.4226901008105323e-05
Topic #3,u'labeling_claim', 1.4226900096985526e-05
Topic #6,u'total_intake', 0.00010922752661713956
Topic #6,u'daily_standard', 0.00010922752661713956
Topic #6,u'calorie', 0.00010922410900528591
Topic #6,u'federal_food', 7.5351936799401633e-05
Topic #6,u'standard', 7.5351936799401633e-05
Topic #6,u'identity_promulgate', 7.5351936799401633e-05
Topic #6,u'include_protein', 7.5351915402501986e-05
Topic #6,u'term_enrich', 1.4224309226436918e-05
Topic #6,u'distribution', 1.4224309204712762e-05
Topic #6,u'labeling_claim', 1.4224308293914202e-05
Topic #9,u'year', 0.00010914976515155553
Topic #9,u'adult', 0.00010914976515155553
Topic #9,u'child', 0.00010914976515155553
Topic #9,u'age', 0.00010914976515155553
Topic #9,u'zinc', 0.00010914975454885879
Topic #9,u'magnesium', 0.00010914975454885879
Topic #9,u'phosphorus', 0.00010914972596472544
Topic #9,u'biotin', 0.00010914972596287614
Topic #9,u'principle', 6.1220531110710167e-05
Topic #9,u'snack_food', 5.3522104866340655e-05
