TopicNo,Topic Words,Probability Score
Topic #5,u'frozen_heat', 0.0023281625251395876
Topic #5,u'serve_dinner', 0.0023281625244804226
Topic #5,u'one', 0.0021575596345542172
Topic #5,u'average_serve', 0.0020168502681591756
Topic #5,u'entire', 0.0020168502681591756
Topic #5,u'establish', 0.00064818528100052235
Topic #5,u'minimum_levels', 0.00049580823906998888
Topic #5,u'nutrient', 0.0004083714687553068
Topic #5,u'final_level', 0.00031130967376740055
Topic #5,u'obtain', 0.00031128389626316718
Topic #2,u'include', 0.0020726262891163204
Topic #2,u'nutrition_labeling', 0.0020327179392672983
Topic #2,u'paragraph', 0.00075154680483902362
Topic #2,u'prescribe', 0.00028795288682645961
Topic #2,u'nutrient_level', 0.00022593495812329745
Topic #2,u'product', 0.00020377079034451914
Topic #2,u'iodine', 0.00020307731658519913
Topic #2,u'food', 0.00016393890681719471
Topic #2,u'product_includes', 0.00016393890681719471
Topic #2,u'serving', 0.00016393890681719471
Topic #6,u'labeling', 0.0020364931965179568
Topic #6,u'purpose', 0.0020364931965179568
Topic #6,u'vitamin', 0.0006038920217106299
Topic #6,u'pantothenic_acid', 0.00026080453639027357
Topic #6,u'necessary', 0.00022637407694864548
Topic #6,u'phosphate', 0.00016424338499330994
Topic #6,u'exceed_the', 0.00016424338499330994
Topic #6,u'technological_addition', 0.00016424338499330994
Topic #6,u'intend_effect', 0.00016424338499330994
Topic #6,u'amount', 0.00016424338499330994
Topic #4,u'use', 0.00037787262971375419
Topic #4,u'bread', 0.00032971091653652044
Topic #4,u'present', 0.00031540895610790155
Topic #4,u'iodize_salt', 0.00031540688434378164
Topic #4,u'roll', 0.00020498501898012477
Topic #4,u'level_equivalent', 0.00016479968668234399
Topic #4,u'would', 0.00016479968668234399
Topic #4,u'manufacture', 0.00016479968668234399
Topic #4,u'iodine', 0.00012549719101421662
Topic #4,u'iron', 0.00011112075226804351
Topic #9,u'specify', 0.0002898732999896701
Topic #9,u'contain', 0.00020521092071303974
Topic #9,u'component', 0.0001792517641798108
Topic #9,u'folic_acid', 0.00016503580037287126
Topic #9,u'total', 0.00013907721364912707
Topic #9,u'par', 0.00013907666730084191
Topic #9,u'technologically_practicable', 9.9555944995306553e-05
Topic #9,u'keal', 7.6644970398872253e-05
Topic #9,u'three', 5.4388615752167836e-05
Topic #9,u'least', 5.438841331724641e-05
Topic #1,u'technologically_practicable', 0.00023070928391129869
Topic #1,u'gravy', 0.00013863542391178097
Topic #1,u'base_product', 9.4642960050237218e-05
Topic #1,u'egg', 5.4434105713123247e-05
Topic #1,u'nutrition_labeling', 1.4225300758855577e-05
Topic #1,u'labeling', 1.4225300712252459e-05
Topic #1,u'purpose', 1.4225300712252459e-05
Topic #1,u'average_serve', 1.4225279781423134e-05
Topic #1,u'entire', 1.4225279781423134e-05
Topic #1,u'vitamin', 1.4225278471693091e-05
Topic #7,u'beverage', 0.00016518332798562952
Topic #7,u'niacin', 0.0001113426841781675
Topic #7,u'thiamine', 0.00011134268417599982
Topic #7,u'gram', 7.671350584625095e-05
Topic #7,u'vitamin', 1.4297299082172897e-05
Topic #7,u'nutrition_labeling', 1.4226066013222431e-05
Topic #7,u'purpose', 1.4226065966703743e-05
Topic #7,u'labeling', 1.4226065966703743e-05
Topic #7,u'technologically_practicable', 1.4226052145456292e-05
Topic #7,u'entire', 1.4226045042704157e-05
Topic #3,u'dessert', 0.00016518221551112543
Topic #3,u'rice', 9.4632107985782532e-05
Topic #3,u'protein', 7.6712989119991093e-05
Topic #3,u'vegetable_mixture', 5.443667870084742e-05
Topic #3,u'another', 5.4436678227561967e-05
Topic #3,u'vegetable', 5.4436565155077886e-05
Topic #3,u'nutrition_labeling', 1.4225970211780982e-05
Topic #3,u'purpose', 1.422597016516883e-05
Topic #3,u'labeling', 1.422597016516883e-05
Topic #3,u'technologically_practicable', 1.422595634055796e-05
Topic #10,u'tentative', 0.00016513067040533204
Topic #10,u'calcium', 0.00016513067039836395
Topic #10,u'order', 0.00011687869539459983
Topic #10,u'bear', 5.4419693761262551e-05
Topic #10,u'eligible', 5.4419693703376543e-05
Topic #10,u'set_forth', 5.4419693645447032e-05
Topic #10,u'guideline', 5.4419693603182053e-05
Topic #10,u'statement', 5.441969353409236e-05
Topic #10,u'source', 5.4413689087443758e-05
Topic #10,u'protein_derive', 5.4413688973296372e-05
Topic #8,u'product_contain', 0.00016503067346900163
Topic #8,u'deem', 0.00016503067346900163
Topic #8,u'label', 0.00016503067346900163
Topic #8,u'accordance', 0.00016503067346900163
Topic #8,u'tentative_level', 0.00016503067346900163
Topic #8,u'misbranded', 0.00016503067346900163
Topic #8,u'zinc', 0.00016503060526007192
Topic #8,u'magnesium', 0.00016503060525944479
Topic #8,u'etc', 0.00013903540952411747
Topic #8,u'gravy', 1.4770482283492518e-05
