TopicNo,Topic Words,Probability Score
Topic #4,u'approve', 0.024305402989814824
Topic #4,u'provide', 0.0022072198810324556
Topic #4,u'incorporate', 0.0011410622946999075
Topic #4,u'section_and', 0.00070184177265434895
Topic #4,u'necessary', 0.00066826480246289064
Topic #4,u'modification', 0.0004984206307028353
Topic #4,u'requirement', 0.00045588101374186555
Topic #4,u'cause', 0.0002969631123035983
Topic #4,u'use', 0.00026566671166750966
Topic #4,u'made', 0.00026562097262560413
Topic #7,u'office', 0.022875797977615662
Topic #7,u'number', 0.02269208579255301
Topic #7,u'budget', 0.022460386981746138
Topic #7,u'management', 0.022460386981746138
Topic #7,u'compliance', 0.00070019426968703584
Topic #7,u'director', 0.00040110981995345883
Topic #7,u'test', 0.00028888473575276085
Topic #7,u'iiia', 0.00015393401357828909
Topic #7,u'informational_requirement', 0.00014632257739385281
Topic #7,u'legible_reproduction', 0.00014632257738924386
Topic #3,u'control', 0.022477720739190087
Topic #3,u'laser_product', 0.0057842131202100987
Topic #3,u'paragraph', 0.004896137027117181
Topic #3,u'laser', 0.0033521726800166442
Topic #3,u'accessible_emission_limit', 0.0033247796421687703
Topic #3,u'collateral_radiation', 0.0032280388971107883
Topic #3,u'excess', 0.0028843626883726797
Topic #3,u'class', 0.0027445824810000356
Topic #3,u'laser_radiation', 0.0023915339761922377
Topic #3,u'product', 0.0023231427650610898
Topic #10,u'include', 0.0017395406455751738
Topic #10,u'follow_word', 0.0006661701367364182
Topic #10,u'erfe', 0.00056420761155079584
Topic #10,u'hazardous', 0.00038298751859225486
Topic #10,u'second', 0.00034539330498899802
Topic #10,u'device', 0.00033163242089630078
Topic #10,u'intend', 0.00030751179163324979
Topic #10,u'vii', 0.00030597349683797963
Topic #10,u'user_information', 0.0003058541806993545
Topic #10,u'legible_reproductions', 0.00030441543696306208
Topic #2,u'label', 0.0015759115484373332
Topic #2,u'greater', 0.0011034045182204682
Topic #2,u'avoid', 0.00082711636751335062
Topic #2,u'could', 0.00081408598369094097
Topic #2,u'item', 0.00077567474137957618
Topic #2,u'equal', 0.00069299654712823657
Topic #2,u'direct', 0.00067003054729317297
Topic #2,u'accessible_emission', 0.00065180180184325957
Topic #2,u'specify', 0.00064460878500944164
Topic #2,u'energy_source', 0.00061090720347823366
Topic #9,u'beam', 0.00096698280015302155
Topic #9,u'optical_instrument', 0.0004992199879295206
Topic #9,u'stare', 0.00049382439971122399
Topic #9,u'hazard', 0.00043971072586155478
Topic #9,u'view', 0.00040133523195381185
Topic #9,u'adequate_instruction', 0.00034490627770337995
Topic #9,u'applicable_logotype', 0.00030590850589294247
Topic #9,u'view_directly', 0.00029285008117978684
Topic #9,u'function', 0.00029281071331120986
Topic #9,u'direct_exposure', 0.00028719088811791796
Topic #1,u'irradiance', 0.00089480142760959397
Topic #1,u'upon', 0.0008342734022651195
Topic #1,u'class_ii', 0.00080200641867619828
Topic #1,u'accessible_laser_radiation', 0.00078395130497060375
Topic #1,u'cost', 0.00030643874540695764
Topic #1,u'viewports', 0.00029614464781028971
Topic #1,u'hfz', 0.00025437467991180516
Topic #1,u'written_application', 0.00025435304450684837
Topic #1,u'watt', 0.00017409308663841373
Topic #1,u'own_initiative', 0.00016031361038406204
Topic #6,u'limit', 0.00081676779390732403
Topic #6,u'radiant_power', 0.00054152362489818357
Topic #6,u'maximum', 0.00048440113687194723
Topic #6,u'element', 0.00021334406464785217
Topic #6,u'area', 0.00020110555721448872
Topic #6,u'size', 0.00019954492065390111
Topic #6,u'equivalent', 0.00019591644768424934
Topic #6,u'replacement', 0.00018631657078497162
Topic #6,u'average', 0.00017434417397897494
Topic #6,u'purchase', 0.00016055148803312481
Topic #8,u'applicable', 0.00066632501322935994
Topic #8,u'possible', 0.00065440152266752047
Topic #8,u'cautionhazardous', 0.00059769102412644414
Topic #8,u'electromagnetic_radiation', 0.00049991168840874637
Topic #8,u'color_optional', 0.00045249055753835836
Topic #8,u'design', 0.00034098902859716162
Topic #8,u'pulse', 0.00031596490298181412
Topic #8,u'pulse_duration', 0.00029325491020407564
Topic #8,u'determine', 0.00017407049824858035
Topic #8,u'capable', 0.00016855914556615479
Topic #5,u'applicable_requirement', 0.00028244710936050846
Topic #5,u'removable', 0.0002475427135463075
Topic #5,u'require_labels', 0.00016098522022036301
Topic #5,u'hazard_warning', 0.00016098522022036301
Topic #5,u'inscribe', 0.000160985175683145
Topic #5,u'catalog', 0.00016098517567032127
Topic #5,u'jcm', 0.00011405995500170131
Topic #5,u'follow', 0.00011405587988667369
Topic #5,u'square_volt', 0.00010863237061101213
Topic #5,u'performance_requirement', 0.00010863234269611545
