TopicNo,Topic Words,Probability Score
Topic #4,u'class_iiia', 0.0027788178453978614
Topic #4,u'laser_product', 0.00049165667199036931
Topic #4,u'laser_radiation', 0.00041437198709540543
Topic #4,u'level', 0.00030786895778151408
Topic #4,u'medical', 0.00019963664481533876
Topic #4,u'use', 0.00013777617724499035
Topic #4,u'irradiation', 0.00011574119257328282
Topic #4,u'human_body', 0.00011574119254742705
Topic #4,u'class_iii', 0.00011572603302285734
Topic #4,u'affix', 0.00011021987427726062
Topic #3,u'laser_product', 0.00068417100800543412
Topic #3,u'demonstration', 0.00031346478480151892
Topic #3,u'applicable_requirement', 0.00029995416426564162
Topic #3,u'comply', 0.00029995416417953781
Topic #3,u'alignment', 0.00020672365335188788
Topic #3,u'paragraph', 0.00017792610210342268
Topic #3,u'measurement', 0.00017432961457302491
Topic #3,u'system', 0.00013803723079832211
Topic #3,u'laser_aperture', 0.00011045488386841273
Topic #3,u'medical', 0.00010608526197346749
Topic #2,u'class', 0.00054612120830343125
Topic #2,u'excess', 0.00040992603736016506
Topic #2,u'accessible_emission_limit', 0.00040992603736016506
Topic #2,u'permit', 0.00029141971924338865
Topic #2,u'human_access', 0.00029141971924338865
Topic #2,u'iiia', 0.00029141971924338865
Topic #2,u'close_proximity', 0.00011050747815212012
Topic #2,u'accessible_laser_radiation', 0.00011050747815212012
Topic #2,u'emit', 0.00011050747815212012
Topic #2,u'aperture', 0.00011050747815212012
Topic #1,u'iia', 0.00031277705698507663
Topic #1,u'class_ii', 1.4227596305121188e-05
Topic #1,u'applicable', 1.4227596301456571e-05
Topic #1,u'class_iia', 1.4227596301185065e-05
Topic #1,u'survey', 1.4227595320261233e-05
Topic #1,u'laser_aperture', 1.4227593103878428e-05
Topic #1,u'demonstration', 1.4227591433995136e-05
Topic #1,u'alignment', 1.422758991651397e-05
Topic #1,u'word', 1.4227589867451604e-05
Topic #1,u'label_bear', 1.4227589867451604e-05
Topic #8,u'survey', 0.00020724670697377901
Topic #8,u'class_ii', 0.00016429616288576651
Topic #8,u'iia', 1.4226967302149923e-05
Topic #8,u'applicable', 1.4226962419132064e-05
Topic #8,u'class_iia', 1.4226962418865918e-05
Topic #8,u'laser_aperture', 1.4226959224830131e-05
Topic #8,u'demonstration', 1.4226957553782386e-05
Topic #8,u'alignment', 1.422695603765646e-05
Topic #8,u'word', 1.4226955988581634e-05
Topic #8,u'label_bear', 1.4226955988581634e-05
Topic #9,u'class_iia', 0.00016430321983063991
Topic #9,u'applicable', 0.00016430321981957137
Topic #9,u'iia', 1.4227578389155495e-05
Topic #9,u'class_ii', 1.4227573507235718e-05
Topic #9,u'survey', 1.4227572523009105e-05
Topic #9,u'laser_aperture', 1.4227570306757204e-05
Topic #9,u'demonstration', 1.4227568636901161e-05
Topic #9,u'alignment', 1.4227567119422246e-05
Topic #9,u'word', 1.4227567070352607e-05
Topic #9,u'label_bear', 1.4227567070352607e-05
Topic #6,u'manufacturer', 5.421773933881875e-05
Topic #6,u'iia', 1.5834024865205145e-05
Topic #6,u'applicable', 1.423125332734129e-05
Topic #6,u'class_ii', 1.4231253321596599e-05
Topic #6,u'class_iia', 1.4231253318422186e-05
Topic #6,u'survey', 1.4231252336827773e-05
Topic #6,u'laser_aperture', 1.4231250120151595e-05
Topic #6,u'demonstration', 1.4231248450230695e-05
Topic #6,u'alignment', 1.4231246932271185e-05
Topic #6,u'label_bear', 1.4231246883269992e-05
Topic #7,u'purpose', 5.4205781028406202e-05
Topic #7,u'specific', 5.420578085451729e-05
Topic #7,u'laser_product', 1.4277897578209296e-05
Topic #7,u'medical', 1.4245891520055614e-05
Topic #7,u'iia', 1.4230711366344049e-05
Topic #7,u'class_ii', 1.4230706485298268e-05
Topic #7,u'applicable', 1.4230706482403028e-05
Topic #7,u'class_iia', 1.4230706482124476e-05
Topic #7,u'survey', 1.4230705497452473e-05
Topic #7,u'laser_aperture', 1.4230703283318888e-05
Topic #10,u'iia', 1.4231850098597915e-05
Topic #10,u'class_ii', 1.4231845214220546e-05
Topic #10,u'applicable', 1.4231845211440972e-05
Topic #10,u'class_iia', 1.4231845211045582e-05
Topic #10,u'survey', 1.4231844236092547e-05
Topic #10,u'laser_aperture', 1.4231842015114037e-05
Topic #10,u'demonstration', 1.4231840342219077e-05
Topic #10,u'alignment', 1.4231838824287365e-05
Topic #10,u'word', 1.4231838775271253e-05
Topic #10,u'label_bear', 1.4231838775271253e-05
Topic #5,u'iia', 1.4231850097539593e-05
Topic #5,u'class_ii', 1.4231845214215801e-05
Topic #5,u'applicable', 1.4231845211507881e-05
Topic #5,u'class_iia', 1.4231845211040921e-05
Topic #5,u'survey', 1.4231844229587835e-05
Topic #5,u'laser_aperture', 1.423184201280297e-05
Topic #5,u'demonstration', 1.4231840342214568e-05
Topic #5,u'alignment', 1.4231838824282619e-05
Topic #5,u'word', 1.4231838775313772e-05
Topic #5,u'label_bear', 1.4231838775313772e-05
