TopicNo,Topic Words,Probability Score
Topic #7,u'lamp', 0.010351598879703673
Topic #7,u'test', 0.0081235940585527803
Topic #7,u'reflector', 0.0077000408235753199
Topic #7,u'surround_material', 0.0077000408235753199
Topic #7,u'mercury_vapor', 0.00099943278341886707
Topic #7,u'intensity', 0.00098268352810684193
Topic #7,u'discharge', 0.00094507924788358208
Topic #7,u'ultraviolet_radiation', 0.00056233755254557157
Topic #7,u'shortwave', 0.00050391708941183448
Topic #7,u'comply', 0.0004454680527692231
Topic #4,u'outer_envelope', 0.0012669477704505621
Topic #4,u'broken', 0.00099608498114161321
Topic #4,u'lamp', 0.00087152023691654062
Topic #4,u'puncture', 0.0006945877694553113
Topic #4,u'lamp_package', 0.00058844662659019689
Topic #4,u'letter', 0.00049328743443891325
Topic #4,u'manner', 0.00031556260671513253
Topic #4,u'remove', 0.00031556260671513253
Topic #4,u'commercially_available', 0.00030722186394706617
Topic #4,u'automatically_extinguish', 0.00030722186394706617
Topic #8,u'high', 0.0011829046397031661
Topic #8,u'manufacturer', 0.00058492039708375179
Topic #8,u'extinguish_lamp', 0.00045245796098012877
Topic #8,u'manufacture', 0.00036401409310613973
Topic #8,u'cumulative', 0.00035853977010680938
Topic #8,u'luminaire', 0.000307856110931847
Topic #8,u'ballast', 0.00020015793754609554
Topic #8,u'advertise', 0.00016109257404013972
Topic #8,u'cubic_meter', 0.00016109252794520968
Topic #8,u'lamp_design', 0.00016098919327135156
Topic #3,u'self', 0.00077844503786352309
Topic #3,u'paragraph', 0.00077368313392715078
Topic #3,u'requirement', 0.00021322278069498609
Topic #3,u'exception', 0.00014831627067829077
Topic #3,u'millimeter', 0.00010904367362481361
Topic #3,u'base_shell', 0.00010904367362481361
Topic #3,u'extend', 0.00010904367362481361
Topic #3,u'fragment', 0.00010904367362481361
Topic #3,u'damage_occurs', 0.00010904363254564857
Topic #3,u'word', 0.00010151989422506641
Topic #2,u'minute', 0.00059187268223918877
Topic #2,u'within', 0.0003370920621723018
Topic #2,u'use', 0.00030822062317146896
Topic #2,u'people', 0.00030822062317146896
Topic #2,u'safety_precaution', 0.00030822062317146896
Topic #2,u'shield', 0.00030822062317146896
Topic #2,u'remain', 0.00030822062317146896
Topic #2,u'adequate', 0.00030822062317146896
Topic #2,u'outer_envelope', 0.00025159142767362629
Topic #2,u'removal', 0.00020328672913889166
Topic #1,u'prominently_display', 0.00040429389937576306
Topic #1,u'clearly', 0.00025671360267082464
Topic #1,u'mean', 0.00025332213997952959
Topic #1,u'follow_word', 0.00016178101507489221
Topic #1,u'cubic', 0.00016178101503607021
Topic #1,u'foot', 0.00016178101503607021
Topic #1,u'lamp_advertisement', 0.00016178096925582145
Topic #1,u'nanometer', 7.5238521410582855e-05
Topic #1,u'wavelength_shorter', 7.5238521410582855e-05
Topic #1,u'price_list', 5.3516695304079544e-05
Topic #9,u'enclosure', 0.00030929637571719626
Topic #9,u'extinguish_lamps', 0.00020362775855299435
Topic #9,u'label', 0.00017026160716662723
Topic #9,u'permanently_affix', 0.00017026160716662723
Topic #9,u'perform', 0.00016179054960156538
Topic #9,u'inscribe_tag', 7.5310746533423765e-05
Topic #9,u'require', 7.5310746533423765e-05
Topic #9,u'lieu', 7.5310746533423765e-05
Topic #9,u'product', 7.5310746533423765e-05
Topic #9,u'director', 7.5302237178654001e-05
Topic #10,u'test_condition', 0.00016196892743726589
Topic #10,u'current', 0.00016196892743633014
Topic #10,u'ansi_c', 7.5381388847166585e-05
Topic #10,u'commercial_brochure', 5.3578882786953165e-05
Topic #10,u'literature', 5.3578882704593177e-05
Topic #10,u'descriptive', 5.3578882415993426e-05
Topic #10,u'specification_sheet', 5.357887054105572e-05
Topic #10,u'section_apply', 5.3568785099230133e-05
Topic #10,u'provision', 5.3568784658273733e-05
Topic #10,u'high', 1.4240328219972474e-05
Topic #6,u'word_warn', 0.00016194432238447011
Topic #6,u'warn', 0.00016194432238442451
Topic #6,u'institute', 7.5369962133251314e-05
Topic #6,u'national_standards', 7.5369962133251314e-05
Topic #6,u'copy', 7.5369962133251314e-05
Topic #6,u'available', 7.5369962133251314e-05
Topic #6,u'broadway', 7.5369937577763531e-05
Topic #6,u'american', 7.5369828900553166e-05
Topic #6,u'storage', 5.3551581749738371e-05
Topic #6,u'containment', 5.3551581597827111e-05
Topic #5,u'high', 1.4246799111380524e-05
Topic #5,u'surround_material', 1.4231894276930282e-05
Topic #5,u'reflector', 1.4231894276930282e-05
Topic #5,u'lamp_labeling', 1.4231847148695062e-05
Topic #5,u'cubic_meter', 1.42318450671433e-05
Topic #5,u'lamp_voltage', 1.4231845030152734e-05
Topic #5,u'lamp_advertisement', 1.4231844987497417e-05
Topic #5,u'warn', 1.423184498074424e-05
Topic #5,u'word_warn', 1.4231844980742379e-05
Topic #5,u'current', 1.423184497137908e-05
