TopicNo,Topic Words,Probability Score
Topic #10,u'food', 0.00066896495498829079
Topic #10,u'ingredient', 0.00051658025026133411
Topic #10,u'specific_plant', 0.00025899333004636177
Topic #10,u'reveal', 0.00025899333004636177
Topic #10,u'animal', 0.00025899333004636177
Topic #10,u'name', 0.00025899333004636177
Topic #10,u'clearly', 0.00025899333004636177
Topic #10,u'source', 0.00025899333004636177
Topic #10,u'whole', 0.00025899285441813237
Topic #10,u'animal_matter', 0.00025899285441813237
Topic #1,u'ingredient_thereof', 0.00025998334536929223
Topic #1,u'infant_food', 7.8994870074042785e-05
Topic #1,u'color', 1.4227442496947842e-05
Topic #1,u'flavor', 1.4227442496789255e-05
Topic #1,u'include_spice', 1.4227442496737334e-05
Topic #1,u'source', 1.4227424022600851e-05
Topic #1,u'clearly', 1.4227424022600851e-05
Topic #1,u'specific_plant', 1.4227424022600851e-05
Topic #1,u'animal', 1.4227424022600851e-05
Topic #1,u'reveal', 1.4227424022600851e-05
Topic #6,u'qualify', 0.00025961769569943032
Topic #6,u'source', 0.00025961722563246862
Topic #6,u'specific_plant', 0.00025961722563246862
Topic #6,u'reveal', 0.00025961722563246862
Topic #6,u'animal', 0.00025961722563246862
Topic #6,u'clearly', 0.00025961722563246862
Topic #6,u'name', 0.00025961722563246862
Topic #6,u'ingredient_thereof', 1.4207431419429694e-05
Topic #6,u'color', 1.4207413347720397e-05
Topic #6,u'flavor', 1.4207413347073618e-05
Topic #5,u'include_spice', 0.00017180957155279973
Topic #5,u'ingredient_thereof', 1.4229637257135785e-05
Topic #5,u'color', 1.4229619170194497e-05
Topic #5,u'flavor', 1.422961917012187e-05
Topic #5,u'specific_plant', 1.4229600687159868e-05
Topic #5,u'source', 1.4229600687159868e-05
Topic #5,u'name', 1.4229600687159868e-05
Topic #5,u'reveal', 1.4229600687159868e-05
Topic #5,u'animal', 1.4229600687159868e-05
Topic #5,u'clearly', 1.4229600687159868e-05
Topic #9,u'flavor', 0.00017178250207403601
Topic #9,u'color', 0.00017178250207151307
Topic #9,u'ingredient_thereof', 1.4227395290143714e-05
Topic #9,u'include_spice', 1.4227377220531097e-05
Topic #9,u'specific_plant', 1.4227358738418601e-05
Topic #9,u'source', 1.4227358738418601e-05
Topic #9,u'name', 1.4227358738418601e-05
Topic #9,u'reveal', 1.4227358738418601e-05
Topic #9,u'animal', 1.4227358738418601e-05
Topic #9,u'clearly', 1.4227358738418601e-05
Topic #8,u'label', 0.00011525664973208025
Topic #8,u'bear', 0.00011525664973208025
Topic #8,u'ingredient_thereof', 1.4229004296734196e-05
Topic #8,u'color', 1.422898618230007e-05
Topic #8,u'flavor', 1.422898618222755e-05
Topic #8,u'include_spice', 1.422898618217579e-05
Topic #8,u'specific_plant', 1.4228967719929726e-05
Topic #8,u'source', 1.4228967719929726e-05
Topic #8,u'name', 1.4228967719929726e-05
Topic #8,u'animal', 1.4228967719929726e-05
Topic #7,u'andor', 0.00011517522962805074
Topic #7,u'alone', 0.00011517522962805074
Topic #7,u'mineral', 0.00011517522962805074
Topic #7,u'dietary_supplement', 0.00011517522962805074
Topic #7,u'vitamin', 0.00011517522962805074
Topic #7,u'purport', 0.0001151752249506084
Topic #7,u'special_dietary', 0.0001151752249506084
Topic #7,u'infant', 0.0001151752249506084
Topic #7,u'represent', 0.0001151752249506084
Topic #7,u'ingredient_thereof', 1.4218948679522338e-05
Topic #3,u'ingredient_thereof', 1.4231879930399866e-05
Topic #3,u'color', 1.4231861828931946e-05
Topic #3,u'flavor', 1.4231861826255966e-05
Topic #3,u'include_spice', 1.4231861826203482e-05
Topic #3,u'clearly', 1.4231843343453455e-05
Topic #3,u'specific_plant', 1.4231843343453455e-05
Topic #3,u'source', 1.4231843343453455e-05
Topic #3,u'name', 1.4231843343453455e-05
Topic #3,u'reveal', 1.4231843343453455e-05
Topic #3,u'animal', 1.4231843343453455e-05
Topic #2,u'ingredient_thereof', 1.4231879929786886e-05
Topic #2,u'color', 1.4231861826342745e-05
Topic #2,u'flavor', 1.4231861826269735e-05
Topic #2,u'include_spice', 1.4231861826217606e-05
Topic #2,u'clearly', 1.4231843342515237e-05
Topic #2,u'specific_plant', 1.4231843342515237e-05
Topic #2,u'source', 1.4231843342515237e-05
Topic #2,u'name', 1.4231843342515237e-05
Topic #2,u'reveal', 1.4231843342515237e-05
Topic #2,u'animal', 1.4231843342515237e-05
Topic #4,u'ingredient_thereof', 1.4231879929667672e-05
Topic #4,u'include_spice', 1.4231861828596464e-05
Topic #4,u'color', 1.4231861826691332e-05
Topic #4,u'flavor', 1.4231861826272546e-05
Topic #4,u'specific_plant', 1.4231843342552778e-05
Topic #4,u'source', 1.4231843342552778e-05
Topic #4,u'name', 1.4231843342552778e-05
Topic #4,u'reveal', 1.4231843342552778e-05
Topic #4,u'animal', 1.4231843342552778e-05
Topic #4,u'clearly', 1.4231843342552778e-05
