TopicNo,Topic Words,Probability Score
Topic #3,u'food', 0.0012763642674430017
Topic #3,u'name', 0.0005691933339314855
Topic #3,u'process', 0.00050080889166553757
Topic #3,u'treatment', 0.00050080889166553757
Topic #3,u'source', 0.00050026673892610907
Topic #3,u'animal', 0.00050026673892610907
Topic #3,u'reveal', 0.00050026673892610907
Topic #3,u'specific_plant', 0.00050026673892610907
Topic #3,u'clearly', 0.00050026673892610907
Topic #3,u'ingredient_thereof', 0.0004131517101390854
Topic #5,u'ingredient', 0.00067555037417478536
Topic #5,u'usual_name', 0.00011515417000382589
Topic #5,u'quantity', 0.00011515417000382589
Topic #5,u'proportion', 0.00011515417000382589
Topic #5,u'common', 0.00011515417000382589
Topic #5,u'case', 2.1833017419328745e-05
Topic #5,u'fabricate', 2.1833017419328745e-05
Topic #5,u'two', 2.1833017419328745e-05
Topic #5,u'animal', 1.4763404013213637e-05
Topic #5,u'reveal', 1.4763404013213637e-05
Topic #8,u'color', 0.00017180957155458755
Topic #8,u'include_spice', 1.4229607345606848e-05
Topic #8,u'flavor', 1.4229607237716633e-05
Topic #8,u'treatment', 1.4229604144283803e-05
Topic #8,u'process', 1.4229604144283803e-05
Topic #8,u'name', 1.4229602572147451e-05
Topic #8,u'clearly', 1.4229601015996572e-05
Topic #8,u'reveal', 1.4229601015996572e-05
Topic #8,u'specific_plant', 1.4229601015996572e-05
Topic #8,u'animal', 1.4229601015996572e-05
Topic #9,u'flavor', 0.00011526822374644654
Topic #9,u'color', 1.4230423861581173e-05
Topic #9,u'include_spice', 1.4230412049270402e-05
Topic #9,u'treatment', 1.4230408844977016e-05
Topic #9,u'process', 1.4230408844977016e-05
Topic #9,u'name', 1.4230407267699856e-05
Topic #9,u'clearly', 1.4230405716030637e-05
Topic #9,u'reveal', 1.4230405716030637e-05
Topic #9,u'specific_plant', 1.4230405716030637e-05
Topic #9,u'animal', 1.4230405716030637e-05
Topic #2,u'label', 0.00011525664976846792
Topic #2,u'bear', 0.00011525664976846792
Topic #2,u'color', 1.4228986182458782e-05
Topic #2,u'include_spice', 1.4228974378579051e-05
Topic #2,u'flavor', 1.4228974275038641e-05
Topic #2,u'process', 1.4228971176876467e-05
Topic #2,u'treatment', 1.4228971176876467e-05
Topic #2,u'name', 1.422896959802968e-05
Topic #2,u'reveal', 1.4228968048777525e-05
Topic #2,u'specific_plant', 1.4228968048777525e-05
Topic #10,u'hypoallergenic_food', 7.9014293482209278e-05
Topic #10,u'color', 1.4230939834274674e-05
Topic #10,u'include_spice', 1.4230928005324432e-05
Topic #10,u'flavor', 1.4230927897474549e-05
Topic #10,u'process', 1.4230924813585685e-05
Topic #10,u'treatment', 1.4230924813585685e-05
Topic #10,u'name', 1.4230923237260802e-05
Topic #10,u'reveal', 1.4230921684209027e-05
Topic #10,u'specific_plant', 1.4230921684209027e-05
Topic #10,u'animal', 1.4230921684209027e-05
Topic #6,u'color', 1.4231861826514858e-05
Topic #6,u'include_spice', 1.4231850000064232e-05
Topic #6,u'flavor', 1.423184989215264e-05
Topic #6,u'treatment', 1.4231846801372288e-05
Topic #6,u'process', 1.4231846801372288e-05
Topic #6,u'name', 1.4231845225679316e-05
Topic #6,u'clearly', 1.4231843671566939e-05
Topic #6,u'reveal', 1.4231843671566939e-05
Topic #6,u'specific_plant', 1.4231843671566939e-05
Topic #6,u'animal', 1.4231843671566939e-05
Topic #7,u'color', 1.4231861826514318e-05
Topic #7,u'include_spice', 1.4231850001968857e-05
Topic #7,u'flavor', 1.4231849892044888e-05
Topic #7,u'treatment', 1.4231846801369551e-05
Topic #7,u'process', 1.4231846801369551e-05
Topic #7,u'name', 1.4231845225703019e-05
Topic #7,u'clearly', 1.4231843671566216e-05
Topic #7,u'reveal', 1.4231843671566216e-05
Topic #7,u'specific_plant', 1.4231843671566216e-05
Topic #7,u'animal', 1.4231843671566216e-05
Topic #1,u'color', 1.4231861826507779e-05
Topic #1,u'include_spice', 1.4231849999957786e-05
Topic #1,u'flavor', 1.4231849892636646e-05
Topic #1,u'treatment', 1.4231846801362719e-05
Topic #1,u'process', 1.4231846801362719e-05
Topic #1,u'name', 1.4231845225651083e-05
Topic #1,u'clearly', 1.4231843671562811e-05
Topic #1,u'reveal', 1.4231843671562811e-05
Topic #1,u'specific_plant', 1.4231843671562811e-05
Topic #1,u'animal', 1.4231843671562811e-05
Topic #4,u'color', 1.4231861826506047e-05
Topic #4,u'include_spice', 1.4231849999957189e-05
Topic #4,u'flavor', 1.4231849892039691e-05
Topic #4,u'treatment', 1.4231846801461368e-05
Topic #4,u'process', 1.4231846801461368e-05
Topic #4,u'name', 1.4231845225650246e-05
Topic #4,u'clearly', 1.423184367155732e-05
Topic #4,u'reveal', 1.423184367155732e-05
Topic #4,u'specific_plant', 1.423184367155732e-05
Topic #4,u'animal', 1.423184367155732e-05
