TopicNo,Topic Words,Probability Score
Topic #6,u'respectively', 0.0025681189596725006
Topic #6,u'food', 0.00066842873289213814
Topic #6,u'achieve', 0.00031285037487267293
Topic #6,u'cannot', 0.00016350437835995908
Topic #6,u'sugar', 0.00016350437835995908
Topic #6,u'nutritive_sweetener', 0.00016350437835995908
Topic #6,u'specifically', 0.00016350437835995908
Topic #6,u'physical_characteristic', 0.00016350437835995908
Topic #6,u'solely', 0.00016350437835995908
Topic #6,u'except', 0.00016350437835995908
Topic #7,u'regulation', 0.00031409172987690898
Topic #7,u'consider', 0.00016415315167340482
Topic #7,u'available_carbohydrate', 0.00016415315167340482
Topic #7,u'calorie', 0.00016415315167340482
Topic #7,u'intake', 0.00016415315167340482
Topic #7,u'purpose', 0.0001641531315514875
Topic #7,u'pathological', 7.6280341145752768e-05
Topic #7,u'condition', 7.6279717811175536e-05
Topic #7,u'cosmetic_act', 5.4154190221124575e-05
Topic #7,u'respectively', 1.4214665326410288e-05
Topic #3,u'old', 0.00031185545739504197
Topic #3,u'year', 0.000311852980939799
Topic #3,u'particular', 0.00026864942104351601
Topic #3,u'age', 0.00020671370058699976
Topic #3,u'supply', 0.00017238852266598088
Topic #3,u'need', 0.00017238852266598088
Topic #3,u'exist', 0.00017238852266598088
Topic #3,u'dietary', 0.00017238852266598088
Topic #3,u'reason', 0.00017238852266598088
Topic #3,u'limit', 0.00017238852123226768
Topic #1,u'special_dietary', 0.00030068053790551489
Topic #1,u'diet', 0.00016422447917830937
Topic #1,u'diabetic', 0.00016422447917830937
Topic #1,u'therefore', 0.00016422447917830937
Topic #1,u'term', 5.4177730714191723e-05
Topic #1,u'old', 1.5821516660612222e-05
Topic #1,u'year', 1.5821399404913741e-05
Topic #1,u'particular', 1.4222348330426176e-05
Topic #1,u'food', 1.4221281634800321e-05
Topic #1,u'respectively', 1.4220842143232188e-05
Topic #9,u'general', 0.000172782472348676
Topic #9,u'reserve', 0.00016419221014657607
Topic #9,u'child', 0.00016419221014562225
Topic #9,u'purport', 0.00010799078129558284
Topic #9,u'represent', 0.00010799078129558284
Topic #9,u'regardless', 0.00010799078129558284
Topic #9,u'whether', 0.00010799078129558284
Topic #9,u'distinguish', 7.6298522045867208e-05
Topic #9,u'hereafter', 5.4167107221454275e-05
Topic #9,u'act', 5.4167106442267223e-05
Topic #5,u'term_infant', 0.00016426806701391232
Topic #5,u'interpretation', 9.4144556719325884e-05
Topic #5,u'definition', 9.4144556320769777e-05
Topic #5,u'convalescence', 7.6333754790901455e-05
Topic #5,u'lactation', 7.6333754790166704e-05
Topic #5,u'federal_food', 5.4192135547009867e-05
Topic #5,u'term_contain', 5.4192135328637489e-05
Topic #5,u'respectively', 1.4224622203102817e-05
Topic #5,u'child', 1.4224529516668505e-05
Topic #5,u'reserve', 1.4224529516643452e-05
Topic #2,u'month', 0.00016423406990628909
Topic #2,u'person', 0.00016423358317691321
Topic #2,u'adult', 0.00016423358317691321
Topic #2,u'old', 0.00016423099068323864
Topic #2,u'pregnancy', 7.6317701152529057e-05
Topic #2,u'physiological', 7.6317701152445926e-05
Topic #2,u'respectively', 1.4221630559958123e-05
Topic #2,u'child', 1.4221537969595247e-05
Topic #2,u'reserve', 1.4221537969570074e-05
Topic #2,u'term_infant', 1.4221537962766874e-05
Topic #8,u'overweight', 0.00011079515156531871
Topic #8,u'drug', 5.4212590335426859e-05
Topic #8,u'respectively', 1.4229994649529737e-05
Topic #8,u'child', 1.4229901889674571e-05
Topic #8,u'reserve', 1.4229901889649406e-05
Topic #8,u'term_infant', 1.4229901882842116e-05
Topic #8,u'old', 1.4229899255654791e-05
Topic #8,u'dietary_property', 1.4229898664052127e-05
Topic #8,u'underweight', 1.4229898655971332e-05
Topic #8,u'mineral', 1.4229898642654917e-05
Topic #4,u'mineral', 0.00011079515156437426
Topic #4,u'mean_particular', 5.4212590767475482e-05
Topic #4,u'respectively', 1.4229994649522653e-05
Topic #4,u'child', 1.4229901889669762e-05
Topic #4,u'reserve', 1.4229901889644568e-05
Topic #4,u'term_infant', 1.4229901882837637e-05
Topic #4,u'old', 1.4229899255650059e-05
Topic #4,u'dietary_property', 1.4229898663981562e-05
Topic #4,u'underweight', 1.4229898655973524e-05
Topic #4,u'overweight', 1.4229898642714298e-05
Topic #10,u'applicable', 5.421566579443931e-05
Topic #10,u'follow_addition', 5.4215665482920027e-05
Topic #10,u'definition', 1.4245899743589227e-05
Topic #10,u'interpretation', 1.4245899238749436e-05
Topic #10,u'respectively', 1.4230799437779478e-05
Topic #10,u'child', 1.4230706667633518e-05
Topic #10,u'reserve', 1.4230706667608373e-05
Topic #10,u'term_infant', 1.4230706663628509e-05
Topic #10,u'old', 1.423070403312055e-05
Topic #10,u'dietary_property', 1.423070343880857e-05
