TopicNo,Topic Words,Probability Score
Topic #1,u'micrometer', 0.0036927969266120188
Topic #1,u'smaller', 0.0036927969266120188
Topic #1,u'microbiological_contaminant', 0.00016201019343220857
Topic #1,u'physical', 0.00016201019343195619
Topic #1,u'pressure', 7.5337027833753437e-05
Topic #1,u'taken', 7.5331083939843304e-05
Topic #1,u'need', 7.5331083939843304e-05
Topic #1,u'respect', 7.5331083939843304e-05
Topic #1,u'action', 7.5331083939843304e-05
Topic #1,u'product', 1.4321711476710347e-05
Topic #5,u'particle', 0.0036807033110484457
Topic #5,u'filter_capable', 0.0036807033110484457
Topic #5,u'retain', 0.0036807033110484457
Topic #5,u'train', 0.00016147961438454963
Topic #5,u'properly_maintained', 7.5090301037440121e-05
Topic #5,u'smaller', 1.4072379459130599e-05
Topic #5,u'micrometer', 1.4072379459130599e-05
Topic #5,u'physical', 1.4072330148092914e-05
Topic #5,u'microbiological_contaminant', 1.4072330148085618e-05
Topic #5,u'true_temperature', 1.4072326976701777e-05
Topic #3,u'manufacturer', 0.0014068001259746493
Topic #3,u'ensure', 0.0011980026189574086
Topic #3,u'infant_formula', 0.00098409237238414435
Topic #3,u'use', 0.00063437329439846961
Topic #3,u'equipment', 0.00056557533936813084
Topic #3,u'clean', 0.0005342546256403496
Topic #3,u'product', 0.00043863591027043535
Topic #3,u'accordance', 0.00037791992430356457
Topic #3,u'utensil', 0.0003573333335738074
Topic #3,u'maintenance', 0.00034779114919037849
Topic #4,u'temperature', 0.0012341791240720926
Topic #4,u'process', 0.00034630259201321969
Topic #4,u'indicate_device', 0.00025848290887628205
Topic #4,u'final', 0.00018997601205206517
Topic #4,u'individual_qualify', 0.00016290746094737411
Topic #4,u'education', 0.00016290746094737411
Topic #4,u'infant_formula_at', 0.00010982843977679081
Topic #4,u'exceed', 0.00010982843977679081
Topic #4,u'monitor', 1.6487173408352869e-05
Topic #4,u'record', 1.5064556648701109e-05
Topic #9,u'cold_storage', 0.00098420994015785261
Topic #9,u'maintain', 0.00091999905619234831
Topic #9,u'compartment', 0.0008275524941136923
Topic #9,u'temperature_control', 0.00059456538520683867
Topic #9,u'record', 0.00058336750650072699
Topic #9,u'frequency', 0.00044693895924871873
Topic #9,u'monitor', 0.00040269257310439582
Topic #9,u'equip', 0.00039453973674845571
Topic #9,u'process_materials', 0.0003019647084753764
Topic #9,u'infant_formula', 0.00026778669696368148
Topic #2,u'necessary', 0.000883807824042202
Topic #2,u'surface', 0.00024192190241517116
Topic #2,u'contact_ingredient', 0.00024192190209171391
Topic #2,u'regulation', 0.00020235192427999447
Topic #2,u'close', 0.00016279102928391405
Topic #2,u'space', 0.00016279102928391405
Topic #2,u'feed_gas', 0.00016279102928391405
Topic #2,u'end', 0.00016279102928391405
Topic #2,u'gas_line', 0.00016279102928391405
Topic #2,u'practical', 0.00016279102928391405
Topic #7,u'control', 0.00060546097733935392
Topic #7,u'instrument', 0.00050445518029897259
Topic #7,u'prevent_adulteration', 0.00047249093650005957
Topic #7,u'manufacturer', 0.00038146732422255589
Topic #7,u'point', 0.00028478464281918357
Topic #7,u'ensure', 0.00023391355134789972
Topic #7,u'replace', 0.00022353998359808753
Topic #7,u'storage', 0.0002047019683717451
Topic #7,u'accuracy', 0.00019806925050957745
Topic #7,u'time', 0.00017075845048553515
Topic #8,u'sanitize', 0.0005007854867244599
Topic #8,u'continue_basis', 0.00011005373340602361
Topic #8,u'indicate_devices', 0.00011005373339771082
Topic #8,u'water_activity', 7.5882273013223211e-05
Topic #8,u'regulation_establish', 5.390024578810359e-05
Topic #8,u'infant_formula_are', 1.4237845458546052e-05
Topic #8,u'clean', 1.4236484678520872e-05
Topic #8,u'micrometer', 1.4220799754947708e-05
Topic #8,u'smaller', 1.4220799754947708e-05
Topic #8,u'filter_capable', 1.4220777668179702e-05
Topic #10,u'record_device', 0.00025905397799617322
Topic #10,u'reflect', 0.00011007298508061422
Topic #10,u'provide', 7.5895548833559414e-05
Topic #10,u'except', 7.5895548833559414e-05
Topic #10,u'paragraph', 7.5895548833559414e-05
Topic #10,u'coolant', 5.3909668844740363e-05
Topic #10,u'lubricant', 5.3909668468488267e-05
Topic #10,u'compartment', 1.4223390575905661e-05
Topic #10,u'cold_storage', 1.4223355782791106e-05
Topic #10,u'micrometer', 1.4223283731614163e-05
Topic #6,u'container', 0.00020265346258031982
Topic #6,u'sufficient', 0.00017149496437095856
Topic #6,u'machine', 0.00016277565610090002
Topic #6,u'remove', 0.00016277565610090002
Topic #6,u'compress_gases', 0.00016277565610090002
Topic #6,u'headspace', 0.00016277565610090002
Topic #6,u'air', 0.00016277565610090002
Topic #6,u'product_fill', 0.00016277565610090002
Topic #6,u'regulate', 0.00011544015949179155
Topic #6,u'intend', 0.00011543967352944601
