TopicNo,Topic Words,Probability Score
Topic #5,u'product', 0.0004610323774102362
Topic #5,u'pack', 0.00036026596038619903
Topic #5,u'period', 0.00025895723328513885
Topic #5,u'production_aggregate', 0.00021576806657043983
Topic #5,u'establishment', 0.00011498467859893844
Topic #5,u'infant_formula', 0.00011498467859893844
Topic #5,u'sequential', 0.00011498467859893844
Topic #5,u'cod', 0.00011498467859893844
Topic #5,u'identifies', 0.00011498467859893844
Topic #5,u'stage', 0.00011498467859893844
Topic #3,u'day', 0.00041741877804990404
Topic #3,u'year', 0.000171740222630141
Topic #3,u'period', 1.4773724991470086e-05
Topic #3,u'product', 1.4360538060395251e-05
Topic #3,u'production_aggregate', 1.431975691266438e-05
Topic #3,u'pack', 1.4295580759177307e-05
Topic #3,u'cod', 1.4271797617049602e-05
Topic #3,u'number', 1.4271797617049602e-05
Topic #3,u'establishment', 1.4271797617049602e-05
Topic #3,u'manufacture', 1.4271797617049602e-05
Topic #7,u'raw_material', 0.00025980894248414394
Topic #7,u'handle', 0.00025980894248414394
Topic #7,u'use', 0.00025980894248414394
Topic #7,u'receipt', 0.00025980894248414394
Topic #7,u'year', 1.4217876052410354e-05
Topic #7,u'traceability', 1.42178690313758e-05
Topic #7,u'include', 1.4217865905555849e-05
Topic #7,u'day', 1.4217865723725188e-05
Topic #7,u'period', 1.4217864566419949e-05
Topic #7,u'product', 1.4217857041722247e-05
Topic #6,u'year', 0.00017178264829522126
Topic #6,u'include', 0.00017178263747758389
Topic #6,u'traceability', 1.4227365287172236e-05
Topic #6,u'day', 1.4227361977107837e-05
Topic #6,u'period', 1.4227360813260992e-05
Topic #6,u'use', 1.4227359846923056e-05
Topic #6,u'raw_material', 1.4227359846923056e-05
Topic #6,u'handle', 1.4227359846923056e-05
Topic #6,u'receipt', 1.4227359846923056e-05
Topic #6,u'product', 1.4227353289123172e-05
Topic #9,u'traceability', 0.00011526822365133871
Topic #9,u'year', 1.423041895746999e-05
Topic #9,u'include', 1.4230408805487994e-05
Topic #9,u'day', 1.423040862344639e-05
Topic #9,u'period', 1.4230407467621168e-05
Topic #9,u'use', 1.4230406500636116e-05
Topic #9,u'raw_material', 1.4230406500636116e-05
Topic #9,u'handle', 1.4230406500636116e-05
Topic #9,u'receipt', 1.4230406500636116e-05
Topic #9,u'product', 1.4230399937663297e-05
Topic #10,u'year', 1.4231856939224438e-05
Topic #10,u'traceability', 1.4231849893405855e-05
Topic #10,u'include', 1.423184676416122e-05
Topic #10,u'day', 1.4231846600073009e-05
Topic #10,u'period', 1.4231845423630846e-05
Topic #10,u'use', 1.4231844456574806e-05
Topic #10,u'raw_material', 1.4231844456574806e-05
Topic #10,u'handle', 1.4231844456574806e-05
Topic #10,u'receipt', 1.4231844456574806e-05
Topic #10,u'product', 1.4231837891425842e-05
Topic #8,u'year', 1.4231856921356742e-05
Topic #8,u'traceability', 1.423184989358678e-05
Topic #8,u'include', 1.423184676432403e-05
Topic #8,u'day', 1.4231846582043088e-05
Topic #8,u'period', 1.4231845423631363e-05
Topic #8,u'use', 1.4231844456389225e-05
Topic #8,u'raw_material', 1.4231844456389225e-05
Topic #8,u'handle', 1.4231844456389225e-05
Topic #8,u'receipt', 1.4231844456389225e-05
Topic #8,u'product', 1.423183789142636e-05
Topic #4,u'year', 1.4231856921194434e-05
Topic #4,u'traceability', 1.4231849893406382e-05
Topic #4,u'include', 1.4231846764161745e-05
Topic #4,u'day', 1.4231846582043076e-05
Topic #4,u'period', 1.4231845423631372e-05
Topic #4,u'use', 1.4231844456389231e-05
Topic #4,u'raw_material', 1.4231844456389231e-05
Topic #4,u'handle', 1.4231844456389231e-05
Topic #4,u'receipt', 1.4231844456389231e-05
Topic #4,u'product', 1.4231837891426367e-05
Topic #1,u'year', 1.4231856921194432e-05
Topic #1,u'traceability', 1.423184989340638e-05
Topic #1,u'include', 1.4231846764161745e-05
Topic #1,u'day', 1.4231846582043071e-05
Topic #1,u'period', 1.4231845423631372e-05
Topic #1,u'use', 1.4231844456389231e-05
Topic #1,u'raw_material', 1.4231844456389231e-05
Topic #1,u'handle', 1.4231844456389231e-05
Topic #1,u'receipt', 1.4231844456389231e-05
Topic #1,u'product', 1.4231837891426367e-05
Topic #2,u'year', 1.4231856921194427e-05
Topic #2,u'traceability', 1.4231849893406814e-05
Topic #2,u'include', 1.4231846764161745e-05
Topic #2,u'day', 1.4231846582043068e-05
Topic #2,u'period', 1.423184542363137e-05
Topic #2,u'use', 1.4231844456389231e-05
Topic #2,u'raw_material', 1.4231844456389231e-05
Topic #2,u'handle', 1.4231844456389231e-05
Topic #2,u'receipt', 1.4231844456389231e-05
Topic #2,u'product', 1.4231837891426367e-05
