TopicNo,Topic Words,Probability Score
Topic #8,u'microorganism', 0.00062440475582435401
Topic #8,u'table', 0.00017972599391041577
Topic #8,u'paragraph', 0.00017972599386534247
Topic #8,u'contains', 0.00011489470564497559
Topic #8,u'value_list', 0.00011489470564497559
Topic #8,u'exceeds', 0.00011489470564497559
Topic #8,u'cronobacter', 0.0001020258512327942
Topic #8,u'spp', 0.0001020258512327942
Topic #8,u'sample_size', 0.0001020258512327942
Topic #8,u'meet', 7.8869723625687738e-05
Topic #7,u'value', 0.00041647715588982238
Topic #7,u'htm', 0.00025932335329382643
Topic #7,u'sample_size', 0.00017158660310458479
Topic #7,u'spp', 0.00017158660310458479
Topic #7,u'cronobacter', 0.00017158660310458479
Topic #7,u'bacteriological', 0.00017134741390441649
Topic #7,u'use', 0.00017134741390441649
Topic #7,u'analytical', 0.00017134741390441649
Topic #7,u'food', 0.00017134741390441649
Topic #7,u'list_below', 0.00017134741390441649
Topic #6,u'infant_formula', 0.00034359397546671511
Topic #6,u'none_detect', 0.00025949565894883771
Topic #6,u'powder', 0.00024431647579138221
Topic #6,u'manufacturer', 0.00024404560871377443
Topic #6,u'test', 0.00017967330197257838
Topic #6,u'retain_record', 0.00011502798466341613
Topic #6,u'make', 0.00011502798466341613
Topic #6,u'section', 0.0001150279663461759
Topic #6,u'deem_adulterate', 0.0001150279663461759
Topic #6,u'production_aggregate', 7.884687292209604e-05
Topic #9,u'gram', 0.00026000018520834446
Topic #9,u'htm', 1.422838230821401e-05
Topic #9,u'none_detect', 1.4228382238080362e-05
Topic #9,u'salmonella_spp', 1.4228382139181238e-05
Topic #9,u'cosmetic_act', 1.4228364120035652e-05
Topic #9,u'fda', 1.4228364119931192e-05
Topic #9,u'http', 1.4228364047541282e-05
Topic #9,u'bam', 1.4228364035326011e-05
Topic #9,u'www', 1.4228364033232923e-05
Topic #9,u'drug', 1.4228364032636079e-05
Topic #2,u'salmonella_spp', 0.00025993283994813756
Topic #2,u'hermetically_seal_container', 7.897955904016185e-05
Topic #2,u'acidify_food', 7.8979558195078705e-05
Topic #2,u'acid_food_package', 7.8979557930527479e-05
Topic #2,u'distribution', 7.8979521337578038e-05
Topic #2,u'htm', 1.4224696855216816e-05
Topic #2,u'none_detect', 1.4224696796119334e-05
Topic #2,u'gram', 1.4224696687908464e-05
Topic #2,u'cosmetic_act', 1.4224678680346095e-05
Topic #2,u'fda', 1.4224678678266763e-05
Topic #1,u'sample', 0.00025991028196359253
Topic #1,u'number', 0.00025991028196359253
Topic #1,u'accordance', 0.00011521158417307561
Topic #1,u'htm', 1.4223449661272172e-05
Topic #1,u'none_detect', 1.4223449602169953e-05
Topic #1,u'salmonella_spp', 1.4223449503323985e-05
Topic #1,u'gram', 1.4223449490913138e-05
Topic #1,u'cosmetic_act', 1.4223431488816036e-05
Topic #1,u'fda', 1.4223431487651862e-05
Topic #1,u'http', 1.4223431415316271e-05
Topic #10,u'access', 0.00025985466399824095
Topic #10,u'april', 0.00025985466399824095
Topic #10,u'bam', 0.00017169811089187112
Topic #10,u'federal_food', 0.00017169811088899793
Topic #10,u'htm', 1.4220405980064175e-05
Topic #10,u'none_detect', 1.4220405921002956e-05
Topic #10,u'salmonella_spp', 1.4220405822225426e-05
Topic #10,u'gram', 1.4220405809811872e-05
Topic #10,u'cosmetic_act', 1.4220387841293215e-05
Topic #10,u'fda', 1.4220387841187837e-05
Topic #3,u'drug', 0.00017180957165371599
Topic #3,u'htm', 1.4229637418988498e-05
Topic #3,u'none_detect', 1.4229637359870023e-05
Topic #3,u'salmonella_spp', 1.4229637260994339e-05
Topic #3,u'gram', 1.4229637248569641e-05
Topic #3,u'cosmetic_act', 1.422961925434496e-05
Topic #3,u'fda', 1.4229619254240809e-05
Topic #3,u'http', 1.4229619181844459e-05
Topic #3,u'www', 1.4229619167525369e-05
Topic #3,u'govfoodfoodscienceresearchlaboratorymethodsbacteriologicalanalyticalmanualbamdefault', 1.4229619166655606e-05
Topic #5,u'http', 0.00017178723165758722
Topic #5,u'liquid', 7.8983241769731215e-05
Topic #5,u'comply', 7.8983241410827268e-05
Topic #5,u'manufacturer', 1.4502922150269432e-05
Topic #5,u'infant_formula', 1.446867228641911e-05
Topic #5,u'htm', 1.4227787168358649e-05
Topic #5,u'none_detect', 1.4227787109264735e-05
Topic #5,u'salmonella_spp', 1.4227787010445482e-05
Topic #5,u'gram', 1.4227786998010024e-05
Topic #5,u'cosmetic_act', 1.4227769001723944e-05
Topic #4,u'fda', 0.00017159293324578857
Topic #4,u'cosmetic_act', 0.00017159293324220485
Topic #4,u'infant_formula', 0.00014491343459702133
Topic #4,u'microorganism', 8.1305233985596315e-05
Topic #4,u'ensure', 7.8907604887092138e-05
Topic #4,u'stage', 7.8907462616264844e-05
Topic #4,u'process_environment', 7.8907378166666366e-05
Topic #4,u'adulterate_due', 7.8907378083191012e-05
Topic #4,u'formula', 7.8907378015902999e-05
Topic #4,u'establish', 7.8907377970280178e-05
