TopicNo,Topic Words,Probability Score
Topic #8,u'infant_formula', 0.0018408940470555711
Topic #8,u'system', 0.0017165622426468757
Topic #8,u'ensure', 0.0012905888440330122
Topic #8,u'release', 0.00049771745304046707
Topic #8,u'manufacture_use', 0.00049771745304046707
Topic #8,u'distribution', 0.00049771745304046707
Topic #8,u'modify', 0.00049765486821727958
Topic #8,u'modification', 0.00049765486821727958
Topic #8,u'software', 0.00049727553428861794
Topic #8,u'use', 0.00041944605732362899
Topic #9,u'manufacturer', 0.0012292249370925486
Topic #9,u'check', 0.00041629387943179625
Topic #9,u'make', 0.00025877797811987472
Topic #9,u'retain_record', 0.00025877797811987472
Topic #9,u'input', 0.00017128254273715739
Topic #9,u'accuracy', 0.00017128254273715739
Topic #9,u'document', 0.00017128254273715739
Topic #9,u'test', 0.00017128234876779804
Topic #9,u'instal', 0.00017128234874256716
Topic #9,u'verification_study', 0.00011490807923246523
Topic #5,u'hardware', 0.00042969811923079766
Topic #5,u'written_procedures', 0.00032883586325481705
Topic #5,u'capable', 0.00017152076741930129
Topic #5,u'accord', 0.00017152075939615464
Topic #5,u'calibrate', 0.00017152075939615464
Topic #5,u'routinely_inspect', 0.00017152075939615464
Topic #5,u'check_accord', 0.00017152075939615464
Topic #5,u'routinely_calibrate', 0.00017152075939615464
Topic #5,u'include_software', 0.00011506788013404651
Topic #5,u'purpose', 7.8874054979221117e-05
Topic #4,u'degree', 0.0003599662035212112
Topic #4,u'control', 0.00023593461469978628
Topic #4,u'prevent_adulteration', 0.00023593461460817128
Topic #4,u'step', 0.00017133619032391566
Topic #4,u'stage', 0.00017110671162737015
Topic #4,u'necessary', 0.00017110671162737015
Topic #4,u'system', 0.00011983484556812759
Topic #4,u'validation', 0.0001149451283703227
Topic #4,u'consistently_produce', 0.0001149442421195193
Topic #4,u'provides', 0.0001149442421195193
Topic #1,u'electronic_equipment', 0.00032465040347092117
Topic #1,u'concern_mechanical', 0.00025990287249665452
Topic #1,u'include_mechanical', 7.8970375607674166e-05
Topic #1,u'output_generate', 1.4223044001775625e-05
Topic #1,u'step', 1.4223026074071497e-05
Topic #1,u'instal', 1.4223025926838541e-05
Topic #1,u'test', 1.422302592627225e-05
Topic #1,u'point', 1.4223025897711377e-05
Topic #1,u'manufacturer', 1.4223014178072506e-05
Topic #1,u'procedure', 1.4223013993853437e-05
Topic #7,u'output_generate', 0.00025995922466212553
Topic #7,u'point', 0.00017176735247867027
Topic #7,u'step', 1.4226122657063033e-05
Topic #7,u'instal', 1.422612250826742e-05
Topic #7,u'test', 1.4226122507673626e-05
Topic #7,u'concern_mechanical', 1.4226114666431063e-05
Topic #7,u'manufacturer', 1.4226110752908322e-05
Topic #7,u'procedure', 1.4226110578931349e-05
Topic #7,u'rule', 1.4226110548948416e-05
Topic #7,u'retain_record', 1.4226109768233269e-05
Topic #6,u'suitable_mean', 0.0001152226369221723
Topic #6,u'accomplish', 0.00011522202696484425
Topic #6,u'validation', 0.00011522175258730105
Topic #6,u'automatic_equipment', 7.8980141526597143e-05
Topic #6,u'hardware_mean', 7.8980141154504622e-05
Topic #6,u'computer', 7.8980126087375044e-05
Topic #6,u'output_generate', 1.422480298561441e-05
Topic #6,u'step', 1.422478504753993e-05
Topic #6,u'instal', 1.4224784899503295e-05
Topic #6,u'test', 1.4224784898916988e-05
Topic #2,u'accomplish', 0.00011516596594805762
Topic #2,u'specific_function', 0.00011516535142997238
Topic #2,u'set', 0.00011516535142997238
Topic #2,u'organize', 0.00011516535142997238
Topic #2,u'specify_environment', 0.00011516535142997238
Topic #2,u'function', 0.00011516535142997238
Topic #2,u'software_mean', 0.00011516531732876977
Topic #2,u'program', 0.00011516531732876977
Topic #2,u'rule', 0.00011516524609096777
Topic #2,u'manufacturer', 9.3634154215021888e-05
Topic #3,u'equipment', 7.9014291612901211e-05
Topic #3,u'output_generate', 1.4230957944450473e-05
Topic #3,u'step', 1.4230940008156056e-05
Topic #3,u'instal', 1.4230939860574252e-05
Topic #3,u'test', 1.4230939860045075e-05
Topic #3,u'point', 1.4230939842130405e-05
Topic #3,u'concern_mechanical', 1.423093202455454e-05
Topic #3,u'manufacturer', 1.4230928103104373e-05
Topic #3,u'procedure', 1.4230927924133107e-05
Topic #3,u'rule', 1.423092789412753e-05
Topic #10,u'output_generate', 1.4231879936727434e-05
Topic #10,u'step', 1.4231862000262924e-05
Topic #10,u'instal', 1.4231861852776966e-05
Topic #10,u'test', 1.423186185227137e-05
Topic #10,u'point', 1.4231861823118154e-05
Topic #10,u'concern_mechanical', 1.4231854013251979e-05
Topic #10,u'manufacturer', 1.4231850092570743e-05
Topic #10,u'procedure', 1.4231849918661079e-05
Topic #10,u'rule', 1.4231849888899662e-05
Topic #10,u'make', 1.4231849111561326e-05
