TopicNo,Topic Words,Probability Score
Topic #9,u'intend', 0.0021858531436181666
Topic #9,u'sample_accurately', 0.0011607783851558659
Topic #9,u'material', 0.0011607783851558659
Topic #9,u'portrays', 0.0011607783851558659
Topic #9,u'character', 0.00031411515149781078
Topic #9,u'uniform_composition', 0.00016419018346152262
Topic #9,u'within', 0.0001641891931201185
Topic #9,u'specify_limit', 0.0001641891931201185
Topic #9,u'vice_versa', 7.6251795818611787e-05
Topic #9,u'sample', 1.4181873333352219e-05
Topic #2,u'ensure', 0.0021841460560804008
Topic #2,u'portrays', 0.00070683040512540304
Topic #2,u'sample_accurately', 0.00070683040512540304
Topic #2,u'material', 0.00070683040512540304
Topic #2,u'infant', 0.0004933549750063042
Topic #2,u'identify', 0.00035697229853185543
Topic #2,u'food', 0.00028692006023118345
Topic #2,u'essential', 0.00020704420150457554
Topic #2,u'healthy_growth', 0.00016406196154792796
Topic #2,u'institute', 0.00011058682727521487
Topic #6,u'sample', 0.0021622807666691968
Topic #6,u'use', 0.002075332946667723
Topic #6,u'infant_formula', 0.0012461283827821118
Topic #6,u'mean', 0.0010918299249748856
Topic #6,u'mandatory_requirement', 0.0007538016104987232
Topic #6,u'number', 0.0006076040323079446
Topic #6,u'person', 0.00046289294147928002
Topic #6,u'production_aggregate', 0.00045915585158564796
Topic #6,u'new', 0.00045623216452878734
Topic #6,u'production_unit', 0.00031061734063940022
Topic #7,u'state', 0.0020786671065048277
Topic #7,u'mandatory_requirement', 0.0012897579203635281
Topic #7,u'infant_formula_produce', 0.00035469986578124155
Topic #7,u'continuous_process', 0.00016441823136857401
Topic #7,u'case', 0.00016441823136857401
Topic #7,u'production_unit_mean', 0.00015797971106768418
Topic #7,u'single_cycle', 0.00015797971106768418
Topic #7,u'specific_quantity', 0.00015797971106768418
Topic #7,u'uniform_composition', 0.00015797871061916198
Topic #7,u'mold', 0.00011082692776921394
Topic #1,u'random_sample', 0.0020443855929752346
Topic #1,u'pack', 0.00016487987280837366
Topic #1,u'taurine', 7.6572576858902563e-05
Topic #1,u'quality', 1.5044842208374932e-05
Topic #1,u'mandatory_requirement', 1.4199922920625941e-05
Topic #1,u'character', 1.4199912076772417e-05
Topic #1,u'material', 1.4199910452795287e-05
Topic #1,u'portrays', 1.4199910452795287e-05
Topic #1,u'sample_accurately', 1.4199910452795287e-05
Topic #1,u'hold', 1.4199907829879499e-05
Topic #3,u'manufacture', 0.00067288533134869254
Topic #3,u'nutrient', 0.00038142945493141814
Topic #3,u'quality', 0.00031405649514755539
Topic #3,u'bioavailability', 0.00020458613912060559
Topic #3,u'ingredient', 0.00019079231089264991
Topic #3,u'complete_history', 0.00016453495093771982
Topic #3,u'hold', 0.00016453490473101646
Topic #3,u'demonstrate', 0.00016338221444208855
Topic #3,u'necessary', 0.00016338221444208855
Topic #3,u'safety', 0.00016338221444208855
Topic #5,u'process', 0.00052382412137119759
Topic #5,u'manufacturer', 0.00045233147993552968
Topic #5,u'infant_formula', 0.00030738113421761555
Topic #5,u'produce', 0.00030137043322690956
Topic #5,u'formulation', 0.00016484812534589687
Topic #5,u'change', 0.0001560616341119832
Topic #5,u'previously', 0.00015098361642356371
Topic #5,u'subject', 0.0001509836162111755
Topic #5,u'previous', 0.0001509807845873513
Topic #5,u'time', 0.00013855880807815018
Topic #10,u'federal_food', 0.0003108209187616848
Topic #10,u'distribution', 0.00026758604064028492
Topic #10,u'determine', 0.00016062018808234448
Topic #10,u'limit', 0.00011122208485674126
Topic #10,u'definition', 9.4530263406348143e-05
Topic #10,u'fat', 7.663041471153992e-05
Topic #10,u'physical', 7.6496473664036129e-05
Topic #10,u'chemical_characteristic', 7.6496473664036129e-05
Topic #10,u'otherwise_changes', 7.6496473664036129e-05
Topic #10,u'container', 7.6496473664036129e-05
Topic #4,u'reconstitutes', 0.00017376089155507913
Topic #4,u'within', 0.00016511750974271337
Topic #4,u'specify_limit', 0.00016511750974271337
Topic #4,u'symbol', 0.00016511745293703724
Topic #4,u'includes', 0.00011129830930774935
Topic #4,u'virus', 0.00011129830930774935
Topic #4,u'random_sample', 1.4220440361693131e-05
Topic #4,u'mandatory_requirement', 1.4220383981918579e-05
Topic #4,u'quality', 1.422037333561528e-05
Topic #4,u'character', 1.4220373131211368e-05
Topic #8,u'order', 0.00016517593286591821
Topic #8,u'master_manufacture', 0.00016517593286591821
Topic #8,u'produce_accord', 0.00016517593286591821
Topic #8,u'random_sample', 1.4225471914360212e-05
Topic #8,u'mandatory_requirement', 1.4225415473530739e-05
Topic #8,u'quality', 1.4225404824376902e-05
Topic #8,u'character', 1.4225404617846644e-05
Topic #8,u'sample_accurately', 1.4225402985800242e-05
Topic #8,u'portrays', 1.4225402985800242e-05
Topic #8,u'material', 1.4225402985800242e-05
