TopicNo,Topic Words,Probability Score
Topic #3,u'manufacturer', 0.011527584202294579
Topic #3,u'infant_formula', 0.0051499943196693454
Topic #3,u'formula', 0.0047870240772097871
Topic #3,u'ability', 0.0045526062623843164
Topic #3,u'exemption', 0.0010429614538088046
Topic #3,u'request', 0.001004817019876306
Topic #3,u'change', 0.00095369063879784067
Topic #3,u'meet', 0.00082201062490928607
Topic #3,u'exist', 0.00071868999968133435
Topic #3,u'detail_description', 0.00071865087182399682
Topic #4,u'requirement', 0.0090357135012508923
Topic #4,u'information', 0.0087897403226792365
Topic #4,u'quality_factors', 0.0087691205783523157
Topic #4,u'meet', 0.0079044210105094024
Topic #4,u'data_concern', 0.0040277448140501456
Topic #4,u'aware', 0.0040277448140501456
Topic #4,u'consider', 0.0040277448140501456
Topic #4,u'show', 0.0040277448140501456
Topic #4,u'would', 0.0040277448140501456
Topic #4,u'statement_certify', 0.0040277448140501456
Topic #9,u'data', 0.004903091007775225
Topic #9,u'explanation', 0.00092798441501223863
Topic #9,u'method', 0.00040397678619808879
Topic #9,u'principle', 0.0002565069442780957
Topic #9,u'base', 0.0002565069442780957
Topic #9,u'sound_scientific', 0.0002565069442780957
Topic #9,u'demonstrate', 0.00025611631337061204
Topic #9,u'protein', 0.00017583706953703138
Topic #9,u'biological_quality', 0.00016148203311665515
Topic #9,u'study_design', 0.00010901315665415949
Topic #5,u'collect', 0.004664252938608557
Topic #5,u'include', 0.0012286828463373548
Topic #5,u'met', 0.00038795506367283832
Topic #5,u'study', 0.00023130429282142135
Topic #5,u'infant_enrol', 7.523884463839918e-05
Topic #5,u'illness', 7.5238844638319044e-05
Topic #5,u'duration', 7.5238844638319044e-05
Topic #5,u'gender', 7.5238821306443171e-05
Topic #5,u'occurrence', 7.5236979408721099e-05
Topic #5,u'detail_explanation', 1.6455124951128248e-05
Topic #10,u'made', 0.0008071563507745824
Topic #10,u'measurement', 0.00013706593568670484
Topic #10,u'study', 0.00013706430831136393
Topic #10,u'group', 7.5636157341920016e-05
Topic #10,u'point', 7.5635692042665242e-05
Topic #10,u'every', 7.5635692042665242e-05
Topic #10,u'throughout', 7.5635692042665242e-05
Topic #10,u'begin', 7.5635692042665242e-05
Topic #10,u'measure', 7.5635692042665242e-05
Topic #10,u'statistical_significance', 7.5635692042665242e-05
Topic #8,u'subject', 0.00042271573716654682
Topic #8,u'feed', 0.00023239145016381788
Topic #8,u'number', 0.00023221238951176576
Topic #8,u'complete', 0.00020435492100523582
Topic #8,u'adverse_event', 0.00017099908447279523
Topic #8,u'infant', 0.00017099863384410568
Topic #8,u'group', 0.00013698450260085816
Topic #8,u'reason', 0.00010955558019187523
Topic #8,u'formula_support', 0.00010950980189098703
Topic #8,u'sole_source', 0.00010950980189098703
Topic #7,u'quality_factor', 0.00035064910201138656
Topic #7,u'statistical_evaluation', 7.5699829865390336e-05
Topic #7,u'age', 7.5699812777406503e-05
Topic #7,u'measurement', 7.5695221900844094e-05
Topic #7,u'mean', 7.568613452176617e-05
Topic #7,u'group', 7.5676637356445275e-05
Topic #7,u'assurance', 5.3773689229279865e-05
Topic #7,u'biological_quality', 1.4290760045025162e-05
Topic #7,u'protein', 1.4280876210891129e-05
Topic #7,u'include', 1.4276255441067009e-05
Topic #2,u'provide', 0.00020215606836837302
Topic #2,u'protein', 0.00016262380745847842
Topic #2,u'efficiency', 0.00016262347663738644
Topic #2,u'accordance', 0.00016262347663738644
Topic #2,u'result', 0.00016262347663738644
Topic #2,u'bioassay', 0.00016262347663738644
Topic #2,u'ratio', 0.00016262347663738644
Topic #2,u'record', 0.00011517726154560226
Topic #2,u'identify', 7.5611581240007857e-05
Topic #2,u'contain', 5.3744794366858986e-05
Topic #6,u'meet', 1.4231848822025827e-05
Topic #6,u'data_concern', 1.4231842755843858e-05
Topic #6,u'would', 1.4231842755843858e-05
Topic #6,u'show', 1.4231842755843858e-05
Topic #6,u'aware', 1.4231842755843858e-05
Topic #6,u'consider', 1.4231842755843858e-05
Topic #6,u'statement_certify', 1.4231842755843858e-05
Topic #6,u'include', 1.4231840815075157e-05
Topic #6,u'suspect', 1.4231840782683418e-05
Topic #6,u'gender', 1.4231839821121538e-05
Topic #1,u'meet', 1.4231848822025737e-05
Topic #1,u'show', 1.4231842755843769e-05
Topic #1,u'consider', 1.4231842755843769e-05
Topic #1,u'statement_certify', 1.4231842755843769e-05
Topic #1,u'would', 1.4231842755843769e-05
Topic #1,u'data_concern', 1.4231842755843769e-05
Topic #1,u'aware', 1.4231842755843769e-05
Topic #1,u'include', 1.4231840814974086e-05
Topic #1,u'suspect', 1.4231840782683618e-05
Topic #1,u'gender', 1.4231839821061982e-05
