TopicNo,Topic Words,Probability Score
Topic #7,u'federal_food', 0.0011051699995575869
Topic #7,u'constitute_notice', 0.00011304804843484424
Topic #7,u'fee', 7.9035561153062227e-05
Topic #7,u'submission', 1.4216424146363809e-05
Topic #7,u'appropriate', 1.4213988506601817e-05
Topic #7,u'submission_complies', 1.4213984515430561e-05
Topic #7,u'provide', 1.421398434288341e-05
Topic #7,u'ready', 1.4213984339675053e-05
Topic #7,u'powder', 1.4213984334644695e-05
Topic #7,u'concentrate', 1.4213984334532389e-05
Topic #5,u'drug', 0.0011037693779049191
Topic #5,u'statement', 0.00037154092048357788
Topic #5,u'lieu', 0.00017059335387983364
Topic #5,u'provide', 0.00017059240900043897
Topic #5,u'ensure', 0.00011481243043656135
Topic #5,u'step', 0.00011481243043656135
Topic #5,u'taken', 0.00011481243043656135
Topic #5,u'information_require', 0.00011481243043654097
Topic #5,u'effect', 0.00011481243043654097
Topic #5,u'copy', 7.8935306253731863e-05
Topic #3,u'cosmetic_act', 0.00094881779582576956
Topic #3,u'concentrate', 7.9055751482640771e-05
Topic #3,u'appropriate', 1.4255108723184666e-05
Topic #3,u'constitute_notice', 1.4217618175455376e-05
Topic #3,u'submission_complies', 1.4217615602944302e-05
Topic #3,u'provide', 1.4217615429823093e-05
Topic #3,u'ready', 1.4217615427166086e-05
Topic #3,u'fee', 1.4217615422204913e-05
Topic #3,u'powder', 1.4217615422134516e-05
Topic #3,u'statement', 1.4217614717324279e-05
Topic #8,u'submission', 0.00045716027319998734
Topic #8,u'make', 7.9067908093157806e-05
Topic #8,u'drug_administration', 7.9067908093157806e-05
Topic #8,u'food', 7.9067908093157806e-05
Topic #8,u'given', 7.9067908093157806e-05
Topic #8,u'address', 7.9067908093157806e-05
Topic #8,u'constitute_notice', 7.2005412797328749e-05
Topic #8,u'together', 1.7749063287067656e-05
Topic #8,u'number', 1.7749063287067656e-05
Topic #8,u'relevant', 1.7749063287067656e-05
Topic #1,u'formula', 0.0004051401730516525
Topic #1,u'change', 0.0003186233450130757
Topic #1,u'affect', 0.00027698707496836249
Topic #1,u'adulterate', 0.00026283973558589879
Topic #1,u'provide', 0.00017059076280443312
Topic #1,u'subject', 0.00017058981476973566
Topic #1,u'current_submission', 0.00017058981476973566
Topic #1,u'agency_previously', 0.00017058981476973566
Topic #1,u'process', 0.00016225213510296795
Topic #1,u'formulation', 0.00012059290261640085
Topic #10,u'infant_formula', 0.00027725911520693608
Topic #10,u'together', 0.00016723115829291949
Topic #10,u'relevant', 0.00016723115829291949
Topic #10,u'identification', 0.00016723115829291949
Topic #10,u'number', 0.00016723115829291949
Topic #10,u'assign', 0.00016723115829291949
Topic #10,u'agency', 0.00016723029639819961
Topic #10,u'appropriate', 0.00011488564845347769
Topic #10,u'name', 7.9011439804030115e-05
Topic #10,u'physical_form', 7.9011439804030115e-05
Topic #6,u'manufacturer', 0.00021253414275112213
Topic #6,u'agency', 0.00017081985797967304
Topic #6,u'requirement', 0.00017081895166068574
Topic #6,u'adequate', 0.00017081895166068574
Topic #6,u'notify', 0.00017081895166068574
Topic #6,u'meet', 0.00017081895166068574
Topic #6,u'notice', 0.00017081895166068574
Topic #6,u'powder', 7.903966377605303e-05
Topic #6,u'appropriate', 1.4214726340622178e-05
Topic #6,u'constitute_notice', 1.4214724915222317e-05
Topic #2,u'information', 0.00017078365290382837
Topic #2,u'readily_understandable', 0.00017078365290382837
Topic #2,u'contains', 0.00017078365290382837
Topic #2,u'manner', 0.00017078365290382837
Topic #2,u'set_forth', 0.00017078365290382837
Topic #2,u'paragraph', 0.00017078364984554869
Topic #2,u'complies', 0.00017078364984554869
Topic #2,u'cosmetic_act_unless', 0.00017078364984554869
Topic #2,u'fully', 0.00017078364984554869
Topic #2,u'appropriate', 1.4211789224551309e-05
Topic #4,u'submission_complies', 0.00011503892737741446
Topic #4,u'include', 7.9089492251074105e-05
Topic #4,u'statement', 1.4515572666577362e-05
Topic #4,u'submission', 1.4285303773198698e-05
Topic #4,u'appropriate', 1.4229481329983663e-05
Topic #4,u'constitute_notice', 1.4229479913699142e-05
Topic #4,u'provide', 1.4229477162584688e-05
Topic #4,u'ready', 1.4229477161406892e-05
Topic #4,u'fee', 1.4229477156577456e-05
Topic #4,u'powder', 1.422947715636871e-05
Topic #9,u'appropriate', 1.4231843983351586e-05
Topic #9,u'constitute_notice', 1.4231842560663959e-05
Topic #9,u'submission_complies', 1.4231839985103427e-05
Topic #9,u'provide', 1.4231839810863622e-05
Topic #9,u'ready', 1.4231839809085578e-05
Topic #9,u'fee', 1.4231839804138204e-05
Topic #9,u'powder', 1.4231839804045408e-05
Topic #9,u'concentrate', 1.4231839803932904e-05
Topic #9,u'statement', 1.4231839097747675e-05
Topic #9,u'lieu', 1.4231838794221299e-05
