TopicNo,Topic Words,Probability Score
Topic #1,u'infant_formula', 0.0046632210301613755
Topic #1,u'protein', 0.0024335373924206315
Topic #1,u'physical_growth', 0.0016746613402503811
Topic #1,u'biological_quality', 0.0016730796002208828
Topic #1,u'demonstrate', 0.0016590929545572087
Topic #1,u'eligible', 0.0015977689717209477
Topic #1,u'manufacturer', 0.0013742518363306572
Topic #1,u'one', 0.0013493931677077498
Topic #1,u'normal', 0.0013119408083742605
Topic #1,u'sufficient', 0.0012436386388423642
Topic #7,u'paragraph', 0.0023276328016536355
Topic #7,u'scientific_evidence', 0.0011851073452963322
Topic #7,u'requirement', 0.00062207094435079153
Topic #7,u'study', 0.00048997679826098903
Topic #7,u'infant_formula_meet', 0.00045746428903506296
Topic #7,u'manufacturer', 0.00042505791567263213
Topic #7,u'drug_administration', 0.00042206800104440127
Topic #7,u'food', 0.00042206800047473597
Topic #7,u'submit', 0.00025772435851920779
Topic #7,u'petition', 0.00025772435851920779
Topic #10,u'age', 0.001451851254232797
Topic #10,u'birth', 0.0012616759806347976
Topic #10,u'figure', 0.0012611203651153884
Topic #10,u'age_percentile', 0.00094908884394352547
Topic #10,u'weight', 0.00070284220438002112
Topic #10,u'girl', 0.00063796400589844772
Topic #10,u'boy', 0.00063796390662607138
Topic #10,u'length', 0.00039056179321146086
Topic #10,u'length_percentile', 0.00032637688485407886
Topic #10,u'recumbent_length', 0.00029849111601952565
Topic #6,u'month', 0.0014175339179099669
Topic #6,u'accordance', 0.00086716650470512323
Topic #6,u'week', 0.00075876724634702008
Topic #6,u'made', 0.00059874370281965945
Topic #6,u'require', 0.00054380849788731136
Topic #6,u'change', 0.00050540745657843352
Topic #6,u'exist', 0.00034326537680598636
Topic #6,u'least', 0.00032236758638976725
Topic #6,u'monthly_thereafter', 0.00025808145907821014
Topic #6,u'duration', 0.00023481868924857063
Topic #8,u'quality_factor', 0.0010235879638959833
Topic #8,u'head_circumference', 0.00076600659664636292
Topic #8,u'growth_study', 0.00073951640153141842
Topic #8,u'study', 0.00068209081749123106
Topic #8,u'rat_bioassay', 0.00055791628108067099
Topic #8,u'meet', 0.0005225657388621671
Topic #8,u'official_method', 0.00035812120030779876
Topic #8,u'analysis', 0.00035812120030779876
Topic #8,u'describe', 0.00035812120004198106
Topic #8,u'section', 0.00035812110395372815
Topic #2,u'reference', 0.0006468684744316012
Topic #2,u'incorporate', 0.00058280309965365882
Topic #2,u'month', 1.4741205413278767e-05
Topic #2,u'figure', 1.4741027519269088e-05
Topic #2,u'rat_bioassay', 1.4487096988934899e-05
Topic #2,u'protein', 1.4487087269020686e-05
Topic #2,u'efficiency', 1.4487081783117563e-05
Topic #2,u'ratio', 1.4487081783117563e-05
Topic #2,u'appropriate', 1.421564599109587e-05
Topic #2,u'scientifically', 1.421564588853201e-05
Topic #3,u'include', 0.00048104390954585298
Topic #3,u'body_weight', 0.00045759817630479735
Topic #3,u'adequate', 0.00042468581447772632
Topic #3,u'support', 0.00032387202266182403
Topic #3,u'well', 0.00017956805359534554
Topic #3,u'affect', 0.00017955919257261929
Topic #3,u'exist_formula', 0.00017955919249686175
Topic #3,u'percentile', 0.00017136013667710956
Topic #3,u'national_center', 0.00017136013667710956
Topic #3,u'health_statistic', 0.00017136013667710956
Topic #5,u'manufacturer_request', 0.00044606898572155076
Topic #5,u'exemption', 0.00044606898068648318
Topic #5,u'provides_assurance', 0.00044606898049718777
Topic #5,u'th_ed', 0.00036039963361128726
Topic #5,u'powder_form', 0.00011505236098187141
Topic #5,u'liquid', 0.00011505236098187141
Topic #5,u'remain', 7.8852641039035476e-05
Topic #5,u'week_interval', 7.885263969048828e-05
Topic #5,u'month', 1.525614847963453e-05
Topic #5,u'study', 1.4374128235676481e-05
Topic #4,u'anthropometric_measure', 0.00023637224363366402
Topic #4,u'metal_can', 0.0001799000341826411
Topic #4,u'plastic_pouch', 0.00017990003266328314
Topic #4,u'change', 0.00017989464781804733
Topic #4,u'includes', 7.8937946055107511e-05
Topic #4,u'collection', 7.8937910964194385e-05
Topic #4,u'maintenance', 7.8937909994147235e-05
Topic #4,u'formula_intake', 2.7367810760170386e-05
Topic #4,u'data', 1.5854040696348327e-05
Topic #4,u'subject', 1.4962384469043828e-05
Topic #9,u'figure', 1.4758781674944514e-05
Topic #9,u'month', 1.4232034655740133e-05
Topic #9,u'birth', 1.4231856690758287e-05
Topic #9,u'demonstrates', 1.4231850495761594e-05
Topic #9,u'age_percentile', 1.4231849839412684e-05
Topic #9,u'relate', 1.4231846895897772e-05
Topic #9,u'later', 1.4231846770610049e-05
Topic #9,u'november', 1.4231846770610049e-05
Topic #9,u'conclusion', 1.4231846736926215e-05
Topic #9,u'monthly_thereafter', 1.4231846649039864e-05
