TopicNo,Topic Words,Probability Score
Topic #9,u'date', 0.00086166700401522369
Topic #9,u'november', 0.00067038165628320113
Topic #9,u'age', 0.00060853885919429215
Topic #9,u'weight', 0.00060853885919429215
Topic #9,u'www', 0.0003035695221005278
Topic #9,u'girl', 0.00016284408012036609
Topic #9,u'head_circumference', 0.00016284407262955153
Topic #9,u'nutrition', 0.0001367066049494465
Topic #9,u'adopt', 7.5717013251209653e-05
Topic #9,u'american_society', 7.5717013250971128e-05
Topic #6,u'month', 0.00060684068679872801
Topic #6,u'birth', 0.00060684068679872801
Topic #6,u'org', 0.00011556381202303988
Topic #6,u'clifton', 0.00011005494138247519
Topic #6,u'sanitary_standard', 9.3578610988113379e-05
Topic #6,u'edition', 5.3893412565865294e-05
Topic #6,u'enforce', 5.389341243271345e-05
Topic #6,u'specify', 5.3893412143751582e-05
Topic #6,u'inc', 5.3893401847810995e-05
Topic #6,u'archive', 5.389340141295914e-05
Topic #3,u'method', 0.00045905878766710529
Topic #3,u'official', 0.00039741614811630122
Topic #3,u'aoac', 0.00039741614811630122
Topic #3,u'material', 0.00013320500164809928
Topic #3,u'nara', 9.321724029324129e-05
Topic #3,u'produce', 7.5844412065162944e-05
Topic #3,u'culinary_steam', 7.5844412065162944e-05
Topic #3,u'reed', 7.584439043765027e-05
Topic #3,u'reference', 5.3869681129522449e-05
Topic #3,u'inspection', 5.3869149264547224e-05
Topic #7,u'protein', 0.00039689777415766273
Topic #7,u'efficiency', 0.00039689777415766273
Topic #7,u'ratio', 0.00039689777415766273
Topic #7,u'rat_bioassay', 0.00020577598563517073
Topic #7,u'htm', 0.00016311950764840645
Topic #7,u'suite', 0.0001496740829462957
Topic #7,u'prevention', 0.00010997169877781391
Topic #7,u'center', 0.00010997169877781391
Topic #7,u'disease_control', 0.00010997169877781391
Topic #7,u'vol', 7.5845082204177103e-05
Topic #5,u'length_percentile', 0.00031222656701855551
Topic #5,u'head_circumference', 0.00016328236557203952
Topic #5,u'boy', 0.00016328235115331359
Topic #5,u'govgrowthchartswho_charts', 0.00016328230514539826
Topic #5,u'reserve', 0.00013707434165866137
Topic #5,u'gaithersburg', 0.00011011614300898653
Topic #5,u'roche', 7.5920777402395636e-05
Topic #5,u'mclean', 5.3923371831876445e-05
Topic #5,u'html', 5.3923370651810383e-05
Topic #5,u'age_percentile', 1.4216122628841623e-05
Topic #2,u'age_percentile', 0.0003108092580420819
Topic #2,u'girl_length', 0.00016330978431099166
Topic #2,u'north', 0.00011013471084218125
Topic #2,u'frederick', 0.00011013471084218125
Topic #2,u'ave', 0.00011013471084218125
Topic #2,u'american_journal', 7.5933571459261049e-05
Topic #2,u'clinical_nutrition', 7.5933571459261049e-05
Topic #2,u'silver_spring', 5.3932446900918085e-05
Topic #2,u'cfr', 5.3932446284898859e-05
Topic #2,u'reserve', 1.4769720186983175e-05
Topic #10,u'http', 0.00030431927834802659
Topic #10,u'th_ed', 0.00020590713026211099
Topic #10,u'cdc', 0.00016325166088409731
Topic #10,u'available', 0.00013328650030827472
Topic #10,u'food', 9.3531220967931421e-05
Topic #10,u'drug_administration', 9.3529422587960114e-05
Topic #10,u'drizd', 7.5906528719811179e-05
Topic #10,u'federal_register', 5.3913288082082146e-05
Topic #10,u'public', 5.3913264960726642e-05
Topic #10,u'change', 5.3913264915485711e-05
Topic #1,u'aoac_international', 0.00030093045261709098
Topic #1,u'analysis', 0.00020596223174057347
Topic #1,u'official_method', 0.00020596223174057347
Topic #1,u'atlanta', 0.00011012489227149605
Topic #1,u'johnson', 7.5926809637761176e-05
Topic #1,u'inspection', 5.388462679622369e-05
Topic #1,u'approve_material', 5.3803292370107372e-05
Topic #1,u'new', 5.3749550180259583e-05
Topic #1,u'library', 5.3690521963835187e-05
Topic #1,u'hampshire_ave', 5.3663267843351852e-05
Topic #4,u'calculation_method', 0.0002050953626098085
Topic #4,u'build', 5.3968392236543371e-05
Topic #4,u'third_floor', 5.3968392121817617e-05
Topic #4,u'ratio', 1.448110724119788e-05
Topic #4,u'efficiency', 1.448110724119788e-05
Topic #4,u'protein', 1.448110724119788e-05
Topic #4,u'age_percentile', 1.4227991686172451e-05
Topic #4,u'length_percentile', 1.4227991005089637e-05
Topic #4,u'weight', 1.4227988232324084e-05
Topic #4,u'age', 1.4227988232324084e-05
Topic #8,u'boy_length', 0.00016336756729439734
Topic #8,u'national_center', 7.5960442964037817e-05
Topic #8,u'health_statistic', 7.5960442964037817e-05
Topic #8,u'percentile', 7.5960442964037817e-05
Topic #8,u'rockville', 7.5960438593287771e-05
Topic #8,u'pike', 7.5960438593287771e-05
Topic #8,u'physical_growth', 7.5960421487541779e-05
Topic #8,u'moore', 7.5960421487501772e-05
Topic #8,u'age_percentile', 1.5815951715856358e-05
Topic #8,u'birth', 1.4345586463916517e-05
