TopicNo,Topic Words,Probability Score
Topic #10,u'drug_administration', 0.0015956216762414677
Topic #10,u'district_office', 0.0013031458132028112
Topic #10,u'appropriate_food', 0.0013031458132028112
Topic #10,u'manufacturer', 0.00037122420400046747
Topic #10,u'food', 0.00030661777502916158
Topic #10,u'recall_coordinator', 0.00016729385953841286
Topic #10,u'written_confirmation', 0.00016725275414438274
Topic #10,u'promptly', 0.00016725275414438274
Topic #10,u'send', 0.00016725275414438274
Topic #10,u'paragraph', 0.00011833053620357992
Topic #2,u'notification', 0.00027297046568596704
Topic #2,u'misbranded', 0.00011899119958149773
Topic #2,u'otherwise_adulterate', 7.7968887397658105e-05
Topic #2,u'federal_food', 7.7968870252943462e-05
Topic #2,u'drug', 7.7968870251815363e-05
Topic #2,u'accord', 6.7663588925690921e-05
Topic #2,u'made', 6.7661687943926843e-05
Topic #2,u'adulterate', 5.5242966144598702e-05
Topic #2,u'infant_formula', 5.5242773172195651e-05
Topic #2,u'actual_knowledge', 5.5218919497399234e-05
Topic #6,u'division', 0.0001682932045974506
Topic #6,u'enforcement', 0.0001682932045974506
Topic #6,u'regulation_issue', 7.8001092306007307e-05
Topic #6,u'recall_coordinator', 1.4226552370695137e-05
Topic #6,u'college_park', 1.4226552336425065e-05
Topic #6,u'use', 1.4226552329237169e-05
Topic #6,u'compliance', 1.4226547165385921e-05
Topic #6,u'office', 1.4226547165385921e-05
Topic #6,u'drug', 1.4226546878305306e-05
Topic #6,u'federal_food', 1.422654687827339e-05
Topic #9,u'college_park', 0.00016828264526613519
Topic #9,u'emergency', 0.00011333648837472613
Topic #9,u'number', 0.00011333648837472613
Topic #9,u'nutrient_require', 5.5262340631630738e-05
Topic #9,u'provide', 5.5262340484837055e-05
Topic #9,u'recall_coordinator', 1.4225663669946505e-05
Topic #9,u'use', 1.4225663628515957e-05
Topic #9,u'enforcement', 1.4225658468647085e-05
Topic #9,u'division', 1.4225658468647085e-05
Topic #9,u'compliance', 1.4225658468078681e-05
Topic #7,u'compliance', 0.00016827801043682
Topic #7,u'office', 0.00016827801043682
Topic #7,u'use', 0.00016827796400289264
Topic #7,u'recall_coordinator', 1.4225267943303631e-05
Topic #7,u'college_park', 1.422526790846965e-05
Topic #7,u'division', 1.4225262738205475e-05
Topic #7,u'enforcement', 1.4225262738205475e-05
Topic #7,u'drug', 1.4225262449954119e-05
Topic #7,u'federal_food', 1.422526244992605e-05
Topic #7,u'cosmetic_act', 1.4225262442129526e-05
Topic #8,u'apply_nutrition', 0.00016826729207422342
Topic #8,u'food_safety', 0.00016826729207422342
Topic #8,u'center', 0.00016826729207422342
Topic #8,u'cosmetic_act', 7.798907679092998e-05
Topic #8,u'recall_coordinator', 1.4224360870279569e-05
Topic #8,u'college_park', 1.4224360835479065e-05
Topic #8,u'use', 1.4224360828828687e-05
Topic #8,u'division', 1.4224355666400851e-05
Topic #8,u'enforcement', 1.4224355666400851e-05
Topic #8,u'compliance', 1.422435566583214e-05
Topic #3,u'branch', 0.00016825656286473094
Topic #3,u'pkwy', 0.00016825656286473094
Topic #3,u'paint', 0.00016825656286473094
Topic #3,u'made', 7.7986310931064528e-05
Topic #3,u'telephone', 7.7984121069957042e-05
Topic #3,u'recall_coordinator', 1.422345388255974e-05
Topic #3,u'college_park', 1.4223453847734209e-05
Topic #3,u'use', 1.4223453841367696e-05
Topic #3,u'enforcement', 1.4223448682099616e-05
Topic #3,u'division', 1.4223448682099616e-05
Topic #5,u'would', 9.6297397690163342e-05
Topic #5,u'knowledge', 9.6275480474314898e-05
Topic #5,u'upon', 5.5261404761036393e-05
Topic #5,u'reasonable_person', 5.5261404746249393e-05
Topic #5,u'exercise', 5.5261404731744943e-05
Topic #5,u'circumstance', 5.5261404725224158e-05
Topic #5,u'obtain', 5.5261404706662542e-05
Topic #5,u'due_care', 5.5261404686538761e-05
Topic #5,u'like', 5.5261404573292021e-05
Topic #5,u'manufacturer', 1.4226037082412564e-05
Topic #1,u'knowledge', 1.4247451726343698e-05
Topic #1,u'manufacturer', 1.4247436310535304e-05
Topic #1,u'recall_coordinator', 1.4231844862846507e-05
Topic #1,u'college_park', 1.4231844828381851e-05
Topic #1,u'use', 1.4231844820977924e-05
Topic #1,u'division', 1.4231839655250187e-05
Topic #1,u'enforcement', 1.4231839655250187e-05
Topic #1,u'compliance', 1.4231839654880835e-05
Topic #1,u'office', 1.4231839654880835e-05
Topic #1,u'drug', 1.4231839365438833e-05
Topic #4,u'recall_coordinator', 1.4231845307556685e-05
Topic #4,u'college_park', 1.4231845272745124e-05
Topic #4,u'use', 1.4231845266075031e-05
Topic #4,u'division', 1.4231840099835712e-05
Topic #4,u'enforcement', 1.4231840099835712e-05
Topic #4,u'compliance', 1.4231840099266584e-05
Topic #4,u'office', 1.4231840099266584e-05
Topic #4,u'drug', 1.4231839811746188e-05
Topic #4,u'federal_food', 1.4231839811718714e-05
Topic #4,u'cosmetic_act', 1.4231839803786574e-05
