TopicNo,Topic Words,Probability Score
Topic #9,u'subject', 0.0035746260498531945
Topic #9,u'provision', 0.0035356954216858878
Topic #9,u'exempt', 0.0035356954216858878
Topic #9,u'submission_relate', 0.0035356954216858878
Topic #9,u'infant_formula_are', 0.0035356954216858878
Topic #9,u'formula', 0.00041402851162483905
Topic #9,u'notice', 0.00027679871574613876
Topic #9,u'regulation', 0.00025411640699111174
Topic #9,u'meet', 0.000220581110314597
Topic #9,u'explanation', 0.00014689764537437379
Topic #2,u'infant_formula', 0.0019891402218258432
Topic #2,u'new', 0.0019342603194895437
Topic #2,u'file_date', 0.00059993361964422003
Topic #2,u'substantive_amendment', 0.00044486635829735634
Topic #2,u'requirement', 0.0003781651144109735
Topic #2,u'date', 0.0003452666075781036
Topic #2,u'complete', 0.0003045109181643395
Topic #2,u'export', 0.00029845563599912857
Topic #2,u'intend', 0.00029838606602243864
Topic #2,u'assurance', 0.00029190187041402174
Topic #10,u'manufacturer', 0.0013226363646095911
Topic #10,u'food', 0.0007936923512729835
Topic #10,u'drug_administration', 0.00079369235123502645
Topic #10,u'notify', 0.00060604829492791746
Topic #10,u'receipt', 0.0004581603447260803
Topic #10,u'additional_information', 0.00042846190785677927
Topic #10,u'submission', 0.0004098917763365846
Topic #10,u'agency', 0.00040540359213529363
Topic #10,u'date', 0.00027339259668504855
Topic #10,u'support', 0.00025738044133344351
Topic #6,u'submission', 0.0012446495628703526
Topic #6,u'provide', 0.00022449936137837879
Topic #6,u'complies', 0.00022449135779489902
Topic #6,u'assurance_require', 0.00016292851217420882
Topic #6,u'information', 0.00016292781277234893
Topic #6,u'description', 0.00013303755230736593
Topic #6,u'constitute_notice', 0.00010490925561923716
Topic #6,u'process', 8.1031926302286913e-05
Topic #6,u'fully', 7.991729848215017e-05
Topic #6,u'cosmetic_act_unless', 7.991729848215017e-05
Topic #3,u'drug', 0.00064625124976988981
Topic #3,u'nutrient_content_requirements', 0.0001370280118699453
Topic #3,u'formula_complies', 7.5894064545208536e-05
Topic #3,u'physical_form', 5.3910147861373526e-05
Topic #3,u'name', 5.3910147749879758e-05
Topic #3,u'description', 5.3906690035046032e-05
Topic #3,u'assurance', 3.9742885049856137e-05
Topic #3,u'formula_meet', 1.4254576462145963e-05
Topic #3,u'quality_factors', 1.4254576462145963e-05
Topic #3,u'requirement', 1.4254571435219817e-05
Topic #4,u'federal_food', 0.00064557402505749514
Topic #4,u'statement_certify', 0.00025881219111339001
Topic #4,u'foreign_purchaser', 0.00010996621738846659
Topic #4,u'infant_formula_meet', 0.00010996621738846659
Topic #4,u'specification', 0.00010996621738846659
Topic #4,u'package', 0.00010996621408104208
Topic #4,u'stability_data', 0.00010996621408104208
Topic #4,u'extensive', 0.00010996621408104208
Topic #4,u'base', 0.00010996620676517888
Topic #4,u'publish_study', 0.00010996507288813674
Topic #8,u'applicable', 0.00053936340164209302
Topic #8,u'paragraph', 0.00040724282375397469
Topic #8,u'submit', 0.00033772833455815595
Topic #8,u'contains', 0.00031145118452803198
Topic #8,u'set_forth', 0.00028595423336118074
Topic #8,u'information_require', 0.00025854678155170607
Topic #8,u'information', 0.00016288633227511359
Topic #8,u'readily_understandable', 0.00016288624842126823
Topic #8,u'manner', 0.00016288624842126823
Topic #8,u'lieu', 0.00010985148045984021
Topic #7,u'cosmetic_act', 0.00049685605538165895
Topic #7,u'list', 0.00014965700778060901
Topic #7,u'include', 0.00013797361309096637
Topic #7,u'publish_study', 0.00010999723575072643
Topic #7,u'publication', 0.00010999609865567102
Topic #7,u'copy', 0.00010999609865567102
Topic #7,u'safe', 0.00010999609346200832
Topic #7,u'recognize', 0.00010999609346200832
Topic #7,u'generally', 0.00010999609346200832
Topic #7,u'authorize', 0.00010999608613918356
Topic #5,u'approve', 0.00011016169659186643
Topic #5,u'food_additive', 0.00011016169659186643
Topic #5,u'fee', 5.3949504739179978e-05
Topic #5,u'drug', 1.4264978080939985e-05
Topic #5,u'cosmetic_act', 1.4264976246570824e-05
Topic #5,u'infant_formula', 1.4243631340706687e-05
Topic #5,u'infant_formula_are', 1.422855945944027e-05
Topic #5,u'provision', 1.422855945944027e-05
Topic #5,u'exempt', 1.422855945944027e-05
Topic #5,u'submission_relate', 1.422855945944027e-05
Topic #1,u'powder_formulas', 5.3933450635304693e-05
Topic #1,u'dry_weight', 5.3933450476493517e-05
Topic #1,u'unit', 1.4355167849566759e-05
Topic #1,u'per', 1.4355160556767169e-05
Topic #1,u'federal_food', 1.4267145611543196e-05
Topic #1,u'provision', 1.4230722486122936e-05
Topic #1,u'exempt', 1.4230722486122936e-05
Topic #1,u'infant_formula_are', 1.4230722486122936e-05
Topic #1,u'submission_relate', 1.4230722486122936e-05
Topic #1,u'actually_export', 1.423071232065955e-05
