TopicNo,Topic Words,Probability Score
Topic #3,u'infant_formula', 0.00070455959114301334
Topic #3,u'safety', 0.00025917232245972527
Topic #3,u'correct', 0.00025917197590747217
Topic #3,u'competent', 0.00025917197590747217
Topic #3,u'medical_personnel', 0.00025917197590747217
Topic #3,u'jeopardize', 0.00025917197590747217
Topic #3,u'determine', 0.00025917197590747217
Topic #3,u'product', 0.00025917197590747217
Topic #3,u'condition', 0.00025917197590747217
Topic #3,u'person', 0.0001712470759007834
Topic #10,u'work', 0.00042921419368059991
Topic #10,u'hand', 0.00017133487632177107
Topic #10,u'suitable_temperature', 0.00017132777991502439
Topic #10,u'hand_thoroughly', 0.00017132777991502439
Topic #10,u'start', 0.00017132777991502439
Topic #10,u'soap', 0.00017132777991502439
Topic #10,u'wash_facility', 0.00017132777991502439
Topic #10,u'wash', 0.00017132777991502439
Topic #10,u'run_water', 0.00017132777991502439
Topic #10,u'station', 0.0001713277405697435
Topic #6,u'equipment', 0.00036057100576693469
Topic #6,u'utensil', 0.00036057100576693469
Topic #6,u'good', 0.00011510791448694942
Topic #6,u'personal_hygiene', 0.00011510791448694942
Topic #6,u'infant_formula_against', 0.00011510707534352136
Topic #6,u'contamination', 0.00011510707534352136
Topic #6,u'contact_surfaces', 0.00011510707534352136
Topic #6,u'protect', 0.00011510707534352136
Topic #6,u'practice', 0.00011510707534352136
Topic #6,u'infant_formula', 0.00011510118135445807
Topic #4,u'infant_formula', 0.00036030172107103301
Topic #4,u'microbial_contamination', 0.00025948169958494899
Topic #4,u'source', 0.00025948169958494899
Topic #4,u'creates', 0.00025948169958494899
Topic #4,u'reasonable_possibility', 0.00025948169958494899
Topic #4,u'adversely_affect', 0.00025948169958494899
Topic #4,u'safety', 0.00025948135983389851
Topic #4,u'raw_material', 0.00011502162311959705
Topic #4,u'face', 0.0001150215518228438
Topic #4,u'employ', 7.8842375136383574e-05
Topic #8,u'hand', 0.00030146829990853105
Topic #8,u'soil', 0.00017157173063832976
Topic #8,u'contaminate', 0.00017157173063832976
Topic #8,u'become', 0.00017157173063832976
Topic #8,u'time', 0.00017157173063832976
Topic #8,u'protective_apparel', 0.00011510208624954309
Topic #8,u'head', 0.00011510208624954309
Topic #8,u'pack', 0.00011510201481973922
Topic #8,u'require_recordkeeping', 7.8897523753471393e-05
Topic #8,u'include', 7.8897523222734209e-05
Topic #9,u'operation', 0.00028075501736184974
Topic #9,u'closure', 0.00025973038881415888
Topic #9,u'ensure', 0.00011513205527364658
Topic #9,u'infant_formula_and', 0.00011513205527364658
Topic #9,u'hold', 0.00011513205527364658
Topic #9,u'correctly', 0.00011513205527364658
Topic #9,u'supervise', 0.00011513205527364658
Topic #9,u'perform', 0.00011513205527364658
Topic #9,u'fully', 0.00011513205527364658
Topic #9,u'perform_all', 7.8918040447699679e-05
Topic #7,u'infect_wounds', 0.00025993630025713285
Topic #7,u'container', 0.00025993630024683992
Topic #7,u'closure', 1.4224886123538834e-05
Topic #7,u'process_materials', 1.4224886089903416e-05
Topic #7,u'sore', 1.4224886063925155e-05
Topic #7,u'hand', 1.4224873502560351e-05
Topic #7,u'illness', 1.4224867976244188e-05
Topic #7,u'arm_covering', 1.4224867975227582e-05
Topic #7,u'include_boil', 1.4224867958713214e-05
Topic #7,u'infant_formula', 1.4224856092273909e-05
Topic #1,u'process_materials', 0.00025985097365449698
Topic #1,u'arm_covering', 0.00017169582603148559
Topic #1,u'illness', 0.0001716958259962848
Topic #1,u'control', 7.8954685238039532e-05
Topic #1,u'worker', 7.8954685134201546e-05
Topic #1,u'prevent_adulteration', 7.8954681299226375e-05
Topic #1,u'process', 7.89546487831156e-05
Topic #1,u'closure', 1.4220216701546409e-05
Topic #1,u'infect_wounds', 1.4220216641813537e-05
Topic #1,u'sore', 1.4220216583369831e-05
Topic #2,u'ingredient', 0.0002597680152612788
Topic #2,u'exclude', 0.0002597680152612788
Topic #2,u'direct_contact', 0.0002597680152612788
Topic #2,u'sore', 0.00025976772365577061
Topic #2,u'include_boil', 0.00017164081881158381
Topic #2,u'closure', 1.4215660839879611e-05
Topic #2,u'process_materials', 1.4215660806276633e-05
Topic #2,u'container', 1.42156607682394e-05
Topic #2,u'infect_wounds', 1.4215660768207545e-05
Topic #2,u'hand', 1.4215648239287381e-05
Topic #5,u'open', 0.00017175416346866537
Topic #5,u'lesion', 0.00017175416346866537
Topic #5,u'necessary', 0.00011522444306696954
Topic #5,u'train', 7.8981408463470426e-05
Topic #5,u'container', 1.4225037084539922e-05
Topic #5,u'closure', 1.4225037066899734e-05
Topic #5,u'process_materials', 1.4225037032614991e-05
Topic #5,u'sore', 1.4225037006381949e-05
Topic #5,u'infect_wounds', 1.4225036994693186e-05
Topic #5,u'hand', 1.4225024464703692e-05
