TopicNo,Topic Words,Probability Score
Topic #5,u'individual', 0.0013440606296615007
Topic #5,u'audit', 0.0010840163636528252
Topic #5,u'team', 0.00095158784493479807
Topic #5,u'regulation', 0.00048619953202609005
Topic #5,u'current', 0.00041904386385561136
Topic #5,u'manufacture_practice', 0.00041904345580618275
Topic #5,u'good', 0.00041904236018199702
Topic #5,u'matter', 0.0002866147366411878
Topic #5,u'direct', 0.0002866147366411878
Topic #5,u'interest', 0.0002866147366411878
Topic #9,u'infant_formula', 0.00036870747484252361
Topic #9,u'agency', 0.00028855594731917738
Topic #9,u'production', 0.00028855594731917738
Topic #9,u'knowledgeable', 0.00028855594731917738
Topic #9,u'aspect', 0.00028855594731917738
Topic #9,u'manufacturer', 9.4360294679814036e-05
Topic #9,u'good', 1.4227254217717631e-05
Topic #9,u'audit', 1.4226353232150509e-05
Topic #9,u'manufacture_practice', 1.4226150843695266e-05
Topic #9,u'current', 1.4225740560800048e-05
Topic #8,u'experience', 0.00019650404131106336
Topic #8,u'train', 1.4229256902747197e-05
Topic #8,u'education', 1.4229248304732373e-05
Topic #8,u'result', 1.4229248304732373e-05
Topic #8,u'manufacturer', 1.4229246614639124e-05
Topic #8,u'paragraph', 1.4229245986212391e-05
Topic #8,u'audit_require', 1.4229245986212391e-05
Topic #8,u'production', 1.4229245752035852e-05
Topic #8,u'aspect', 1.4229245752035852e-05
Topic #8,u'agency', 1.4229245752035852e-05
Topic #2,u'result', 0.00019640099465202432
Topic #2,u'education', 0.00019640099465202432
Topic #2,u'train', 0.0001964009173749096
Topic #2,u'agent', 9.4439507174131084e-05
Topic #2,u'manufacturer', 9.4438277640659154e-05
Topic #2,u'experience', 1.4221789488180238e-05
Topic #2,u'paragraph', 1.4221778579090598e-05
Topic #2,u'audit_require', 1.4221778579090598e-05
Topic #2,u'production', 1.4221778345413405e-05
Topic #2,u'aspect', 1.4221778345413405e-05
Topic #10,u'train', 1.4231851010431151e-05
Topic #10,u'experience', 1.4231851004321524e-05
Topic #10,u'education', 1.4231842410785812e-05
Topic #10,u'result', 1.4231842410785812e-05
Topic #10,u'manufacturer', 1.4231840720449814e-05
Topic #10,u'paragraph', 1.423184009187879e-05
Topic #10,u'audit_require', 1.423184009187879e-05
Topic #10,u'production', 1.4231839858693973e-05
Topic #10,u'aspect', 1.4231839858693973e-05
Topic #10,u'agency', 1.4231839858693973e-05
Topic #6,u'train', 1.4231851010430944e-05
Topic #6,u'experience', 1.4231851004301421e-05
Topic #6,u'education', 1.4231842410785599e-05
Topic #6,u'result', 1.4231842410785599e-05
Topic #6,u'manufacturer', 1.4231840720449897e-05
Topic #6,u'paragraph', 1.4231840091846619e-05
Topic #6,u'audit_require', 1.4231840091846619e-05
Topic #6,u'production', 1.4231839858690741e-05
Topic #6,u'aspect', 1.4231839858690741e-05
Topic #6,u'agency', 1.4231839858690741e-05
Topic #4,u'train', 1.4231851010430248e-05
Topic #4,u'experience', 1.4231851004388401e-05
Topic #4,u'education', 1.4231842410784902e-05
Topic #4,u'result', 1.4231842410784902e-05
Topic #4,u'manufacturer', 1.423184072045101e-05
Topic #4,u'paragraph', 1.4231840091845925e-05
Topic #4,u'audit_require', 1.4231840091845925e-05
Topic #4,u'production', 1.4231839858690402e-05
Topic #4,u'aspect', 1.4231839858690402e-05
Topic #4,u'agency', 1.4231839858690402e-05
Topic #3,u'train', 1.4231851010430058e-05
Topic #3,u'experience', 1.4231851004299569e-05
Topic #3,u'education', 1.4231842410784718e-05
Topic #3,u'result', 1.4231842410784718e-05
Topic #3,u'manufacturer', 1.4231840720513859e-05
Topic #3,u'paragraph', 1.4231840091845733e-05
Topic #3,u'audit_require', 1.4231840091845733e-05
Topic #3,u'production', 1.4231839858693721e-05
Topic #3,u'aspect', 1.4231839858693721e-05
Topic #3,u'agency', 1.4231839858693721e-05
Topic #1,u'train', 1.4231851010429997e-05
Topic #1,u'experience', 1.4231851004322695e-05
Topic #1,u'education', 1.4231842410784652e-05
Topic #1,u'result', 1.4231842410784652e-05
Topic #1,u'manufacturer', 1.4231840720448653e-05
Topic #1,u'paragraph', 1.4231840091845669e-05
Topic #1,u'audit_require', 1.4231840091845669e-05
Topic #1,u'production', 1.4231839858695898e-05
Topic #1,u'aspect', 1.4231839858695898e-05
Topic #1,u'agency', 1.4231839858695898e-05
Topic #7,u'train', 1.4231851010428738e-05
Topic #7,u'experience', 1.4231851004301549e-05
Topic #7,u'education', 1.4231842410783393e-05
Topic #7,u'result', 1.4231842410783393e-05
Topic #7,u'manufacturer', 1.4231840720447386e-05
Topic #7,u'paragraph', 1.4231840091844708e-05
Topic #7,u'audit_require', 1.4231840091844708e-05
Topic #7,u'production', 1.423183985868932e-05
Topic #7,u'aspect', 1.423183985868932e-05
Topic #7,u'agency', 1.423183985868932e-05
