TopicNo,Topic Words,Probability Score
Topic #4,u'protein', 0.003763891259841562
Topic #4,u'gram', 0.00078706652035464945
Topic #4,u'biological_quality', 0.00072509631862388113
Topic #4,u'present', 0.0003511922921907203
Topic #4,u'use', 0.00022584565223661659
Topic #4,u'casein', 0.00022319909156779533
Topic #4,u'lower', 0.00016287815598416068
Topic #4,u'minimum_amount', 0.00016287815598416068
Topic #4,u'compensate', 0.00016287815598416068
Topic #4,u'increase_proportionately', 0.00016287815598416068
Topic #2,u'casein', 0.0029988684218502809
Topic #2,u'percent', 0.0029897474523955113
Topic #2,u'biological_quality', 0.002648925885053006
Topic #2,u'use', 0.002554044871313959
Topic #2,u'infant_formula', 0.00067181192592360799
Topic #2,u'per', 0.00049817199999617056
Topic #2,u'kilocalorie', 0.00044289141720945269
Topic #2,u'container', 0.00039031957108684679
Topic #2,u'direct', 0.00039031957104908413
Topic #2,u'consumption', 0.00039031957103754676
Topic #3,u'vitamin', 0.0010777493569143375
Topic #3,u'international_unit', 0.00015020036013757947
Topic #3,u'mineral', 0.00011038043606887846
Topic #3,u'paragraph', 0.00011038043606887846
Topic #3,u'addition', 0.00011038043606887846
Topic #3,u'specification_establish', 0.00011038043606887846
Topic #3,u'table', 0.00011038043606887846
Topic #3,u'phylloquinone', 0.00011038043296746612
Topic #3,u'add', 0.00011038043296746612
Topic #3,u'form', 0.00011038043296746612
Topic #9,u'phosphorus', 0.00017253421153930537
Topic #9,u'linoleic_acid', 0.00015041158488991404
Topic #9,u'magnesium', 7.6211842822848343e-05
Topic #9,u'iron', 7.6211842822848343e-05
Topic #9,u'inositol', 7.6211842822848343e-05
Topic #9,u'milligram_choline', 7.6211842822848343e-05
Topic #9,u'mineral_calcium', 7.6211842822848343e-05
Topic #9,u'calorie', 1.4438149295583406e-05
Topic #9,u'milligram', 1.4281386635443816e-05
Topic #9,u'per', 1.4243516454740006e-05
Topic #6,u'microgram', 0.00017247527007939857
Topic #6,u'niacin', 0.00013815847257197527
Topic #6,u'chloride', 7.6186142969638846e-05
Topic #6,u'potassium', 7.6186142969638846e-05
Topic #6,u'generic', 7.6186142969638846e-05
Topic #6,u'sodium_milligram', 7.6186142969638846e-05
Topic #6,u'iodine', 7.6186142969638846e-05
Topic #6,u'manganese_microgram', 7.6186142969638846e-05
Topic #6,u'includes', 7.6186142969638846e-05
Topic #6,u'term', 7.6186142969638846e-05
Topic #8,u'example', 0.00016404996741394094
Topic #8,u'use', 1.4229721541341053e-05
Topic #8,u'nicotinamide', 1.4229709768810767e-05
Topic #8,u'milk', 1.4229709757783865e-05
Topic #8,u'zinc', 1.4229707608165807e-05
Topic #8,u'ascorbic_acid', 1.4229707602765516e-05
Topic #8,u'nicotinic_acid', 1.4229707595080621e-05
Topic #8,u'folacin', 1.4229707593458735e-05
Topic #8,u'niacinamide', 1.4229707591625564e-05
Topic #8,u'biological_quality', 1.4229707438285689e-05
Topic #7,u'non', 0.00011058576303188363
Topic #7,u'require', 0.00011058576303188363
Topic #7,u'milk', 0.00011058573429626207
Topic #7,u'folic_acid', 7.622645396841448e-05
Topic #7,u'niacin', 7.6221834781423702e-05
Topic #7,u'use', 1.4225974921032422e-05
Topic #7,u'example', 1.4225966366633635e-05
Topic #7,u'nicotinamide', 1.4225963154463632e-05
Topic #7,u'zinc', 1.4225960998536489e-05
Topic #7,u'ascorbic_acid', 1.4225960992517376e-05
Topic #5,u'niacinamide', 7.6253207479371347e-05
Topic #5,u'use', 1.4230971073166954e-05
Topic #5,u'example', 1.423096251479968e-05
Topic #5,u'nicotinamide', 1.4230959294436002e-05
Topic #5,u'milk', 1.4230959283409094e-05
Topic #5,u'zinc', 1.4230957135387988e-05
Topic #5,u'ascorbic_acid', 1.4230957129986813e-05
Topic #5,u'nicotinic_acid', 1.4230957122301033e-05
Topic #5,u'folacin', 1.4230957120678768e-05
Topic #5,u'biological_quality', 1.4230956964636602e-05
Topic #1,u'biotin', 7.6237682866753061e-05
Topic #1,u'pantothenic_acid', 7.6237682866753061e-05
Topic #1,u'nicotinic_acid', 7.6237665731955005e-05
Topic #1,u'nutrient_specification', 5.4131548725091888e-05
Topic #1,u'riboflavin', 5.4106381744377544e-05
Topic #1,u'vitamin', 1.4244107153778317e-05
Topic #1,u'use', 1.4228070552652277e-05
Topic #1,u'example', 1.4228062002647555e-05
Topic #1,u'nicotinamide', 1.4228058775225523e-05
Topic #1,u'milk', 1.4228058764599281e-05
Topic #10,u'use', 1.4231853766253011e-05
Topic #10,u'example', 1.4231845207283451e-05
Topic #10,u'nicotinamide', 1.4231841987258066e-05
Topic #10,u'milk', 1.423184197609765e-05
Topic #10,u'zinc', 1.4231839826173856e-05
Topic #10,u'ascorbic_acid', 1.4231839820771648e-05
Topic #10,u'nicotinic_acid', 1.4231839813085322e-05
Topic #10,u'folacin', 1.4231839811462828e-05
Topic #10,u'niacinamide', 1.4231839809342058e-05
Topic #10,u'biological_quality', 1.4231839655873676e-05
