TopicNo,Topic Words,Probability Score
Topic #2,u'number', 0.0012044027744013556
Topic #2,u'significant', 0.0012044027744013556
Topic #2,u'disregard', 0.0012044027744013556
Topic #2,u'case', 0.0012044027744013556
Topic #2,u'audit', 0.00026577508024178576
Topic #2,u'recall_firm', 0.00018169680995815796
Topic #2,u'recall', 0.00011831261641660777
Topic #2,u'infant_formula', 0.0001183124640501317
Topic #2,u'depth', 7.752415627227672e-05
Topic #2,u'risk', 7.752415627227672e-05
Topic #10,u'agency', 0.0003945127044729887
Topic #10,u'firm', 0.00023189330716870388
Topic #10,u'notification', 0.00016816667512684744
Topic #10,u'issue', 0.00016816667512684744
Topic #10,u'additional', 0.00016816667512684744
Topic #10,u'require', 7.7942461468126969e-05
Topic #10,u'notify', 1.4223966159528088e-05
Topic #10,u'serious_deficiency', 1.4223966159528088e-05
Topic #10,u'recall_firm', 1.4216108006021706e-05
Topic #10,u'number', 1.4215854823424826e-05
Topic #5,u'recall', 0.00021795209496393522
Topic #5,u'information_demonstrate', 0.00016813494126357559
Topic #5,u'original_notification', 0.00016813494126357559
Topic #5,u'receive', 0.00016813494126357559
Topic #5,u'demonstrate', 0.00011323697949042936
Topic #5,u'effective', 0.00011323697949042936
Topic #5,u'carry', 0.00011323697210773675
Topic #5,u'additional_effectiveness_check', 0.00011323697210773675
Topic #5,u'change', 7.7927755841912823e-05
Topic #5,u'extent', 7.7927755841912823e-05
Topic #1,u'direct_account', 0.00016832982734722932
Topic #1,u'significant', 1.4229652180865813e-05
Topic #1,u'disregard', 1.4229652180865813e-05
Topic #1,u'number', 1.4229652180865813e-05
Topic #1,u'case', 1.4229652180865813e-05
Topic #1,u'information', 1.4229648861885092e-05
Topic #1,u'audit', 1.4229647302357105e-05
Topic #1,u'carry', 1.4229645656228901e-05
Topic #1,u'additional_effectiveness_check', 1.4229645656228901e-05
Topic #1,u'original_notification', 1.422964565611127e-05
Topic #4,u'information', 0.00011337446733885357
Topic #4,u'disregard', 1.423043430922214e-05
Topic #4,u'number', 1.423043430922214e-05
Topic #4,u'significant', 1.423043430922214e-05
Topic #4,u'case', 1.423043430922214e-05
Topic #4,u'direct_account', 1.4230434260739419e-05
Topic #4,u'audit', 1.423042942949094e-05
Topic #4,u'carry', 1.4230427783090465e-05
Topic #4,u'additional_effectiveness_check', 1.4230427783090465e-05
Topic #4,u'original_notification', 1.4230427782433013e-05
Topic #6,u'significant', 1.4231845313312166e-05
Topic #6,u'disregard', 1.4231845313312166e-05
Topic #6,u'number', 1.4231845313312166e-05
Topic #6,u'case', 1.4231845313312166e-05
Topic #6,u'direct_account', 1.4231845266009833e-05
Topic #6,u'information', 1.4231841991373598e-05
Topic #6,u'audit', 1.4231840431488147e-05
Topic #6,u'carry', 1.4231838785066416e-05
Topic #6,u'additional_effectiveness_check', 1.4231838785066416e-05
Topic #6,u'receive', 1.4231838784991337e-05
Topic #9,u'significant', 1.423184531331111e-05
Topic #9,u'disregard', 1.423184531331111e-05
Topic #9,u'number', 1.423184531331111e-05
Topic #9,u'case', 1.423184531331111e-05
Topic #9,u'direct_account', 1.4231845266008832e-05
Topic #9,u'information', 1.4231841991359977e-05
Topic #9,u'audit', 1.423184043148707e-05
Topic #9,u'carry', 1.4231838785065362e-05
Topic #9,u'additional_effectiveness_check', 1.4231838785065362e-05
Topic #9,u'receive', 1.423183878499028e-05
Topic #7,u'significant', 1.4231845313310622e-05
Topic #7,u'disregard', 1.4231845313310622e-05
Topic #7,u'number', 1.4231845313310622e-05
Topic #7,u'case', 1.4231845313310622e-05
Topic #7,u'direct_account', 1.4231845266008398e-05
Topic #7,u'information', 1.4231841991359552e-05
Topic #7,u'audit', 1.4231840431486058e-05
Topic #7,u'carry', 1.4231838785064873e-05
Topic #7,u'additional_effectiveness_check', 1.4231838785064873e-05
Topic #7,u'receive', 1.4231838784989792e-05
Topic #3,u'significant', 1.4231845313310528e-05
Topic #3,u'disregard', 1.4231845313310528e-05
Topic #3,u'number', 1.4231845313310528e-05
Topic #3,u'case', 1.4231845313310528e-05
Topic #3,u'direct_account', 1.423184526600822e-05
Topic #3,u'information', 1.4231841991359571e-05
Topic #3,u'audit', 1.4231840431493041e-05
Topic #3,u'carry', 1.4231838785064778e-05
Topic #3,u'additional_effectiveness_check', 1.4231838785064778e-05
Topic #3,u'receive', 1.4231838784989699e-05
Topic #8,u'significant', 1.4231845313308584e-05
Topic #8,u'disregard', 1.4231845313308584e-05
Topic #8,u'number', 1.4231845313308584e-05
Topic #8,u'case', 1.4231845313308584e-05
Topic #8,u'direct_account', 1.4231845266006319e-05
Topic #8,u'information', 1.423184199135749e-05
Topic #8,u'audit', 1.4231840431484043e-05
Topic #8,u'additional_effectiveness_check', 1.4231838785062835e-05
Topic #8,u'carry', 1.4231838785062835e-05
Topic #8,u'receive', 1.4231838784987757e-05
