TopicNo,Topic Words,Probability Score
Topic #3,u'vitamin', 0.0016020405677192933
Topic #3,u'declare', 0.0011431554402749915
Topic #3,u'infant_formula', 0.00056473940237061011
Topic #3,u'base', 0.00050063678386932681
Topic #3,u'unit', 0.00048199205660831107
Topic #3,u'content', 0.00048198274048822732
Topic #3,u'label', 0.00041332675198326916
Topic #3,u'appear', 0.00041332674934289941
Topic #3,u'declaration', 0.00032602007930722019
Topic #3,u'chloride', 0.00032549461763693163
Topic #6,u'iron', 0.001145665883997846
Topic #6,u'infant_consumption', 0.00080980425570687767
Topic #6,u'prepare', 0.00080980425353290866
Topic #6,u'accordance', 0.00056599108219227963
Topic #6,u'product', 0.00056599108147614642
Topic #6,u'label_direction', 0.00056599108051721926
Topic #6,u'quantity', 0.00050110507409208843
Topic #6,u'product_contains', 0.00050110507409208843
Topic #6,u'publication', 0.00025792780909701007
Topic #6,u'federal_register', 0.00025792709536315875
Topic #10,u'milligram', 0.00082679655546552186
Topic #10,u'choline', 0.00036002371742185462
Topic #10,u'sodium', 0.00017132242420591178
Topic #10,u'immediately_follow', 0.00017131871975944831
Topic #10,u'chloride_content', 0.00017131870411368449
Topic #10,u'millimoles', 0.00017131870411368449
Topic #10,u'potassium', 0.00017131853970727846
Topic #10,u'declaration', 0.00017131509131263669
Topic #10,u'unit', 0.00017130933560837984
Topic #10,u'kilocalorie', 0.00015290115912902153
Topic #4,u'supply', 0.00063440260877525151
Topic #4,u'kilocalorie', 0.00056013853601412226
Topic #4,u'zinc', 0.00017159798590381798
Topic #4,u'federal_food', 7.8909660380482611e-05
Topic #4,u'product_contains', 1.4543584955515606e-05
Topic #4,u'quantity', 1.4543584955515606e-05
Topic #4,u'fluid_ounce', 1.4220512942415071e-05
Topic #4,u'number', 1.4220512811651321e-05
Topic #4,u'milligram', 1.4218708073521169e-05
Topic #4,u'accordance', 1.421433120692887e-05
Topic #2,u'statement', 0.00063282020116779073
Topic #2,u'food', 0.00025903838289548464
Topic #2,u'identify', 0.00025903838289548464
Topic #2,u'essential', 0.00025903838289548464
Topic #2,u'intake', 0.00025903783458403268
Topic #2,u'institute', 0.00025903783458403268
Topic #2,u'development', 0.00025903783458403268
Topic #2,u'dietary', 0.00025903783458403268
Topic #2,u'reference', 0.00025903783458403268
Topic #2,u'nutrition_board', 0.00025903783458403268
Topic #9,u'per', 0.00050499417084213117
Topic #9,u'biotin', 0.00027239791835364147
Topic #9,u'milliliter', 0.00025960030261356964
Topic #9,u'liter', 0.00025960030261356964
Topic #9,u'copper', 0.00017152998532195309
Topic #9,u'tocopherol_equivalent', 0.00017152998526407881
Topic #9,u'phosphorus', 0.0001150741399037948
Topic #9,u'fat', 7.8878397668456039e-05
Topic #9,u'drug', 7.8878392307444179e-05
Topic #9,u'similar_statement', 1.4206522371124837e-05
Topic #7,u'similar_statement', 0.00050310855689074385
Topic #7,u'iodine', 0.0004160804555166102
Topic #7,u'provide', 0.0002590987577055606
Topic #7,u'add', 0.00025909871908463578
Topic #7,u'declare_except', 0.00025909871908463578
Topic #7,u'inositol_content', 0.00025909871908463578
Topic #7,u'milk', 0.00025909871908463578
Topic #7,u'level_consider', 0.0002590987190840283
Topic #7,u'biological_significance', 0.0002590987190840283
Topic #7,u'caloric_density', 0.00025909840126211157
Topic #5,u'sodium', 0.00041723638986235375
Topic #5,u'appropriate', 0.00025982047920625683
Topic #5,u'micromoles', 0.0001716756766999369
Topic #5,u'nutrient_information', 7.8945382848818224e-05
Topic #5,u'amount', 7.8931789796574312e-05
Topic #5,u'vitamin_list', 1.4499790353664771e-05
Topic #5,u'bottom', 1.4499790353664771e-05
Topic #5,u'additional_mineral', 1.4499790353664771e-05
Topic #5,u'additional_vitamin', 1.4499790353664771e-05
Topic #5,u'statement', 1.4349782023299696e-05
Topic #1,u'potassium', 0.00030179373721273846
Topic #1,u'sodium_milligram', 0.00017176000793303121
Topic #1,u'similar_statement', 1.5137831480084602e-05
Topic #1,u'chloride', 1.4225538015698541e-05
Topic #1,u'list_nutrient', 1.4225532362239719e-05
Topic #1,u'caloric_density', 1.4225532322514698e-05
Topic #1,u'appropriate', 1.4225532291305829e-05
Topic #1,u'sodium', 1.4225518054257119e-05
Topic #1,u'base', 1.4225516689539654e-05
Topic #1,u'micromoles', 1.4225514244002363e-05
Topic #8,u'level', 0.0002598262933614443
Topic #8,u'known', 0.0002598262933614443
Topic #8,u'manganese_microgram', 0.00017167936479403628
Topic #8,u'thiamine', 0.000115174354031287
Topic #8,u'magnesium', 0.00011517435402717389
Topic #8,u'carbohydrate', 7.8947087265533316e-05
Topic #8,u'similar_statement', 1.4218894489689283e-05
Topic #8,u'potassium', 1.4218885622041207e-05
Topic #8,u'chloride', 1.421885894551757e-05
Topic #8,u'list_nutrient', 1.421885333909209e-05
