TopicNo,Topic Words,Probability Score
Topic #4,u'food', 0.00062745899999063696
Topic #4,u'drug_administration', 0.00062745899999063696
Topic #4,u'infant_formula', 0.00053973333486818465
Topic #4,u'remove', 0.00048683217223571693
Topic #4,u'market', 0.00048683217223571693
Topic #4,u'appropriate_actions', 0.00028698767665478938
Topic #4,u'take', 0.00028698767665478938
Topic #4,u'monitor_continually', 0.00028698767665478938
Topic #4,u'recall_action', 0.00028698767665478938
Topic #4,u'ensure', 0.00028698767665478938
Topic #7,u'human_risk', 0.00028880502279934233
Topic #7,u'present', 0.00028880502279934233
Topic #7,u'control', 0.00013511155683721771
Topic #7,u'manufacturer', 1.4222303505806771e-05
Topic #7,u'longer', 1.4222302652142782e-05
Topic #7,u'subject', 1.4222302652142782e-05
Topic #7,u'subpart_apply', 1.4222302411858471e-05
Topic #7,u'requirement', 1.4222302411858471e-05
Topic #7,u'ensure', 1.4222301924344055e-05
Topic #7,u'take', 1.4222301924344055e-05
Topic #5,u'longer', 0.0001351531590479842
Topic #5,u'subject', 0.0001351531590479842
Topic #5,u'manufacturer', 0.00013515234364022547
Topic #5,u'human_risk', 1.4226682806180085e-05
Topic #5,u'present', 1.4226682806180085e-05
Topic #5,u'control', 1.4226682187635465e-05
Topic #5,u'subpart_apply', 1.4226675514942246e-05
Topic #5,u'requirement', 1.4226675514942246e-05
Topic #5,u'ensure', 1.4226675026699043e-05
Topic #5,u'take', 1.4226675026699043e-05
Topic #1,u'subpart_apply', 9.4491150024863803e-05
Topic #1,u'requirement', 9.4491150024863803e-05
Topic #1,u'human_risk', 1.4229561278050505e-05
Topic #1,u'present', 1.4229561278050505e-05
Topic #1,u'control', 1.422956064796113e-05
Topic #1,u'manufacturer', 1.4229555073493268e-05
Topic #1,u'subject', 1.4229554220145541e-05
Topic #1,u'longer', 1.4229554220145541e-05
Topic #1,u'take', 1.4229553493857093e-05
Topic #1,u'monitor_continually', 1.4229553493857093e-05
Topic #9,u'human_risk', 1.4231845825228909e-05
Topic #9,u'present', 1.4231845825228909e-05
Topic #9,u'control', 1.4231845197191098e-05
Topic #9,u'manufacturer', 1.4231839616612716e-05
Topic #9,u'longer', 1.4231838762333566e-05
Topic #9,u'subject', 1.4231838762333566e-05
Topic #9,u'subpart_apply', 1.4231838521992752e-05
Topic #9,u'requirement', 1.4231838521992752e-05
Topic #9,u'ensure', 1.4231838034245202e-05
Topic #9,u'take', 1.4231838034245202e-05
Topic #8,u'human_risk', 1.4231845821366995e-05
Topic #8,u'present', 1.4231845821366995e-05
Topic #8,u'control', 1.4231845197193169e-05
Topic #8,u'manufacturer', 1.4231839616614769e-05
Topic #8,u'longer', 1.4231838762335609e-05
Topic #8,u'subject', 1.4231838762335609e-05
Topic #8,u'subpart_apply', 1.4231838521971261e-05
Topic #8,u'requirement', 1.4231838521971261e-05
Topic #8,u'ensure', 1.4231838034792824e-05
Topic #8,u'take', 1.4231838034792824e-05
Topic #2,u'present', 1.42318458213664e-05
Topic #2,u'human_risk', 1.42318458213664e-05
Topic #2,u'control', 1.4231845197192632e-05
Topic #2,u'manufacturer', 1.4231839617989658e-05
Topic #2,u'longer', 1.4231838763710505e-05
Topic #2,u'subject', 1.4231838763710505e-05
Topic #2,u'subpart_apply', 1.4231838521970746e-05
Topic #2,u'requirement', 1.4231838521970746e-05
Topic #2,u'ensure', 1.4231838034259957e-05
Topic #2,u'take', 1.4231838034259957e-05
Topic #3,u'human_risk', 1.4231845821366282e-05
Topic #3,u'present', 1.4231845821366282e-05
Topic #3,u'control', 1.4231845197192494e-05
Topic #3,u'manufacturer', 1.4231839616614107e-05
Topic #3,u'longer', 1.4231838762334957e-05
Topic #3,u'subject', 1.4231838762334957e-05
Topic #3,u'subpart_apply', 1.4231838522000231e-05
Topic #3,u'requirement', 1.4231838522000231e-05
Topic #3,u'ensure', 1.4231838034356926e-05
Topic #3,u'take', 1.4231838034356926e-05
Topic #10,u'human_risk', 1.4231845821364616e-05
Topic #10,u'present', 1.4231845821364616e-05
Topic #10,u'control', 1.4231845197190828e-05
Topic #10,u'manufacturer', 1.4231839616612443e-05
Topic #10,u'longer', 1.4231838762333287e-05
Topic #10,u'subject', 1.4231838762333287e-05
Topic #10,u'subpart_apply', 1.4231838522539567e-05
Topic #10,u'requirement', 1.4231838522539567e-05
Topic #10,u'ensure', 1.4231838034242424e-05
Topic #10,u'take', 1.4231838034242424e-05
Topic #6,u'human_risk', 1.423184582136433e-05
Topic #6,u'present', 1.423184582136433e-05
Topic #6,u'control', 1.4231845197506597e-05
Topic #6,u'manufacturer', 1.423183961661216e-05
Topic #6,u'subject', 1.4231838762333002e-05
Topic #6,u'longer', 1.4231838762333002e-05
Topic #6,u'subpart_apply', 1.4231838521968652e-05
Topic #6,u'requirement', 1.4231838521968652e-05
Topic #6,u'ensure', 1.4231838034242813e-05
Topic #6,u'take', 1.4231838034242813e-05
