TopicNo,Topic Words,Probability Score
Topic #6,u'manufacturer', 0.0027442208032710811
Topic #6,u'paragraph', 0.0017148145465017931
Topic #6,u'drug_administration', 0.0015233502968793997
Topic #6,u'food', 0.0014368756716881613
Topic #6,u'requirement', 0.00083349268896524783
Topic #6,u'quality_control_procedure', 0.00076181616028173202
Topic #6,u'submit', 0.00048100919649187839
Topic #6,u'drug', 0.0004094311897247379
Topic #6,u'infant_formula_and', 0.00035398989343015676
Topic #6,u'information_require', 0.00035398987719578978
Topic #7,u'infant_formula', 0.0020943095958873854
Topic #7,u'exempt', 0.0010081531346103209
Topic #7,u'deviation', 0.0006486749656766244
Topic #7,u'nutrient_requirement', 0.00059019959007567107
Topic #7,u'labeling', 0.00054152066277770271
Topic #7,u'misbranded', 0.00050070885569705758
Topic #7,u'comply', 0.00033420899004430447
Topic #7,u'paint', 0.00025739738016567691
Topic #7,u'branch', 0.00025739738016567691
Topic #7,u'pkwy', 0.00025739738016567691
Topic #8,u'center', 0.0017632680701749261
Topic #8,u'food_safety', 0.0015222771378351116
Topic #8,u'apply_nutrition', 0.0015222771378351116
Topic #8,u'fda', 0.0010354307622844122
Topic #8,u'review', 0.00090189736495540783
Topic #8,u'director', 0.00071854959278738609
Topic #8,u'notification', 0.00070869591541943651
Topic #8,u'specify', 0.00065033973036881056
Topic #8,u'district_office', 0.00049572285483193525
Topic #8,u'paragraph', 0.0004601103147288432
Topic #1,u'exempt_status', 0.0011218920572197018
Topic #1,u'act', 0.0010297977545060538
Topic #1,u'infant_formula', 0.00068269252587769061
Topic #1,u'generally', 0.0006340135910407811
Topic #1,u'paragraph', 0.00059663082104187187
Topic #1,u'condition', 0.00051434158730307409
Topic #1,u'regulation_promulgate', 0.00049002494271436939
Topic #1,u'represent', 0.00040466240563201877
Topic #1,u'nutritional', 0.00036969741118190818
Topic #1,u'subject', 0.00035722561607172258
Topic #2,u'product', 0.0010402378425383295
Topic #2,u'nutrient', 0.00045657675426585305
Topic #2,u'office', 0.00041545158719914554
Topic #2,u'college_park', 0.00035616900003485334
Topic #2,u'withdrawal', 0.0003271654530605469
Topic #2,u'inappropriate', 0.00025868177496155226
Topic #2,u'lead', 0.00025868177496155226
Topic #2,u'could', 0.00025868177496155226
Topic #2,u'nutrition', 0.00025868168961811969
Topic #2,u'formula_cover', 0.0001791085586828833
Topic #9,u'labeling_requirements', 0.00089296419125011383
Topic #9,u'provide', 0.00057975382165671089
Topic #9,u'process', 0.00045100853203048215
Topic #9,u'necessary', 0.00036002340486785236
Topic #9,u'dietary_management', 0.00033550545055509881
Topic #9,u'modify_requirement', 0.00032681008640094854
Topic #9,u'formula', 0.00028017058096512778
Topic #9,u'specific_disease', 0.00027100461270024317
Topic #9,u'label_information', 0.00025712376244910689
Topic #9,u'clinically_serious', 0.00024280931870337307
Topic #4,u'quality_control', 0.00054912465858537635
Topic #4,u'requirement', 0.00033601630594889265
Topic #4,u'regulation', 0.00032326445439442056
Topic #4,u'apply', 0.00027154175643535926
Topic #4,u'symbol_require', 0.00025879409050082403
Topic #4,u'include_pictograms', 0.00025879409050082403
Topic #4,u'physician', 0.00021527106144701041
Topic #4,u'medical', 0.00021288131074632017
Topic #4,u'modify', 0.00019862909253889465
Topic #4,u'clinical_study', 0.00019841343059994783
Topic #3,u'provide', 0.00033688404478858963
Topic #3,u'problem', 0.0003239869782402243
Topic #3,u'dietary_supplement', 0.00025945514022052862
Topic #3,u'except', 0.0001796444398854652
Topic #3,u'disorder', 0.00017143427971253082
Topic #3,u'withdraw', 0.00017140871955545017
Topic #3,u'preparation', 0.00016152008391882064
Topic #3,u'appropriate_direction', 0.00016152008391882064
Topic #3,u'label', 7.8825274445125132e-05
Topic #3,u'low', 7.8818899667343041e-05
Topic #10,u'cosmetic_act', 0.00025976808697362032
Topic #10,u'define', 0.00025976808684798378
Topic #10,u'technological_rationale', 0.00021580920660788108
Topic #10,u'additional_labeling_information', 0.00017164119269832194
Topic #10,u'necessary', 0.00017161607191656849
Topic #10,u'complete_description', 7.8924103124391518e-05
Topic #10,u'change', 7.8923127908793965e-05
Topic #10,u'product', 1.4741758489008423e-05
Topic #10,u'infant_formula', 1.4441327996065478e-05
Topic #10,u'process', 1.4432545940607949e-05
Topic #5,u'hour', 0.00025953053140306674
Topic #5,u'normal', 0.00025953053140306674
Topic #5,u'business', 0.00025953053140306674
Topic #5,u'notification_requirement', 0.00025953024203299581
Topic #5,u'compliance_date', 0.0001714866682303428
Topic #5,u'grant', 0.00017148409589501278
Topic #5,u'cause', 0.00017148409589501278
Topic #5,u'good', 0.00017148409589501278
Topic #5,u'postponement', 0.00017148409589501278
Topic #5,u'th_day', 7.8848954604825283e-05
