TopicNo,Topic Words,Probability Score
Topic #1,u'semiquantitative_formula', 0.015467607452591051
Topic #1,u'quantitative', 0.015467607452591051
Topic #1,u'year', 0.00048020100338534672
Topic #1,u'food_safety', 0.00044026045606021676
Topic #1,u'center', 0.00044026045564997542
Topic #1,u'apply_nutrition', 0.00044026045544010505
Topic #1,u'process_plant', 0.00033793628144649545
Topic #1,u'pursuant', 0.00033549515153105197
Topic #1,u'et_seq', 0.00029761863061597706
Topic #1,u'prolong_period', 0.00015572729151489936
Topic #5,u'food', 0.0029668651710032723
Topic #5,u'drug_administration', 0.0017954195926119859
Topic #5,u'information', 0.0010247274977329603
Topic #5,u'acid_food', 0.00089111503740072059
Topic #5,u'health', 0.00066623055763425699
Topic #5,u'product', 0.00063615732428198466
Topic #5,u'hermetically_seal_container', 0.00063503750518170655
Topic #5,u'available', 0.0006005123058218818
Topic #5,u'injurious', 0.00052296318381415735
Topic #5,u'import', 0.00043804207738636558
Topic #2,u'low', 0.0018689787179789767
Topic #2,u'thermal_process', 0.0011190681836459955
Topic #2,u'submit', 0.00032942758459275802
Topic #2,u'specify', 0.00031555809184388261
Topic #2,u'thermal_process_systems', 0.00029690071392728031
Topic #2,u'complete_form', 0.00011384621803567191
Topic #2,u'coordinator', 0.00011384613819384093
Topic #2,u'lacf', 0.00011384613789527462
Topic #2,u'registration', 0.00011384511742055468
Topic #2,u'aseptic_process', 0.00010842893538659815
Topic #8,u'process', 0.0017868068059046498
Topic #8,u'state', 0.0017389049999353423
Topic #8,u'inspection', 0.00068650602516651745
Topic #8,u'regulation', 0.00059237521204854736
Topic #8,u'container', 0.00040513642883505222
Topic #8,u'california', 0.00039674687742544118
Topic #8,u'adequacy', 0.00037175804150116598
Topic #8,u'processor', 0.00036361391138602106
Topic #8,u'closure', 0.00034514376303058296
Topic #8,u'trade_secret', 0.00031192072965439017
Topic #9,u'commercial_processor', 0.0014025208081718233
Topic #9,u'acid_food_package', 0.00097126446191811097
Topic #9,u'engage', 0.00090287188526097409
Topic #9,u'hermetically_seal_container', 0.00045376194624155251
Topic #9,u'requirement', 0.00035176172651727486
Topic #9,u'manufacture', 0.00033775943635180411
Topic #9,u'longer', 0.00025460319864540774
Topic #9,u'process_file', 0.00023484533048650437
Topic #9,u'necessary', 0.00020783996145912849
Topic #9,u'form_fda', 0.00017427276282883569
Topic #7,u'commissioner', 0.00086534693491980869
Topic #7,u'act', 0.00073767219431566185
Topic #7,u'except', 0.00051295663971928141
Topic #7,u'find', 0.00038459177441537627
Topic #7,u'establishment', 0.00037320498664410629
Topic #7,u'provision', 0.00034562622947141114
Topic #7,u'define', 0.00034559145364556937
Topic #7,u'control', 0.0002412830873951649
Topic #7,u'can', 0.00017419942793326265
Topic #7,u'commercial_process', 0.00016844459923359156
Topic #6,u'provide', 0.00082034923851540128
Topic #6,u'paragraph', 0.00056225624975460395
Topic #6,u'file', 0.00051013546140102784
Topic #6,u'pack', 0.00025285280979284625
Topic #6,u'emergency_permit', 0.00023886396089994926
Topic #6,u'obtain', 0.00017469860633009205
Topic #6,u'lieu', 0.00016087361427851975
Topic #6,u'issuance', 0.00016087361427851975
Topic #6,u'process_information', 0.000147628303961075
Topic #6,u'substantiation', 0.00013539006251706459
Topic #4,u'stat', 0.00058279332350763969
Topic #4,u'amend', 0.00030686115100037574
Topic #4,u'record_specify', 0.0001613217327103475
Topic #4,u'accordingly', 0.00016132173270278245
Topic #4,u'minimum', 7.5107140147505564e-05
Topic #4,u'initial_temperatures', 7.5107140147505564e-05
Topic #4,u'improper_manufacture', 5.3398517214315775e-05
Topic #4,u'inadequate', 5.3398516709979029e-05
Topic #4,u'et_seq', 1.433292746573934e-05
Topic #4,u'branch', 1.4263383824841961e-05
Topic #10,u'schedule_process', 0.00045097433720579186
Topic #10,u'requirement', 0.0004336243249171975
Topic #10,u'first', 0.00033231325192028307
Topic #10,u'day', 0.00032873286596119808
Topic #10,u'paint', 0.00030712406196490303
Topic #10,u'branch', 0.00030712406164631754
Topic #10,u'pkwy', 0.00030712406151833555
Topic #10,u'retort_temperature', 0.00026281436571444771
Topic #10,u'packer', 0.00026280691033773437
Topic #10,u'change', 0.0002291569263121287
Topic #3,u'college_park', 0.00030864985376956663
Topic #3,u'include', 0.00028273197612518458
Topic #3,u'production', 0.00022195398992537436
Topic #3,u'modification', 0.00020319686087562352
Topic #3,u'limit', 0.00017497773066082879
Topic #3,u'schedule_process', 0.00016953992711535667
Topic #3,u'quality_control_information', 0.0001611312647206109
Topic #3,u'integrity', 0.00016113126468503475
Topic #3,u'container_closure', 0.00016113126468503475
Topic #3,u'made', 0.00010872504590915252
