TopicNo,Topic Words,Probability Score
Topic #3,u'drug', 0.000280690291940065
Topic #3,u'food', 0.00027247203522426773
Topic #3,u'activity_conduct', 0.00017157679799398648
Topic #3,u'locality_mean', 0.00017157679799398648
Topic #3,u'establishment', 0.00017157679799398648
Topic #3,u'pack', 0.00017157679799398648
Topic #3,u'single_plant', 0.00017157679799398648
Topic #3,u'commissioner_mean', 0.00011510550848862088
Topic #3,u'commissioner', 0.00011510550848862088
Topic #3,u'packer', 1.4210341790864565e-05
Topic #10,u'manufacturer', 0.00025995922419054241
Topic #10,u'manufacture', 0.00017176735220553275
Topic #10,u'packer', 1.422614057314549e-05
Topic #10,u'processor', 1.4226140559438735e-05
Topic #10,u'amend', 1.4226122480782546e-05
Topic #10,u'process', 1.4226122480155054e-05
Topic #10,u'plant', 1.4226118917132428e-05
Topic #10,u'cosmetic_act', 1.4226112309809196e-05
Topic #10,u'industry', 1.4226108100051177e-05
Topic #10,u'region', 1.4226108100051177e-05
Topic #6,u'packer', 0.0002599592241854619
Topic #6,u'process', 0.00017176735221266802
Topic #6,u'manufacturer', 1.4226140572854495e-05
Topic #6,u'processor', 1.4226140559450737e-05
Topic #6,u'amend', 1.4226122483062913e-05
Topic #6,u'manufacture', 1.4226122480354151e-05
Topic #6,u'plant', 1.4226118917148683e-05
Topic #6,u'cosmetic_act', 1.4226112309825511e-05
Topic #6,u'industry', 1.4226108100067421e-05
Topic #6,u'region', 1.4226108100067421e-05
Topic #1,u'plant', 0.00025983182740245674
Topic #1,u'industry', 0.00025983181747302181
Topic #1,u'region', 0.00025983181747302181
Topic #1,u'amend', 0.0001716829756662535
Topic #1,u'manufacturer', 1.4219152329172693e-05
Topic #1,u'packer', 1.4219152328446895e-05
Topic #1,u'processor', 1.4219152313113067e-05
Topic #1,u'manufacture', 1.4219134242876293e-05
Topic #1,u'process', 1.4219134242696787e-05
Topic #1,u'cosmetic_act', 1.4219124078519029e-05
Topic #9,u'plant', 0.00025980892744913294
Topic #9,u'series', 0.0002598089157480388
Topic #9,u'single_management', 0.0002598089157480388
Topic #9,u'processor', 0.00025980862390666
Topic #9,u'packer', 1.4217899053749648e-05
Topic #9,u'manufacturer', 1.4217899053553554e-05
Topic #9,u'manufacture', 1.4217880963772404e-05
Topic #9,u'process', 1.4217880959861244e-05
Topic #9,u'amend', 1.4217880957866419e-05
Topic #9,u'cosmetic_act', 1.4217870793393513e-05
Topic #5,u'cosmetic_act', 0.00021587469571077817
Topic #5,u'federal_food', 0.00017991706449952918
Topic #5,u'applicable', 0.00011518360195893239
Topic #5,u'term', 0.00011518360195893239
Topic #5,u'use', 0.00011518360195893239
Topic #5,u'act_mean', 0.00011518357557923286
Topic #5,u'definition_contain', 7.8953377637674171e-05
Topic #5,u'packer', 1.4219982896236061e-05
Topic #5,u'manufacturer', 1.4219982891633386e-05
Topic #5,u'processor', 1.4219982878422127e-05
Topic #4,u'time', 0.00017158231574744163
Topic #4,u'permit_mean', 0.00017158231574744163
Topic #4,u'emergency_permit_issue', 0.00017158231574744163
Topic #4,u'commissioner_pursuant', 0.00017158231574744163
Topic #4,u'necessary', 0.00017158231574744163
Topic #4,u'protect', 0.00017158231574744163
Topic #4,u'temporary_period', 0.00017158231574744163
Topic #4,u'public_health', 0.00017158231574744163
Topic #4,u'act', 0.00017158231574744163
Topic #4,u'definition', 7.8902359578825345e-05
Topic #7,u'processor', 1.4231879939952967e-05
Topic #7,u'packer', 1.4231879938889892e-05
Topic #7,u'manufacturer', 1.423187993873138e-05
Topic #7,u'amend', 1.4231861825058842e-05
Topic #7,u'manufacture', 1.423186182486381e-05
Topic #7,u'process', 1.4231861824681515e-05
Topic #7,u'plant', 1.423185826714356e-05
Topic #7,u'cosmetic_act', 1.4231851650120433e-05
Topic #7,u'region', 1.4231847442137204e-05
Topic #7,u'industry', 1.4231847442137204e-05
Topic #2,u'packer', 1.4231879938889555e-05
Topic #2,u'manufacturer', 1.4231879938730534e-05
Topic #2,u'processor', 1.4231879925317373e-05
Topic #2,u'manufacture', 1.4231861826572135e-05
Topic #2,u'amend', 1.423186182560874e-05
Topic #2,u'process', 1.423186182477089e-05
Topic #2,u'plant', 1.4231858267142718e-05
Topic #2,u'cosmetic_act', 1.4231851650119616e-05
Topic #2,u'industry', 1.4231847442136362e-05
Topic #2,u'region', 1.4231847442136362e-05
Topic #8,u'packer', 1.4231879938874169e-05
Topic #8,u'manufacturer', 1.4231879938715816e-05
Topic #8,u'processor', 1.4231879925316079e-05
Topic #8,u'amend', 1.4231861825265024e-05
Topic #8,u'manufacture', 1.423186182484824e-05
Topic #8,u'process', 1.4231861824690055e-05
Topic #8,u'plant', 1.4231858267128005e-05
Topic #8,u'cosmetic_act', 1.4231851650105052e-05
Topic #8,u'region', 1.4231847442121657e-05
Topic #8,u'industry', 1.4231847442121657e-05
