TopicNo,Topic Words,Probability Score
Topic #3,u'commissioner', 0.0010234631616829106
Topic #3,u'permit', 0.00058676306154425029
Topic #3,u'hear', 0.00051470277289489676
Topic #3,u'work', 0.00037077283529161334
Topic #3,u'day', 0.00037077283529161334
Topic #3,u'within', 0.00037077283529161334
Topic #3,u'reinstate', 0.00035832072259110053
Topic #3,u'reason', 0.00032234165215904061
Topic #3,u'pending_court_appeal_except', 0.00025805467453400425
Topic #3,u'stay', 0.00025805467453400425
Topic #5,u'permit', 0.00052494257247673239
Topic #5,u'reinstatement', 0.00052494204452571724
Topic #5,u'application', 0.00046040387883759278
Topic #5,u'denial', 0.00025907501193662459
Topic #5,u'final', 0.00025907426385667374
Topic #5,u'agency_action', 0.00025907426385667374
Topic #5,u'appeal_lie', 0.00025907426385667374
Topic #5,u'court', 0.00025907426385667374
Topic #5,u'constitutes', 0.00025907426385667374
Topic #5,u'whose', 0.00021550445825734165
Topic #4,u'present', 0.00041670133327847839
Topic #4,u'permit_holder', 0.00033377036338763883
Topic #4,u'witness', 0.0003281536627633238
Topic #4,u'inform', 0.00032405649477387332
Topic #4,u'base', 0.00022920912294800222
Topic #4,u'evidence', 0.00022920912294800222
Topic #4,u'own_behalf', 0.00017143916072365025
Topic #4,u'right', 0.00017143916072365025
Topic #4,u'cross', 0.00017143916072365025
Topic #4,u'immediately_suspend', 7.8832590931818175e-05
Topic #10,u'expedite', 0.00025987273816581479
Topic #10,u'appeal', 0.00025987273816581479
Topic #10,u'participate', 0.00025987273816581479
Topic #10,u'witness', 1.4221375820656193e-05
Topic #10,u'decision', 1.4221365908535625e-05
Topic #10,u'location_designate', 1.4221358638750458e-05
Topic #10,u'evidence', 1.422135788304778e-05
Topic #10,u'base', 1.422135788304778e-05
Topic #10,u'denial', 1.4221357872733634e-05
Topic #10,u'cannot', 1.4221354707735274e-05
Topic #9,u'drug_administration', 0.00017175561108267055
Topic #9,u'food', 0.00017175561108267055
Topic #9,u'examine', 0.00017175561108267055
Topic #9,u'witness', 1.4225138194075466e-05
Topic #9,u'decision', 1.4225128262291831e-05
Topic #9,u'appeal', 1.4225121579405316e-05
Topic #9,u'participate', 1.4225121579405316e-05
Topic #9,u'expedite', 1.4225121579405316e-05
Topic #9,u'location_designate', 1.4225121007627037e-05
Topic #9,u'evidence', 1.4225120242796324e-05
Topic #6,u'reach', 0.00017175547057170782
Topic #6,u'agreement', 0.00017175547057170782
Topic #6,u'cannot', 0.00017175547057170782
Topic #6,u'day', 1.4497665424842506e-05
Topic #6,u'within', 1.4497665424842506e-05
Topic #6,u'work', 1.4497665424842506e-05
Topic #6,u'witness', 1.4225126529681488e-05
Topic #6,u'decision', 1.4225116622003313e-05
Topic #6,u'participate', 1.4225109950926559e-05
Topic #6,u'expedite', 1.4225109950926559e-05
Topic #1,u'witness', 1.4231864052437491e-05
Topic #1,u'decision', 1.4231854132446226e-05
Topic #1,u'expedite', 1.4231847439849951e-05
Topic #1,u'appeal', 1.4231847439849951e-05
Topic #1,u'participate', 1.4231847439849951e-05
Topic #1,u'location_designate', 1.4231846857305321e-05
Topic #1,u'evidence', 1.423184610110813e-05
Topic #1,u'base', 1.423184610110813e-05
Topic #1,u'denial', 1.4231846090644457e-05
Topic #1,u'food', 1.4231842924954372e-05
Topic #7,u'witness', 1.4231864051894129e-05
Topic #7,u'decision', 1.4231854132446069e-05
Topic #7,u'expedite', 1.4231847439875031e-05
Topic #7,u'participate', 1.4231847439875031e-05
Topic #7,u'appeal', 1.4231847439875031e-05
Topic #7,u'location_designate', 1.4231846857361674e-05
Topic #7,u'base', 1.4231846101133207e-05
Topic #7,u'evidence', 1.4231846101133207e-05
Topic #7,u'denial', 1.4231846090716711e-05
Topic #7,u'cannot', 1.4231842923352472e-05
Topic #2,u'witness', 1.4231864051884495e-05
Topic #2,u'decision', 1.4231854132437827e-05
Topic #2,u'appeal', 1.4231847439865543e-05
Topic #2,u'expedite', 1.4231847439865543e-05
Topic #2,u'participate', 1.4231847439865543e-05
Topic #2,u'location_designate', 1.4231846857319772e-05
Topic #2,u'base', 1.4231846101123722e-05
Topic #2,u'evidence', 1.4231846101123722e-05
Topic #2,u'denial', 1.4231846090656883e-05
Topic #2,u'cannot', 1.4231842923342936e-05
Topic #8,u'witness', 1.4231864051869433e-05
Topic #8,u'decision', 1.4231854132403738e-05
Topic #8,u'expedite', 1.4231847439850522e-05
Topic #8,u'appeal', 1.4231847439850522e-05
Topic #8,u'participate', 1.4231847439850522e-05
Topic #8,u'location_designate', 1.4231846857318652e-05
Topic #8,u'evidence', 1.4231846101108699e-05
Topic #8,u'base', 1.4231846101108699e-05
Topic #8,u'denial', 1.4231846090655931e-05
Topic #8,u'agreement', 1.4231842923327951e-05
