TopicNo,Topic Words,Probability Score
Topic #1,u'permit', 0.00074860814018872239
Topic #1,u'need', 0.00063684941550365708
Topic #1,u'later', 0.00052506297776789028
Topic #1,u'show', 0.00052506297776789028
Topic #1,u'packer', 0.00052506297776789028
Topic #1,u'information', 0.00052506297776789028
Topic #1,u'revocation', 0.00022224649147864367
Topic #1,u'initiation', 0.00017847715450652917
Topic #1,u'without', 0.00017847715450652917
Topic #1,u'manufacturer', 0.00017847715450652917
Topic #10,u'processor', 0.00052712322949267085
Topic #10,u'accordance', 0.00012034245523723816
Topic #10,u'hear_conduct', 0.00012034245523723816
Topic #10,u'afford', 0.00012034245523723816
Topic #10,u'request', 0.00012034244777407786
Topic #10,u'upon', 0.00012034244777407786
Topic #10,u'deny', 1.4216990678405256e-05
Topic #10,u'applicant', 1.421699065802709e-05
Topic #10,u'soon', 1.4216988764476915e-05
Topic #10,u'practicable', 1.4216988764476915e-05
Topic #6,u'practicable', 0.00017930545636611205
Topic #6,u'soon', 0.00017930545636611205
Topic #6,u'processor', 1.4227159876756131e-05
Topic #6,u'deny', 1.4227143346627823e-05
Topic #6,u'applicant', 1.422714332622955e-05
Topic #6,u'information', 1.4227140449754611e-05
Topic #6,u'show', 1.4227140449754611e-05
Topic #6,u'packer', 1.4227140449754611e-05
Topic #6,u'later', 1.4227140449754611e-05
Topic #6,u'upon', 1.4227140074364865e-05
Topic #2,u'compliance', 0.00015082907657065479
Topic #2,u'permit_holder', 8.2525695015681698e-05
Topic #2,u'condition_establish', 8.2525109532758623e-05
Topic #2,u'commissioner', 8.2525109532758623e-05
Topic #2,u'believe', 8.2525109532758623e-05
Topic #2,u'reason', 8.2525109532758623e-05
Topic #2,u'likely', 8.2525109532758623e-05
Topic #2,u'mandatory_requirement', 8.2525109532758623e-05
Topic #2,u'whenever', 8.2525109532758623e-05
Topic #2,u'remain', 8.2525109532758623e-05
Topic #5,u'applicant', 0.00012045533436889688
Topic #5,u'processor', 1.4230346849811467e-05
Topic #5,u'deny', 1.4230330306342154e-05
Topic #5,u'practicable', 1.4230328394800879e-05
Topic #5,u'soon', 1.4230328394800879e-05
Topic #5,u'packer', 1.4230327409627319e-05
Topic #5,u'information', 1.4230327409627319e-05
Topic #5,u'show', 1.4230327409627319e-05
Topic #5,u'later', 1.4230327409627319e-05
Topic #5,u'upon', 1.4230327033238021e-05
Topic #4,u'application', 8.2570223223197783e-05
Topic #4,u'own_initiative', 8.2570223223197783e-05
Topic #4,u'permit_holder', 8.2569638414064752e-05
Topic #4,u'processor', 1.422894076426467e-05
Topic #4,u'deny', 1.4228924217996403e-05
Topic #4,u'applicant', 1.4228924197617329e-05
Topic #4,u'soon', 1.4228922312115212e-05
Topic #4,u'practicable', 1.4228922312115212e-05
Topic #4,u'packer', 1.42289213273528e-05
Topic #4,u'information', 1.42289213273528e-05
Topic #3,u'public_health', 5.8202968914419023e-05
Topic #3,u'temporary_period', 5.8202968782440048e-05
Topic #3,u'require', 5.8202968748206541e-05
Topic #3,u'necessary', 5.8202968675919862e-05
Topic #3,u'protect', 5.8202968651923276e-05
Topic #3,u'permit', 1.4256529865895904e-05
Topic #3,u'processor', 1.4228729054305263e-05
Topic #3,u'deny', 1.4228712508819315e-05
Topic #3,u'applicant', 1.4228712488647357e-05
Topic #3,u'practicable', 1.4228710602259494e-05
Topic #8,u'processor', 1.4231858633357021e-05
Topic #8,u'deny', 1.4231842088987499e-05
Topic #8,u'applicant', 1.4231842063500535e-05
Topic #8,u'practicable', 1.4231840174211432e-05
Topic #8,u'soon', 1.4231840174211432e-05
Topic #8,u'information', 1.423183918758649e-05
Topic #8,u'show', 1.423183918758649e-05
Topic #8,u'packer', 1.423183918758649e-05
Topic #8,u'later', 1.423183918758649e-05
Topic #8,u'upon', 1.4231838810427687e-05
Topic #7,u'processor', 1.4231858633095232e-05
Topic #7,u'deny', 1.4231842083908105e-05
Topic #7,u'applicant', 1.4231842063512983e-05
Topic #7,u'practicable', 1.4231840173278615e-05
Topic #7,u'soon', 1.4231840173278615e-05
Topic #7,u'information', 1.4231839187101236e-05
Topic #7,u'show', 1.4231839187101236e-05
Topic #7,u'packer', 1.4231839187101236e-05
Topic #7,u'later', 1.4231839187101236e-05
Topic #7,u'upon', 1.4231838810408219e-05
Topic #9,u'processor', 1.4231858633094328e-05
Topic #9,u'deny', 1.4231842083907304e-05
Topic #9,u'applicant', 1.4231842063501057e-05
Topic #9,u'practicable', 1.4231840173277836e-05
Topic #9,u'soon', 1.4231840173277836e-05
Topic #9,u'information', 1.4231839187152329e-05
Topic #9,u'show', 1.4231839187152329e-05
Topic #9,u'packer', 1.4231839187152329e-05
Topic #9,u'later', 1.4231839187152329e-05
Topic #9,u'upon', 1.423183881040744e-05
