TopicNo,Topic Words,Probability Score
Topic #9,u'permit', 0.0011731173794402793
Topic #9,u'food', 0.00094994506591144026
Topic #9,u'without', 0.00062205840985717163
Topic #9,u'written_approval', 0.00042627974297167561
Topic #9,u'require', 0.00035769755851949853
Topic #9,u'determine', 0.00035769755851949853
Topic #9,u'deliver', 0.00035745989948626989
Topic #9,u'introduce', 0.00035745989948626989
Topic #9,u'commissioner', 0.00034760934924900854
Topic #9,u'interstate_commerce', 0.00034573347002991682
Topic #8,u'manufacturer', 0.00077201258990298538
Topic #8,u'process', 0.00024461315517174825
Topic #8,u'retain', 1.4283828740416599e-05
Topic #8,u'period', 1.4283828740416599e-05
Topic #8,u'pack', 1.421796838586936e-05
Topic #8,u'without', 1.4217886309472242e-05
Topic #8,u'permit', 1.4217829978568051e-05
Topic #8,u'applicant', 1.4217796126383355e-05
Topic #8,u'request', 1.4217792247614167e-05
Topic #8,u'storage_facility', 1.4217785278684158e-05
Topic #5,u'processor', 0.00076770741183011294
Topic #5,u'provide', 0.00075953073386588192
Topic #5,u'paragraph', 0.00065914563702722652
Topic #5,u'introduction', 0.00053353659694629896
Topic #5,u'packer', 0.00052344109515995232
Topic #5,u'storage_facility', 0.00049395255827873344
Topic #5,u'except', 0.00041492730957335772
Topic #5,u'interstate_commerce', 0.00027035642901326537
Topic #5,u'consolidate_warehouse', 0.00025835704029452268
Topic #5,u'delivery', 0.00025835704029452268
Topic #1,u'public_health', 0.00042910526384653868
Topic #1,u'food', 0.00027872908680656917
Topic #1,u'significance', 0.00027200720733430077
Topic #1,u'adequate', 0.00027200720733430077
Topic #1,u'upon', 0.00027200720696441924
Topic #1,u'accordance', 0.00017128498705943184
Topic #1,u'potential', 0.00017128409945348739
Topic #1,u'procedure_recognize', 0.00017128409945348739
Topic #1,u'competent_authority', 0.00017128409945348739
Topic #1,u'detect', 0.00017128409945348739
Topic #6,u'violation', 0.00032452228341251914
Topic #6,u'manufacture', 0.00017997874729445428
Topic #6,u'food', 1.4671866018418609e-05
Topic #6,u'permit', 1.4359029978396924e-05
Topic #6,u'packer', 1.4227165717035642e-05
Topic #6,u'introduction', 1.4225462710549411e-05
Topic #6,u'interstate_commerce', 1.4225431197086741e-05
Topic #6,u'deliver', 1.4225407302911059e-05
Topic #6,u'introduce', 1.4225407302911059e-05
Topic #6,u'require', 1.422540217870592e-05
Topic #2,u'applicant', 0.00017180957185889634
Topic #2,u'request', 1.4229615299451852e-05
Topic #2,u'storage_facility', 1.4229608291890754e-05
Topic #2,u'deny', 1.4229605132383801e-05
Topic #2,u'food', 1.4229601891734745e-05
Topic #2,u'consolidation_warehouse', 1.4229601870017901e-05
Topic #2,u'packer_utilizes', 1.4229601870017901e-05
Topic #2,u'control', 1.4229601870017901e-05
Topic #2,u'process', 1.4229601211392877e-05
Topic #2,u'make', 1.4229600311272343e-05
Topic #7,u'hear_conduct', 0.00017172857434701161
Topic #7,u'afford', 0.00017172857434701161
Topic #7,u'prompt', 0.00017172857434701161
Topic #7,u'accordance', 0.00017172769040289375
Topic #7,u'applicant', 1.4222895441246066e-05
Topic #7,u'request', 1.4222891572465633e-05
Topic #7,u'storage_facility', 1.4222884554301043e-05
Topic #7,u'deny', 1.4222881410301716e-05
Topic #7,u'process', 1.422287842600822e-05
Topic #7,u'food', 1.422287817115419e-05
Topic #3,u'applicant', 1.4231861827654338e-05
Topic #3,u'request', 1.4231857955009691e-05
Topic #3,u'storage_facility', 1.4231850950992352e-05
Topic #3,u'deny', 1.4231847786309086e-05
Topic #3,u'process', 1.4231845223928795e-05
Topic #3,u'food', 1.4231844545159777e-05
Topic #3,u'consolidation_warehouse', 1.42318445259994e-05
Topic #3,u'packer_utilizes', 1.42318445259994e-05
Topic #3,u'control', 1.42318445259994e-05
Topic #3,u'make', 1.4231842964446005e-05
Topic #4,u'applicant', 1.4231861826368928e-05
Topic #4,u'request', 1.4231857962432153e-05
Topic #4,u'storage_facility', 1.4231850951006945e-05
Topic #4,u'deny', 1.4231847793747241e-05
Topic #4,u'process', 1.4231844974273173e-05
Topic #4,u'food', 1.42318445451744e-05
Topic #4,u'consolidation_warehouse', 1.4231844526013988e-05
Topic #4,u'packer_utilizes', 1.4231844526013988e-05
Topic #4,u'control', 1.4231844526013988e-05
Topic #4,u'make', 1.4231842964460597e-05
Topic #10,u'applicant', 1.4231861826319141e-05
Topic #10,u'request', 1.4231857954980507e-05
Topic #10,u'storage_facility', 1.4231850950951535e-05
Topic #10,u'deny', 1.4231847786268249e-05
Topic #10,u'process', 1.42318449128074e-05
Topic #10,u'food', 1.4231844545118873e-05
Topic #10,u'consolidation_warehouse', 1.4231844525958593e-05
Topic #10,u'packer_utilizes', 1.4231844525958593e-05
Topic #10,u'control', 1.4231844525958593e-05
Topic #10,u'make', 1.4231842964405188e-05
