TopicNo,Topic Words,Probability Score
Topic #5,u'act', 0.011542563625567997
Topic #5,u'september', 0.00045856906169943048
Topic #5,u'within', 0.00039836041764622728
Topic #5,u'hfa', 0.00026130569849066833
Topic #5,u'receipt', 0.00025297698624782231
Topic #5,u'day', 0.00025297698624782231
Topic #5,u'test_result', 0.00015942449157913167
Topic #5,u'ship', 0.00015107064382729725
Topic #5,u'interstate_commerce', 0.00015107064382729725
Topic #5,u'disapproval', 0.00010757309897729498
Topic #6,u'barrier', 0.0015416434126021049
Topic #6,u'class', 0.00091498723938883485
Topic #6,u'per', 0.00063264650716585364
Topic #6,u'part', 0.00063264650677455011
Topic #6,u'million', 0.00051237270733981561
Topic #6,u'paragraph', 0.00050218932527614283
Topic #6,u'test_result', 0.00044862106905805285
Topic #6,u'determination', 0.00040635872169711028
Topic #6,u'paper_food', 0.00035691584030682967
Topic #6,u'test_procedures', 0.00031289685958672218
Topic #7,u'food', 0.0013058901539448008
Topic #7,u'drug_administration', 0.00089145471087683978
Topic #7,u'reference', 0.00054799035638119814
Topic #7,u'docket_management', 0.00040985753832178105
Topic #7,u'division', 0.00040985753832178105
Topic #7,u'incorporate', 0.00040146555977413383
Topic #7,u'available', 0.00026332863135492771
Topic #7,u'file', 0.00025489818306461136
Topic #7,u'animal', 0.000174471557654298
Topic #7,u'response', 0.00016066756128288575
Topic #3,u'pcb', 0.0007734634691278807
Topic #3,u'lane', 0.00041072542800975987
Topic #3,u'fisher', 0.00041072542800975987
Topic #3,u'package_material', 0.00039853631591585528
Topic #3,u'contain', 0.00032168257607484045
Topic #3,u'migration', 0.00031662586180518094
Topic #3,u'representative_barrier', 0.00026384817844310454
Topic #3,u'produce_animals', 0.00017484739435883205
Topic #3,u'specify_level', 0.00016100728603959317
Topic #3,u'higher', 0.00016100728603959317
Topic #2,u'director', 0.00044488306196745594
Topic #2,u'advise', 0.00010898520504715505
Topic #2,u'reason', 0.00010898520504715505
Topic #2,u'make', 0.00010898520504715505
Topic #2,u'person', 0.00010898497358158431
Topic #2,u'proposal', 0.00010898375649384007
Topic #2,u'center', 0.0001089795215087343
Topic #2,u'inedible_bone', 7.5192085800156145e-05
Topic #2,u'industrial_applications', 5.3453476280691127e-05
Topic #2,u'present', 5.3453476178565279e-05
Topic #4,u'rockville', 0.00041113111865653871
Topic #4,u'polychlorinated_biphenyls', 0.00033944899374529727
Topic #4,u'wrap', 0.00031657023120692249
Topic #4,u'analytical_methodology', 0.00022200825084389594
Topic #4,u'review', 0.0001611663593503801
Topic #4,u'request', 0.00016116632991318376
Topic #4,u'full', 0.00016116632991318376
Topic #4,u'stay_pending', 0.00016116632991318376
Topic #4,u'hereby', 0.00016116632991318376
Topic #4,u'objection', 0.00016116632991318376
Topic #1,u'center', 0.00035089277771116039
Topic #1,u'apply_nutrition', 0.00035088919989241974
Topic #1,u'food_safety', 0.00035088919989241974
Topic #1,u'animal_fee', 0.00017534490278792755
Topic #1,u'formerly', 0.00016147500050254354
Topic #1,u'egg', 0.00011439135722243681
Topic #1,u'archive', 0.00010895085024361459
Topic #1,u'feed_supplements', 7.5168413171475693e-05
Topic #1,u'contaminate', 5.3436647824709541e-05
Topic #1,u'component_intend', 1.4659527508950202e-05
Topic #9,u'inner', 0.00031728968846248494
Topic #9,u'availability', 0.0002563048322714506
Topic #9,u'nara', 0.00020283677631703539
Topic #9,u'given', 0.00011377428204752154
Topic #9,u'information', 0.00010898971098092689
Topic #9,u'material', 0.00010898971098092689
Topic #9,u'residue', 9.2680005643470148e-05
Topic #9,u'temporary_tolerance', 9.2677331923394932e-05
Topic #9,u'irrespective', 5.3445593203701669e-05
Topic #9,u'mixture', 5.344512864840874e-05
Topic #10,u'revise', 0.00031677187012328119
Topic #10,u'tolerance', 0.00026130795887717879
Topic #10,u'therefore', 0.00020044670817429401
Topic #10,u'fat_basis', 0.00017513200128316137
Topic #10,u'sec', 0.00016126897287927031
Topic #10,u'adulterate', 0.00016126897287927031
Topic #10,u'violation', 0.00016126897287927031
Topic #10,u'enable_identification', 0.00016126896120206415
Topic #10,u'composition_adequate', 0.00016126896120206415
Topic #10,u'effective_date_note', 0.00016126891548244815
Topic #8,u'follow', 0.00022243398949039879
Topic #8,u'animal_fees', 0.00017535434579166713
Topic #8,u'concern', 0.00016147457756837455
Topic #8,u'appear', 0.00016147457756837455
Topic #8,u'result', 0.00014810602881273552
Topic #8,u'finish', 0.00013608270716080009
Topic #8,u'www', 0.00010895052602773204
Topic #8,u'html', 0.00010895052602768078
Topic #8,u'college_park', 0.00010895052602759157
Topic #8,u'event', 0.00010890216672439701
