TopicNo,Topic Words,Probability Score
Topic #2,u'use', 0.0022723302273375051
Topic #2,u'piece', 0.0021406305094682017
Topic #2,u'symbol', 0.0020447822243901889
Topic #2,u'base', 0.0020004605798646987
Topic #2,u'permanent_statement', 0.0020004573186658517
Topic #2,u'apply', 0.0017476011885199459
Topic #2,u'temporary_label', 0.0017476011885199459
Topic #2,u'manner', 0.0017476011885199459
Topic #2,u'food', 0.00046610140665645343
Topic #2,u'decorative_ceramicware', 0.00036058446621561765
Topic #5,u'diameter', 0.0017785929699622759
Topic #5,u'inch', 0.00042286574101598617
Topic #5,u'initially_introduce', 5.4496437281449008e-05
Topic #5,u'interstate_commerce', 5.4496437220691219e-05
Topic #5,u'introduction', 5.4496437140753318e-05
Topic #5,u'initially_deliver', 5.4496437102359734e-05
Topic #5,u'ornamental', 1.4225679925109523e-05
Topic #5,u'decorative_ceramicware', 1.4225679044875183e-05
Topic #5,u'erja', 1.4198623825039956e-05
Topic #5,u'centimeter', 1.4198623743757137e-05
Topic #1,u'least', 0.00042272321293149856
Topic #1,u'letter', 0.0003687636251526603
Topic #1,u'provide', 0.00026278637849631414
Topic #1,u'optional_information', 0.00016546670751515247
Topic #1,u'follow', 0.00016546670751515247
Topic #1,u'ware', 0.00016546670751515247
Topic #1,u'require_statement', 0.0001654667021649518
Topic #1,u'additional_statement', 0.0001654667021649518
Topic #1,u'place', 0.0001654667021649518
Topic #1,u'circle', 0.00016544066190778549
Topic #10,u'height', 0.00036944484892040383
Topic #10,u'insufficient_space', 0.00010091424739841204
Topic #10,u'exists', 0.00010091424739841204
Topic #10,u'except', 0.00010091424739841204
Topic #10,u'follow_message', 7.6952468603264432e-05
Topic #10,u'one', 7.6952468603264432e-05
Topic #10,u'poison_food', 7.6952447147115942e-05
Topic #10,u'conspicuous_stick', 5.4588582036467437e-05
Topic #10,u'letter', 1.42254033319919e-05
Topic #10,u'permanent_statement', 1.4221674352313724e-05
Topic #3,u'decorative_purpose', 0.0001658590905138697
Topic #3,u'decorative', 0.0001658590905138697
Topic #3,u'diameter', 1.4227590575511076e-05
Topic #3,u'erja', 1.4227529336450848e-05
Topic #3,u'centimeter', 1.4227529254766511e-05
Topic #3,u'illustrate_below', 1.4227529239681794e-05
Topic #3,u'temporary_label', 1.4227526670951659e-05
Topic #3,u'apply', 1.4227526670951659e-05
Topic #3,u'manner', 1.4227526670951659e-05
Topic #3,u'contact_surface', 1.4227526005426256e-05
Topic #6,u'illustrate_below', 0.00016585728044258221
Topic #6,u'toxic_metal', 5.460265650022513e-05
Topic #6,u'decorative_decal', 5.4602656470119784e-05
Topic #6,u'ceramic', 5.4602656390424507e-05
Topic #6,u'component', 5.4602656317665163e-05
Topic #6,u'use', 1.4781368597291062e-05
Topic #6,u'lead', 1.4332127382622228e-05
Topic #6,u'glaze', 1.4332121282149904e-05
Topic #6,u'diameter', 1.4227439252464493e-05
Topic #6,u'erja', 1.4227378027674442e-05
Topic #9,u'centimeter', 0.00016572364735066247
Topic #9,u'glaze', 0.00015754102874214658
Topic #9,u'lead', 0.0001575410227833951
Topic #9,u'decoration', 0.00011728889886176141
Topic #9,u'result', 0.00011728889873167965
Topic #9,u'food', 0.00011728656422871151
Topic #9,u'contains', 7.6931252606041186e-05
Topic #9,u'lead_poison', 7.6931252603740374e-05
Topic #9,u'fire', 7.6931252602824033e-05
Topic #9,u'ceramicware', 7.6931252602824033e-05
Topic #7,u'potential_food', 0.00011177463417164401
Topic #7,u'hole', 0.00011177463417164401
Topic #7,u'bore', 0.00011177463417164401
Topic #7,u'include', 5.4553742072862832e-05
Topic #7,u'ornamental', 1.4268505135564102e-05
Topic #7,u'decorative_ceramicware', 1.4268504271470904e-05
Topic #7,u'diameter', 1.4227166616817089e-05
Topic #7,u'erja', 1.4227105374860963e-05
Topic #7,u'centimeter', 1.4227105293270113e-05
Topic #7,u'illustrate_below', 1.4227105278203133e-05
Topic #4,u'handle_purpose', 5.4632479735588631e-05
Topic #4,u'diameter', 1.4231331640341592e-05
Topic #4,u'erja', 1.4231270347208912e-05
Topic #4,u'centimeter', 1.4231270264423307e-05
Topic #4,u'illustrate_below', 1.4231270249335495e-05
Topic #4,u'temporary_label', 1.4231267683713282e-05
Topic #4,u'manner', 1.4231267683713282e-05
Topic #4,u'apply', 1.4231267683713282e-05
Topic #4,u'contact_surface', 1.4231267014152759e-05
Topic #4,u'decorative_purpose', 1.4231265099907658e-05
Topic #8,u'serve', 5.4632479466291629e-05
Topic #8,u'diameter', 1.4231331640341877e-05
Topic #8,u'erja', 1.4231270346125382e-05
Topic #8,u'centimeter', 1.4231270264423447e-05
Topic #8,u'illustrate_below', 1.4231270249335593e-05
Topic #8,u'apply', 1.4231267683713794e-05
Topic #8,u'temporary_label', 1.4231267683713794e-05
Topic #8,u'manner', 1.4231267683713794e-05
Topic #8,u'contact_surface', 1.4231267014071218e-05
Topic #8,u'decorative', 1.4231265099907781e-05
