TopicNo,Topic Words,Probability Score
Topic #3,u'pcb', 0.0024246660833819791
Topic #3,u'food', 0.00092426549405925798
Topic #3,u'pcb_contamination', 0.00048224883578688486
Topic #3,u'necessary', 0.00032603285085008058
Topic #3,u'cause', 0.00027019744752093455
Topic #3,u'certain', 0.00027019648111042282
Topic #3,u'given', 0.00025750661037999135
Topic #3,u'could', 0.00025750286301046837
Topic #3,u'quantity', 0.00025750253158457242
Topic #3,u'spill_onto', 0.00025750253158457242
Topic #7,u'package_materials', 0.0012657816095619121
Topic #7,u'whether', 0.00041578440410669921
Topic #7,u'sufficiently', 0.00025910354187499339
Topic #7,u'non', 0.00025910354187499339
Topic #7,u'replacement_fluid', 0.00025910354187499339
Topic #7,u'judgment', 0.00025910354187499339
Topic #7,u'determine', 0.00016935794722372415
Topic #7,u'test', 0.00016935794722372415
Topic #7,u'sample', 0.00016935794722372415
Topic #7,u'chemical_property', 0.00011485402107249159
Topic #2,u'fluid', 0.00099866324180920428
Topic #2,u'possible', 0.00073655529454072933
Topic #2,u'heat', 0.00051270078267057803
Topic #2,u'current', 0.00049746965995432302
Topic #2,u'manufacture_practices', 0.00049746965995432302
Topic #2,u'fullest_extent', 0.00049746965995432302
Topic #2,u'good', 0.00049746965995432302
Topic #2,u'commensurate', 0.00049746965995432302
Topic #2,u'toxicity', 0.00049312011121874894
Topic #2,u'use', 0.0004126704187205912
Topic #4,u'result', 0.00076172909998836118
Topic #4,u'industrial_accident', 0.00042890109415399377
Topic #4,u'contaminate', 0.00035976980366949051
Topic #4,u'seal_container', 0.00025910491639845139
Topic #4,u'either', 0.00025871395980438337
Topic #4,u'normal', 0.00025871395980438337
Topic #4,u'hazard', 0.000171203040234195
Topic #4,u'public_health', 0.000171203040234195
Topic #4,u'represents', 0.000171203040234195
Topic #4,u'attribute', 0.00016706809502912284
Topic #1,u'manufacture_food', 0.0007050296726916034
Topic #1,u'establishment', 0.00063608843832838155
Topic #1,u'machinery', 0.00057170906048544152
Topic #1,u'contain_equipment', 0.00041508086130550269
Topic #1,u'equipment', 0.00041505496490576975
Topic #1,u'electrical_transformer', 0.00032279883336563476
Topic #1,u'article', 0.00025845262034643394
Topic #1,u'material_wherever', 0.00025845262034643394
Topic #1,u'reasonable_expectation', 0.00025845262034643394
Topic #1,u'cause_food', 0.00025845262034643394
Topic #8,u'contain', 0.00051722565596982475
Topic #8,u'contain_pcb', 0.00041641344533159547
Topic #8,u'paper_product', 0.00027210265800577501
Topic #8,u'section_do', 0.00021903882338613411
Topic #8,u'apply', 0.00021903882338613411
Topic #8,u'provision', 0.00021903882338613411
Topic #8,u'condenser', 0.00021903882338613411
Topic #8,u'found', 0.00017134424341080419
Topic #8,u'virgin', 0.00017134424341080419
Topic #8,u'paper', 0.00011494950930047298
Topic #5,u'accident', 0.00035999473198087737
Topic #5,u'operation_basis', 0.00025928335651844532
Topic #5,u'made', 0.00025928335651844532
Topic #5,u'individual_installation', 0.00025928335651844532
Topic #5,u'consideration', 0.00025928327058638659
Topic #5,u'hazardous', 0.00025928211543949233
Topic #5,u'given', 0.00025927693176571782
Topic #5,u'industrial', 0.00023587799366940214
Topic #5,u'polychlorinated_biphenyls', 0.00014337509717828506
Topic #5,u'contamination', 0.00011493413664456436
Topic #10,u'contains_pcb', 0.00027236232940474481
Topic #10,u'tendency', 0.00025958332514150999
Topic #10,u'concentrate', 0.00025958332514150999
Topic #10,u'survive', 0.00025958332514150999
Topic #10,u'environmental_stability', 0.00025958332514150999
Topic #10,u'food_chain', 0.00025958332514150999
Topic #10,u'sept', 0.00017151875780644865
Topic #10,u'package_material', 0.00011506667864702956
Topic #10,u'addition', 0.00011506660754852172
Topic #10,u'determine', 1.6052918045255265e-05
Topic #6,u'formulation', 0.00027235428419359437
Topic #6,u'account', 0.00025955865352451799
Topic #6,u'odor', 0.00025955865352451799
Topic #6,u'take', 0.00025955865352451799
Topic #6,u'color', 0.00025955865352451799
Topic #6,u'breakage', 0.00025955833581809182
Topic #6,u'appropriate_mean', 0.00017150260124770109
Topic #6,u'lubricant', 0.00011505574907441118
Topic #6,u'ink', 0.00011505567798153951
Topic #6,u'plasticizer', 0.00011505567797986096
Topic #9,u'egg', 0.00011517591548235473
Topic #9,u'milk', 0.00011517591548235473
Topic #9,u'reveal', 0.00011517341919871234
Topic #9,u'drug_administration', 0.00011517341919871234
Topic #9,u'investigation', 0.00011517341919871234
Topic #9,u'significant_percentage', 0.00011517341919871234
Topic #9,u'paper_food', 0.00011517341919871234
Topic #9,u'kanaclor', 7.8948105457552972e-05
Topic #9,u'nonflammable_chemical', 7.8948103932025357e-05
Topic #9,u'colphen', 7.8948098670160425e-05
