TopicNo,Topic Words,Probability Score
Topic #7,u'establish', 0.0071519244157994509
Topic #7,u'order', 0.0062773060934467771
Topic #7,u'objection', 0.003291660299671058
Topic #7,u'taken', 0.0031459567364984461
Topic #7,u'deem', 0.0031459567364984461
Topic #7,u'upon', 0.0031459567364984461
Topic #7,u'final_action', 0.0031459567364984461
Topic #7,u'act', 0.0012405129861694619
Topic #7,u'food', 0.00065188969267191148
Topic #7,u'deleterious_substance', 0.00064510249338767755
Topic #2,u'tolerance', 0.0043270083335217174
Topic #2,u'authority_appropriate', 0.00031128067092837291
Topic #2,u'stay_pursuant', 0.00016278509441884799
Topic #2,u'event', 0.00016278509441884799
Topic #2,u'effectiveness', 0.00016278509441884799
Topic #2,u'well', 0.00016278508913813831
Topic #2,u'order', 1.6379286743878188e-05
Topic #2,u'final_action', 1.5039344827523438e-05
Topic #2,u'deem', 1.5039344827523438e-05
Topic #2,u'taken', 1.5039344827523438e-05
Topic #1,u'action_level', 0.0038991911576365741
Topic #1,u'paragraph', 0.00035943964395527574
Topic #1,u'criterion', 0.00033748739083486938
Topic #1,u'regard', 0.00025647574600098282
Topic #1,u'without', 0.00016275090275146053
Topic #1,u'food', 0.00011367030527732229
Topic #1,u'drug_administration', 9.7934465122127379e-05
Topic #1,u'pursuant', 7.5664822071157335e-05
Topic #1,u'request_epa', 7.5664822071157335e-05
Topic #1,u'criterion_establish', 7.5664822071157335e-05
Topic #6,u'regulatory_limit', 0.00039430819601290795
Topic #6,u'change', 0.0003632018942306733
Topic #6,u'appropriateness', 0.00035101364067724022
Topic #6,u'affect', 0.0002750933945054265
Topic #6,u'might', 0.00026740551110343233
Topic #6,u'foreseeable', 0.00017160923203333396
Topic #6,u'technological', 0.00017160923203333396
Topic #6,u'near_future', 0.00017160923203333396
Topic #6,u'except', 0.00010997000517767169
Topic #6,u'data', 0.00010910875748140772
Topic #8,u'substance', 0.00031723426614255472
Topic #8,u'cannot', 0.00027323281077713905
Topic #8,u'good', 0.00026771395050506852
Topic #8,u'avoid', 0.00023350228063383861
Topic #8,u'manufacture_practice', 0.00017180642508475956
Topic #8,u'extent', 0.00017178200563224241
Topic #8,u'manufacture_practices', 0.0001101065862076627
Topic #8,u'current', 0.0001101065862076627
Topic #8,u'protection', 7.5909018881344182e-05
Topic #8,u'public_health', 7.5909018881344182e-05
Topic #9,u'pesticide_chemical', 0.00017764886847893352
Topic #9,u'environmental_protection', 7.6055275838407606e-05
Topic #9,u'agency', 7.6055275838407606e-05
Topic #9,u'drug_administration', 1.4237370761051927e-05
Topic #9,u'ordinarily', 1.4237106266351531e-05
Topic #9,u'residue_resulting', 1.4237106266351531e-05
Topic #9,u'food', 1.4235981516199229e-05
Topic #9,u'establish', 1.4235843955127022e-05
Topic #9,u'tolerance_establish', 1.4233777102214721e-05
Topic #9,u'section', 1.4233372487131223e-05
Topic #3,u'appropriate', 0.00016360312851512615
Topic #3,u'epa', 7.6061034992133529e-05
Topic #3,u'order', 1.4228847734700085e-05
Topic #3,u'deem', 1.4228839296402028e-05
Topic #3,u'taken', 1.4228839296402028e-05
Topic #3,u'final_action', 1.4228839296402028e-05
Topic #3,u'upon', 1.4228839296402028e-05
Topic #3,u'together', 1.4228834283228922e-05
Topic #3,u'authority_appropriate', 1.4228833924185963e-05
Topic #3,u'file', 1.4228832949343832e-05
Topic #5,u'issue', 7.606771123106329e-05
Topic #5,u'regulation', 7.606771123106329e-05
Topic #5,u'order', 1.4230093469698699e-05
Topic #5,u'appropriate', 1.4230085072807005e-05
Topic #5,u'taken', 1.4230085028945488e-05
Topic #5,u'deem', 1.4230085028945488e-05
Topic #5,u'final_action', 1.4230085028945488e-05
Topic #5,u'upon', 1.4230085028945488e-05
Topic #5,u'together', 1.4230080013081714e-05
Topic #5,u'epa', 1.4230079683535706e-05
Topic #4,u'order', 1.4231853600945903e-05
Topic #4,u'appropriate', 1.4231845202878795e-05
Topic #4,u'final_action', 1.4231845157684288e-05
Topic #4,u'deem', 1.4231845157684288e-05
Topic #4,u'taken', 1.4231845157684288e-05
Topic #4,u'upon', 1.4231845157684288e-05
Topic #4,u'together', 1.4231840140878316e-05
Topic #4,u'epa', 1.4231839810242015e-05
Topic #4,u'authority_appropriate', 1.4231839781675387e-05
Topic #4,u'file', 1.4231838806462939e-05
Topic #10,u'order', 1.4231853600938815e-05
Topic #10,u'appropriate', 1.4231845202878319e-05
Topic #10,u'taken', 1.4231845157677212e-05
Topic #10,u'deem', 1.4231845157677212e-05
Topic #10,u'final_action', 1.4231845157677212e-05
Topic #10,u'upon', 1.4231845157677212e-05
Topic #10,u'together', 1.4231840140865405e-05
Topic #10,u'epa', 1.4231839810234897e-05
Topic #10,u'authority_appropriate', 1.4231839781670408e-05
Topic #10,u'file', 1.4231838806457313e-05
