TopicNo,Topic Words,Probability Score
Topic #3,u'establish', 0.0011059517204388915
Topic #3,u'act', 0.00077351523669211893
Topic #3,u'regulation', 0.00069233405383435415
Topic #3,u'food_additive', 0.0003361157472073573
Topic #3,u'adulterate', 0.00027371153898841157
Topic #3,u'poisonous', 0.00025866784255878481
Topic #3,u'deem', 0.00025866784255878481
Topic #3,u'food_contain', 0.00025866784255878481
Topic #3,u'naturally_occur', 0.00025866784255878481
Topic #3,u'identify', 0.00025866784255878481
Topic #2,u'action_level', 0.00097016100905697293
Topic #2,u'notice', 0.00074868393232433003
Topic #2,u'publish', 0.00025900877901359915
Topic #2,u'file', 0.00025900803380318835
Topic #2,u'docket_management', 0.00025900803380318835
Topic #2,u'call_attention', 0.00025900803380318835
Topic #2,u'material_support', 0.00025900803380318835
Topic #2,u'division', 0.00025900803380318835
Topic #2,u'public_comment', 0.00025900799309491615
Topic #2,u'invite', 0.00025900799309491615
Topic #7,u'food', 0.00091761753790072734
Topic #7,u'regulatory_limit', 0.00049283831606987915
Topic #7,u'level', 0.00041538322067348113
Topic #7,u'adulterate', 0.00040077092669784568
Topic #7,u'substance', 0.00027154238336301668
Topic #7,u'prohibit', 0.00027154238336301668
Topic #7,u'detectable_amount', 0.00027154238336301668
Topic #7,u'regard', 0.00025851238891655708
Topic #7,u'contamination', 0.00025851238891655708
Topic #7,u'define', 0.00025851238891655708
Topic #10,u'deleterious_substance', 0.00058224385761060046
Topic #10,u'add_poisonous', 0.00033695527540263863
Topic #10,u'federal_register', 0.0002595131463102184
Topic #10,u'practicable_thereafter', 0.0002595131463102184
Topic #10,u'soon', 0.0002595131463102184
Topic #10,u'publish', 0.00025951240906110285
Topic #10,u'notice', 0.00025950523461883509
Topic #10,u'tolerance', 1.5404819103539329e-05
Topic #10,u'act', 1.4473755864766047e-05
Topic #10,u'identify', 1.4399740361442829e-05
Topic #5,u'appropriate', 0.00033741285708830033
Topic #5,u'criterion', 0.00033741285619933581
Topic #5,u'section', 0.0001151238355447481
Topic #5,u'regulation', 2.6651965262480863e-05
Topic #5,u'complete_list', 1.7706474912059124e-05
Topic #5,u'constitute', 1.7706474912059124e-05
Topic #5,u'provision', 1.6511734860680314e-05
Topic #5,u'establish', 1.4553594282671267e-05
Topic #5,u'food', 1.4220928842466406e-05
Topic #5,u'notice', 1.4220907940255271e-05
Topic #6,u'notice', 1.4231856724314112e-05
Topic #6,u'act', 1.4231851533320933e-05
Topic #6,u'whenever', 1.4231846157963666e-05
Topic #6,u'change', 1.4231846157963666e-05
Topic #6,u'publish', 1.4231846055850455e-05
Topic #6,u'complete_list', 1.4231845761132645e-05
Topic #6,u'constitute', 1.4231845761132645e-05
Topic #6,u'public_comment', 1.4231844452459266e-05
Topic #6,u'invite', 1.4231844452459266e-05
Topic #6,u'soon', 1.4231842766015694e-05
Topic #9,u'notice', 1.4231856723664052e-05
Topic #9,u'act', 1.423185153332574e-05
Topic #9,u'change', 1.4231846157968442e-05
Topic #9,u'whenever', 1.4231846157968442e-05
Topic #9,u'publish', 1.4231846055855478e-05
Topic #9,u'complete_list', 1.4231845761137423e-05
Topic #9,u'constitute', 1.4231845761137423e-05
Topic #9,u'invite', 1.4231844451808713e-05
Topic #9,u'public_comment', 1.4231844451808713e-05
Topic #9,u'federal_register', 1.4231842766020468e-05
Topic #8,u'notice', 1.4231856723611632e-05
Topic #8,u'act', 1.4231851534009844e-05
Topic #8,u'whenever', 1.4231846157955674e-05
Topic #8,u'change', 1.4231846157955674e-05
Topic #8,u'publish', 1.4231846055842452e-05
Topic #8,u'complete_list', 1.4231845761124655e-05
Topic #8,u'constitute', 1.4231845761124655e-05
Topic #8,u'public_comment', 1.4231844451756815e-05
Topic #8,u'invite', 1.4231844451756815e-05
Topic #8,u'soon', 1.4231842766007701e-05
Topic #1,u'notice', 1.4231856723545135e-05
Topic #1,u'act', 1.423185153333389e-05
Topic #1,u'change', 1.4231846157976562e-05
Topic #1,u'whenever', 1.4231846157976562e-05
Topic #1,u'publish', 1.4231846055863338e-05
Topic #1,u'constitute', 1.4231845761145539e-05
Topic #1,u'complete_list', 1.4231845761145539e-05
Topic #1,u'public_comment', 1.4231844451690304e-05
Topic #1,u'invite', 1.4231844451690304e-05
Topic #1,u'practicable_thereafter', 1.4231842766028584e-05
Topic #4,u'notice', 1.4231856723544008e-05
Topic #4,u'act', 1.4231851533325494e-05
Topic #4,u'whenever', 1.4231846157968205e-05
Topic #4,u'change', 1.4231846157968205e-05
Topic #4,u'publish', 1.4231846055854981e-05
Topic #4,u'complete_list', 1.4231845761137186e-05
Topic #4,u'constitute', 1.4231845761137186e-05
Topic #4,u'invite', 1.4231844451689188e-05
Topic #4,u'public_comment', 1.4231844451689188e-05
Topic #4,u'practicable_thereafter', 1.4231842766020231e-05
