TopicNo,Topic Words,Probability Score
Topic #10,u'handwritten_signature', 0.0010629551881098343
Topic #10,u'certification', 0.00096266047973207953
Topic #10,u'equivalent', 0.00096266047895592446
Topic #10,u'legally_binding', 0.00096266047895592446
Topic #10,u'provide', 0.00086218300092396846
Topic #10,u'additional', 0.00086218300092396846
Topic #10,u'specific', 0.00086218300092396846
Topic #10,u'testimony', 0.00086218300092396846
Topic #10,u'signer', 0.00086218300092396846
Topic #10,u'traditional', 0.00021469450055436429
Topic #2,u'electronic_signature', 0.0010402263629934265
Topic #2,u'individual', 0.00018601754145048969
Topic #2,u'verify', 7.9201307567442207e-05
Topic #2,u'identity', 7.9201307567442207e-05
Topic #2,u'organization', 7.9201307567442207e-05
Topic #2,u'otherwise_sanction', 7.9201301226572158e-05
Topic #2,u'element', 7.920130122656652e-05
Topic #2,u'unique', 5.603164608318718e-05
Topic #2,u'one', 5.6031646013994048e-05
Topic #2,u'reuse', 5.6031645793620727e-05
Topic #1,u'electronic_signatures', 0.00033732094495039913
Topic #1,u'use', 0.00033732094481882767
Topic #1,u'person', 0.0002362806832024326
Topic #1,u'certify', 0.00011525278924945138
Topic #1,u'system', 0.00011525278924945138
Topic #1,u'agency', 0.00011525278924945138
Topic #1,u'august', 0.00011525277852615094
Topic #1,u'anyone', 5.6048091337198814e-05
Topic #1,u'else', 5.6048091232521784e-05
Topic #1,u'rockville', 1.4212545242951034e-05
Topic #4,u'hfc', 0.00017147419096687794
Topic #4,u'rockville', 1.4229607433403594e-05
Topic #4,u'agency_request', 1.4229602241596054e-05
Topic #4,u'upon', 1.4229602241596054e-05
Topic #4,u'fisher', 1.4229602238807484e-05
Topic #4,u'lane', 1.4229602238807484e-05
Topic #4,u'certifies', 1.4229601923072977e-05
Topic #4,u'assigns', 1.4229601922221459e-05
Topic #4,u'specific', 1.4229601513618736e-05
Topic #4,u'provide', 1.4229601513618736e-05
Topic #7,u'fisher', 0.00017142032780626023
Topic #7,u'lane', 0.00017142032780626023
Topic #7,u'rockville', 0.00017142028112376235
Topic #7,u'hfc', 1.4225133780940454e-05
Topic #7,u'agency_request', 1.4225128591182821e-05
Topic #7,u'upon', 1.4225128591182821e-05
Topic #7,u'certifies', 1.4225128272564412e-05
Topic #7,u'assigns', 1.4225128271719113e-05
Topic #7,u'specific', 1.4225127861853192e-05
Topic #7,u'provide', 1.4225127861853192e-05
Topic #9,u'agency_request', 0.0001714014506680725
Topic #9,u'upon', 0.0001714014506680725
Topic #9,u'office', 0.00011534215859590988
Topic #9,u'regional_operation', 0.00011534215859590988
Topic #9,u'assigns', 7.9285974565088607e-05
Topic #9,u'rockville', 1.4223567277363937e-05
Topic #9,u'hfc', 1.4223567277088582e-05
Topic #9,u'lane', 1.422356208924962e-05
Topic #9,u'fisher', 1.422356208924962e-05
Topic #9,u'certifies', 1.4223561776147966e-05
Topic #5,u'time', 0.00011537627330826952
Topic #5,u'prior', 0.00011537627330826952
Topic #5,u'general', 5.6108147440225758e-05
Topic #5,u'requirement', 5.6108146608550921e-05
Topic #5,u'rockville', 1.4227774177157093e-05
Topic #5,u'hfc', 1.4227774176881742e-05
Topic #5,u'upon', 1.4227768990115772e-05
Topic #5,u'agency_request', 1.4227768990115772e-05
Topic #5,u'lane', 1.4227768987404952e-05
Topic #5,u'fisher', 1.4227768987404952e-05
Topic #3,u'certifies', 7.9323631469301409e-05
Topic #3,u'organization_establishes', 5.6118189126087824e-05
Topic #3,u'hfc', 1.4230322772171085e-05
Topic #3,u'rockville', 1.4230322772155123e-05
Topic #3,u'upon', 1.4230317581354402e-05
Topic #3,u'agency_request', 1.4230317581354402e-05
Topic #3,u'lane', 1.4230317578566383e-05
Topic #3,u'fisher', 1.4230317578566383e-05
Topic #3,u'assigns', 1.4230317261491549e-05
Topic #3,u'specific', 1.4230316854671303e-05
Topic #6,u'reassign', 5.6121841999915714e-05
Topic #6,u'rockville', 1.423124913284836e-05
Topic #6,u'hfc', 1.4231249132572582e-05
Topic #6,u'upon', 1.423124394100083e-05
Topic #6,u'agency_request', 1.423124394100083e-05
Topic #6,u'fisher', 1.4231243938016159e-05
Topic #6,u'lane', 1.4231243938016159e-05
Topic #6,u'certifies', 1.4231243621215926e-05
Topic #6,u'assigns', 1.4231243620365226e-05
Topic #6,u'testimony', 1.4231243213719168e-05
Topic #8,u'rockville', 1.4231845314113191e-05
Topic #8,u'hfc', 1.4231845313837501e-05
Topic #8,u'agency_request', 1.4231840121418081e-05
Topic #8,u'upon', 1.4231840121418081e-05
Topic #8,u'fisher', 1.4231840118629042e-05
Topic #8,u'lane', 1.4231840118629042e-05
Topic #8,u'certifies', 1.4231839802942685e-05
Topic #8,u'assigns', 1.4231839802091281e-05
Topic #8,u'testimony', 1.4231839394117771e-05
Topic #8,u'specific', 1.4231839394117771e-05
