TopicNo,Topic Words,Probability Score
Topic #6,u'electronic_signature', 0.00068241537523808216
Topic #6,u'component', 0.00043133269584340122
Topic #6,u'execute_use', 0.00037262779274227438
Topic #6,u'control', 0.00033662573857891326
Topic #6,u'sign', 0.00027203897989844862
Topic #6,u'continuous_period', 0.00027203896759149266
Topic #6,u'system_access', 0.00027203896759149266
Topic #6,u'one', 0.00027187087563231081
Topic #6,u'first', 0.00011492256756811109
Topic #6,u'executable', 0.00011436693497474304
Topic #1,u'individual', 0.0006610341409032227
Topic #1,u'two', 0.00032364307970212818
Topic #1,u'administer', 0.00025909727788724063
Topic #1,u'execute', 0.00025909727788724063
Topic #1,u'attempt', 0.00025909727788724063
Topic #1,u'ensure', 0.00025909695037769245
Topic #1,u'anyone', 0.00025877653859623299
Topic #1,u'owner', 0.00025877650880323842
Topic #1,u'collaboration', 0.00025877650880323842
Topic #1,u'requires', 0.00025877650880323842
Topic #3,u'use', 0.00060607858944776254
Topic #3,u'genuine_owner', 0.00048296042150265293
Topic #3,u'design', 0.00036058779391503272
Topic #3,u'ensure', 1.4820506249596977e-05
Topic #3,u'anyone', 1.4820501826798951e-05
Topic #3,u'cannot', 1.4820488067556016e-05
Topic #3,u'base', 1.4215201683365831e-05
Topic #3,u'upon', 1.4215201338858741e-05
Topic #3,u'electronic_signatures', 1.4215201257433791e-05
Topic #3,u'biometrics', 1.4215201149933783e-05
Topic #7,u'biometrics', 0.00032420014546974949
Topic #7,u'electronic_signatures', 0.00032420014421663697
Topic #7,u'upon', 0.00032420014360655348
Topic #7,u'base', 0.00032420014105190921
Topic #7,u'ensure', 0.00025893724832632271
Topic #7,u'cannot', 0.00025893692304252943
Topic #7,u'anyone', 0.00025893688658353822
Topic #7,u'genuine_owner', 3.6414186382980177e-05
Topic #7,u'design', 1.42194779279943e-05
Topic #7,u'use', 1.4215002397034418e-05
Topic #4,u'individual_executes', 0.00027260253100114761
Topic #4,u'single', 0.00027260253100114761
Topic #4,u'signing', 0.00027260253100114761
Topic #4,u'perform', 0.00017152836946652061
Topic #4,u'series', 0.00011516083586342619
Topic #4,u'one', 1.4231725901469828e-05
Topic #4,u'individual', 1.4217153276834833e-05
Topic #4,u'genuine_owner', 1.4217149134383416e-05
Topic #4,u'ensure', 1.4217138313999507e-05
Topic #4,u'anyone', 1.4217136118340325e-05
Topic #8,u'individual', 1.423186091949002e-05
Topic #8,u'genuine_owner', 1.4231856740047468e-05
Topic #8,u'ensure', 1.4231845887547146e-05
Topic #8,u'anyone', 1.4231843685378318e-05
Topic #8,u'execute', 1.4231842763823219e-05
Topic #8,u'attempt', 1.4231842763823219e-05
Topic #8,u'administer', 1.4231842763823219e-05
Topic #8,u'use', 1.4231841778055975e-05
Topic #8,u'design', 1.4231841739424571e-05
Topic #8,u'collaboration', 1.4231840561655276e-05
Topic #5,u'individual', 1.4231860887250946e-05
Topic #5,u'genuine_owner', 1.423185674005489e-05
Topic #5,u'ensure', 1.4231845887540537e-05
Topic #5,u'anyone', 1.4231843685372004e-05
Topic #5,u'execute', 1.4231842763816614e-05
Topic #5,u'attempt', 1.4231842763816614e-05
Topic #5,u'administer', 1.4231842763816614e-05
Topic #5,u'use', 1.4231841778049651e-05
Topic #5,u'design', 1.4231841739418245e-05
Topic #5,u'collaboration', 1.4231840561648964e-05
Topic #2,u'individual', 1.4231860887234993e-05
Topic #2,u'genuine_owner', 1.4231856740103384e-05
Topic #2,u'ensure', 1.4231845887549946e-05
Topic #2,u'anyone', 1.4231843685373945e-05
Topic #2,u'execute', 1.4231842763826017e-05
Topic #2,u'attempt', 1.4231842763826017e-05
Topic #2,u'administer', 1.4231842763826017e-05
Topic #2,u'use', 1.4231841778051594e-05
Topic #2,u'design', 1.4231841739420185e-05
Topic #2,u'collaboration', 1.4231840561650901e-05
Topic #10,u'individual', 1.4231860887231348e-05
Topic #10,u'genuine_owner', 1.423185674004493e-05
Topic #10,u'ensure', 1.4231845887550795e-05
Topic #10,u'anyone', 1.42318436853705e-05
Topic #10,u'execute', 1.4231842763826868e-05
Topic #10,u'attempt', 1.4231842763826868e-05
Topic #10,u'administer', 1.4231842763826868e-05
Topic #10,u'use', 1.4231841778048143e-05
Topic #10,u'design', 1.4231841739416737e-05
Topic #10,u'collaboration', 1.423184056164746e-05
Topic #9,u'individual', 1.423186088722353e-05
Topic #9,u'genuine_owner', 1.42318567400277e-05
Topic #9,u'ensure', 1.4231845887609066e-05
Topic #9,u'anyone', 1.4231843685362238e-05
Topic #9,u'execute', 1.4231842763885142e-05
Topic #9,u'attempt', 1.4231842763885142e-05
Topic #9,u'administer', 1.4231842763885142e-05
Topic #9,u'use', 1.4231841778054235e-05
Topic #9,u'design', 1.4231841739422831e-05
Topic #9,u'collaboration', 1.4231840561639198e-05
