TopicNo,Topic Words,Probability Score
Topic #7,u'individual', 0.0010508732248487131
Topic #7,u'equivalent', 0.00025954378230779568
Topic #7,u'authorize', 0.00025954378230779568
Topic #7,u'legally_binding', 0.00025954378230779568
Topic #7,u'measurement', 0.00011504916843101398
Topic #7,u'identity_base', 0.00011504916843101398
Topic #7,u'handwritten_signature', 1.689294970651572e-05
Topic #7,u'adopt', 1.6892949230574104e-05
Topic #7,u'legal_mark', 1.689278337267171e-05
Topic #7,u'script_name', 1.689278337267171e-05
Topic #8,u'mean', 0.00060247303485776464
Topic #8,u'write', 0.00050145707040211032
Topic #8,u'electronic_signature', 0.00035845163838429023
Topic #8,u'pen', 0.00025814850511522507
Topic #8,u'mark_instrument', 0.00025814850511522507
Topic #8,u'sign', 0.00025814850511522507
Topic #8,u'stylus', 0.00025814850511522507
Topic #8,u'act', 0.00025814850511522507
Topic #8,u'preserve', 0.00025814850511522507
Topic #8,u'compilation', 0.00025783278297371917
Topic #2,u'data', 0.00057297750482281822
Topic #2,u'set', 0.00032843918998822527
Topic #2,u'verify', 0.00027205350726963067
Topic #2,u'use', 0.00023590429046590363
Topic #2,u'parameter', 0.00017131385463888259
Topic #2,u'integrity', 0.00017131385463888259
Topic #2,u'identity', 0.00017131385463888259
Topic #2,u'rule', 0.00017131385463888259
Topic #2,u'compute', 0.00017131385463888259
Topic #2,u'signer', 0.00017131385463888259
Topic #10,u'environment', 0.00035933414180796923
Topic #10,u'control', 0.00035933414180796923
Topic #10,u'content', 0.00035933414180796923
Topic #10,u'electronic_records', 0.00035933414180796923
Topic #10,u'system_access', 0.00035933414180796923
Topic #10,u'person', 0.00035933414180796923
Topic #10,u'system', 0.00035933414180796923
Topic #10,u'responsible', 0.00035933414180796923
Topic #10,u'apply', 0.00032325218485175142
Topic #10,u'system_mean', 0.00025878363633708058
Topic #5,u'adopt', 0.00025996560348995633
Topic #5,u'repeatable_action', 0.0001152398978294439
Topic #5,u'handwritten_signature', 1.4226947426162308e-05
Topic #5,u'data', 1.422692756880453e-05
Topic #5,u'pictorial', 1.4226926993275548e-05
Topic #5,u'graphic', 1.4226926980719912e-05
Topic #5,u'archive', 1.4226926964654408e-05
Topic #5,u'retrieve', 1.4226926958088044e-05
Topic #5,u'maintain', 1.4226926918630596e-05
Topic #5,u'modify', 1.42269268929373e-05
Topic #3,u'distribute', 0.00025993653255032599
Topic #3,u'computer_system', 0.00025993653255032599
Topic #3,u'handwritten_signature', 1.4224888483330783e-05
Topic #3,u'adopt', 1.422488841116941e-05
Topic #3,u'data', 1.4224868631385963e-05
Topic #3,u'pictorial', 1.4224868055487294e-05
Topic #3,u'graphic', 1.4224868041877345e-05
Topic #3,u'archive', 1.4224868020310926e-05
Topic #3,u'retrieve', 1.4224868017050132e-05
Topic #3,u'maintain', 1.4224867981352794e-05
Topic #6,u'conventionally_apply', 0.00025975114789476839
Topic #6,u'paper', 0.00025975114789476839
Topic #6,u'legal_mark', 0.0002597483140384649
Topic #6,u'script_name', 0.0002597483140384649
Topic #6,u'modify', 0.00017162971289624192
Topic #6,u'cosmetic_act', 7.8924249721611383e-05
Topic #6,u'handwritten_signature', 1.4214743391942313e-05
Topic #6,u'adopt', 1.4214743320104981e-05
Topic #6,u'data', 1.4214723568318978e-05
Topic #6,u'pictorial', 1.4214722992691233e-05
Topic #1,u'handwritten_signature', 0.0002597494148306383
Topic #1,u'create', 0.00017163439600209816
Topic #1,u'digital_form', 0.00017163439600209816
Topic #1,u'information_representation', 0.00017163439600209816
Topic #1,u'maintain', 0.00017163422609518719
Topic #1,u'food', 0.00011514416122216381
Topic #1,u'agency_mean', 0.00011514416122216381
Topic #1,u'drug_administration', 0.00011514416122216381
Topic #1,u'adopt', 1.4215117069773282e-05
Topic #1,u'data', 1.4215097358742587e-05
Topic #9,u'combination', 0.00017171744038864861
Topic #9,u'text', 0.00017171744038864861
Topic #9,u'electronic_record_mean', 0.00017171744038864861
Topic #9,u'audio', 0.00017171727058394595
Topic #9,u'sec', 7.8964516747288593e-05
Topic #9,u'handwritten_signature', 1.4221995076273875e-05
Topic #9,u'adopt', 1.4221994993116458e-05
Topic #9,u'data', 1.4221975275562563e-05
Topic #9,u'pictorial', 1.4221974699907638e-05
Topic #9,u'graphic', 1.422197469789688e-05
Topic #4,u'archive', 0.0001717052772338671
Topic #4,u'physical_feature', 0.00011519173806648281
Topic #4,u'unique', 0.00011518928261999847
Topic #4,u'andor', 0.00011518928261999847
Topic #4,u'measurable', 0.00011518928261999847
Topic #4,u'action', 0.00011518928261999847
Topic #4,u'feature', 0.00011518928261999847
Topic #4,u'individual', 1.5439883655279868e-05
Topic #4,u'handwritten_signature', 1.4221001799600523e-05
Topic #4,u'adopt', 1.422100172660715e-05
