TopicNo,Topic Words,Probability Score
Topic #6,u'personnel', 0.005171327031239333
Topic #6,u'clearly', 0.0050956091649865679
Topic #6,u'assign', 0.0050956091649865679
Topic #6,u'requirement', 0.0050956091649865679
Topic #6,u'assure_compliance', 0.0050956091649865679
Topic #6,u'competent', 0.0050956091649865679
Topic #6,u'responsibility', 0.0050956091649865679
Topic #6,u'supervisory_personnel', 0.0050956091649865679
Topic #6,u'intact', 0.00019643656629934368
Topic #6,u'supervisor', 0.00019356288803384184
Topic #1,u'food', 0.0017284459398978192
Topic #1,u'remove', 0.00019776957891024939
Topic #1,u'object', 0.00017051761658848553
Topic #1,u'drink_beverage', 0.00016204814442391483
Topic #1,u'cosmetic', 0.0001620481444214229
Topic #1,u'tobacco', 0.00016204814441698543
Topic #1,u'cannot', 0.00013656182993701044
Topic #1,u'hand_jewelry', 0.00013656182993701044
Topic #1,u'cap', 0.00010931016774488926
Topic #1,u'sanitary_condition', 0.00010926832457275418
Topic #4,u'contamination', 0.00048033172473519581
Topic #4,u'necessary', 0.000432416714452357
Topic #4,u'protect', 0.00028452008161449779
Topic #4,u'wear', 0.00017055979487966966
Topic #4,u'train', 0.00016209830245893266
Topic #4,u'chew_gum', 0.00016209825644637526
Topic #4,u'combination_thereof', 0.00016209825644098914
Topic #4,u'supervision', 0.00016209825643544358
Topic #4,u'education', 0.00016209616079024259
Topic #4,u'operation', 0.00011481308826057596
Topic #5,u'package_materials', 0.00041992241222338307
Topic #5,u'limit', 0.00022376262823479526
Topic #5,u'substance', 0.0001528326292589641
Topic #5,u'microorganism', 0.0001528326292589641
Topic #5,u'foreign', 0.0001528326292589641
Topic #5,u'effective_manner', 0.00010955824774832489
Topic #5,u'become_contaminate', 5.3691543265418381e-05
Topic #5,u'sore', 5.369153469968428e-05
Topic #5,u'duty', 1.4345561007260304e-05
Topic #5,u'extent', 1.4345561007260304e-05
Topic #3,u'contact_surfaces', 0.00041930843291852586
Topic #3,u'clean', 0.00035258051033431698
Topic #3,u'inform', 0.00016217565791159494
Topic #3,u'protection_principle', 0.00016217565791159494
Topic #3,u'danger', 0.00016217565791159494
Topic #3,u'poor', 0.00016217565791159494
Topic #3,u'personal_hygiene', 0.00016217565791159494
Topic #3,u'insanitary_practice', 0.00016217565791159494
Topic #3,u'perspiration', 0.00016217559005415175
Topic #3,u'production', 0.00016028158061142506
Topic #9,u'equipment', 0.0002662999781347968
Topic #9,u'work', 0.00017643884321621168
Topic #9,u'person', 9.3195703804764297e-05
Topic #9,u'absence', 7.5584629554951993e-05
Topic #9,u'station', 7.5584629554951993e-05
Topic #9,u'wash_facility', 7.5584629554951207e-05
Topic #9,u'start', 7.5584629554951207e-05
Topic #9,u'open', 5.3708105129832189e-05
Topic #9,u'lesion', 5.3708104926221332e-05
Topic #9,u'shown', 5.3708096331341167e-05
Topic #8,u'wash', 0.00026594250970607067
Topic #8,u'area', 0.00020438808551774719
Topic #8,u'utensil', 0.00020438808551774719
Topic #8,u'expose', 0.00020438808551774719
Topic #8,u'take', 0.00020164653898978684
Topic #8,u'precaution', 0.00020164653896618105
Topic #8,u'eat_food', 0.00016222967400871617
Topic #8,u'follow', 0.00014886356732255683
Topic #8,u'confine', 0.00010936618592891889
Topic #8,u'store_clothe', 0.00010895528196518738
Topic #10,u'hair', 0.00025785366948263605
Topic #10,u'chemical', 0.00016241570491011895
Topic #10,u'effective', 0.00010959826552504751
Topic #10,u'restraint', 0.00010959826552504751
Topic #10,u'adequate_hand', 7.5588875538300533e-05
Topic #10,u'include_boil', 5.3711128858863271e-05
Topic #10,u'illness', 5.37111287474406e-05
Topic #10,u'reasonable_possibility', 5.3704914034132981e-05
Topic #10,u'microbial_contamination', 5.3704914003490087e-05
Topic #10,u'abnormal_source', 5.3704913859458558e-05
Topic #7,u'food_handle', 0.00025749724330784699
Topic #7,u'education', 0.00016225340187039344
Topic #7,u'experience', 0.00016225125398895633
Topic #7,u'food_contamination', 0.00016225125398895633
Topic #7,u'identify', 0.00016225125398895633
Topic #7,u'personnel_responsible', 0.00016225125398895633
Topic #7,u'sanitation', 0.00016225125398895633
Topic #7,u'background', 0.00016225125398895633
Topic #7,u'failure', 0.00016225125398895633
Topic #7,u'food_handler', 0.00015339876311447573
Topic #2,u'include', 0.00022379039051648181
Topic #2,u'use_tobacco', 0.00016245076709151847
Topic #2,u'cleanliness', 0.00011506288551158519
Topic #2,u'glove', 0.00010958178706714318
Topic #2,u'impermeable_material', 0.00010958178706714318
Topic #2,u'appropriate', 0.00010958175840567341
Topic #2,u'headband', 0.00010958175840104403
Topic #2,u'method', 7.5577539064118699e-05
Topic #2,u'maintain', 7.5575053529231782e-05
Topic #2,u'foreign', 2.3803122276088996e-05
