TopicNo,Topic Words,Probability Score
Topic #6,u'pest', 0.005710070302406273
Topic #6,u'adequate_screen', 0.0054453068158107146
Topic #6,u'protection', 0.0054453068158107146
Topic #6,u'provide', 0.0004040969862341601
Topic #6,u'necessary', 0.00031342570199963164
Topic #6,u'skylight', 0.00015953689837967295
Topic #6,u'regular_basis', 0.00010761827308915284
Topic #6,u'pest_infestation', 0.00010761827308915284
Topic #6,u'check', 0.00010761827308915284
Topic #6,u'breed', 9.1504827237018086e-05
Topic #2,u'food', 0.0011930953547513803
Topic #2,u'potential', 0.00028325677920954982
Topic #2,u'wall', 0.00025609576003681134
Topic #2,u'area', 0.00025071516710485555
Topic #2,u'contamination', 0.00024352369982144672
Topic #2,u'food_contamination', 0.00022231979138679928
Topic #2,u'effective_mean', 0.00020351165519128631
Topic #2,u'permit', 0.00016980442777996219
Topic #2,u'proper_precaution', 0.00016980442777996219
Topic #2,u'take', 0.00016980442777996219
Topic #3,u'contaminate_food', 0.00055334135286468154
Topic #3,u'manner', 0.00025739922799482973
Topic #3,u'minimizes', 0.0001621181835119134
Topic #3,u'blow_equipment', 0.0001621181835119134
Topic #3,u'plant_building', 0.00011488112416651951
Topic #3,u'structure', 0.0001148811241203808
Topic #3,u'construct', 0.00010940898910427553
Topic #3,u'floor', 0.00010940898910427553
Topic #3,u'pipe', 0.00010940898910420245
Topic #3,u'duct', 0.00010940898910420245
Topic #7,u'contact_surfaces', 0.00046561725839654129
Topic #7,u'area', 0.00043136651013620918
Topic #7,u'equipment', 0.00040990258429813464
Topic #7,u'fixture', 0.00025683010123755387
Topic #7,u'store', 0.0002011661977103914
Topic #7,u'control', 0.00018772231388383248
Topic #7,u'include', 0.00017029079058297159
Topic #7,u'clean', 0.00016183263919104459
Topic #7,u'utensil', 0.00016183263919104459
Topic #7,u'clothe', 0.00016183263387124848
Topic #8,u'package_materials', 0.00031911098042686654
Topic #8,u'light_bulb', 0.00016242149002730424
Topic #8,u'type', 0.00016242149002730424
Topic #8,u'microorganism', 7.5567297870920763e-05
Topic #8,u'manufacture_purpose', 7.5567280768602219e-05
Topic #8,u'borne_filth', 5.3697628135690093e-05
Topic #8,u'adequate_screen', 1.4221025146472795e-05
Topic #8,u'protection', 1.4221025146472795e-05
Topic #8,u'skylight', 1.4220979773499936e-05
Topic #8,u'provide_safety', 1.4220979739521394e-05
Topic #4,u'protect', 0.00020159099790166286
Topic #4,u'locker', 0.000162281602898899
Topic #4,u'dress', 0.000162281602898899
Topic #4,u'room', 0.00016228093849291299
Topic #4,u'kept', 0.00014891063424878629
Topic #4,u'good', 0.00010946972331308069
Topic #4,u'kept_clean', 0.00010946972331308069
Topic #4,u'adequately_clean', 0.00010946972331308069
Topic #4,u'ceiling', 0.00010946972331308069
Topic #4,u'repair', 0.00010946972331308069
Topic #5,u'plant', 0.00017636074440412005
Topic #5,u'hand', 0.00016239425970138575
Topic #5,u'provide_adequate_light', 0.00016239425970138575
Topic #5,u'provide_safety', 0.00016239421376436925
Topic #5,u'ground', 9.3159765293252903e-05
Topic #5,u'exercise', 7.5554635186843012e-05
Topic #5,u'care', 7.5554635186843012e-05
Topic #5,u'inspection', 7.5554635186843012e-05
Topic #5,u'facility', 7.5554628844169e-05
Topic #5,u'breed', 1.4233592693277933e-05
Topic #10,u'include_steam', 0.0001624414199556157
Topic #10,u'noxious_fume', 0.0001624414199556157
Topic #10,u'process', 0.00016244137404329247
Topic #10,u'enclose_system', 0.00010957749606922981
Topic #10,u'construction', 7.5576553244442726e-05
Topic #10,u'limit', 5.3704217251121193e-05
Topic #10,u'adequate_manner', 1.4223173924254158e-05
Topic #10,u'contamination', 1.4223094606990432e-05
Topic #10,u'disposal', 1.4223061680875906e-05
Topic #10,u'expose', 1.4223005985742769e-05
Topic #9,u'air', 0.0001624159687645402
Topic #9,u'operate_fan', 0.0001624159687645402
Topic #9,u'locate', 0.0001624159687645402
Topic #9,u'protective_covering', 0.00010956034828162967
Topic #9,u'use', 0.00010956034828162967
Topic #9,u'exclude_pest', 7.5564723625559671e-05
Topic #9,u'mean', 7.5564723625559671e-05
Topic #9,u'maintain_road', 5.3695797887703838e-05
Topic #9,u'effective_mean', 1.4290467092254593e-05
Topic #9,u'protection', 1.4220540685527925e-05
Topic #1,u'provide_adequate_ventilation', 0.00016239340209413212
Topic #1,u'control_equipment', 0.00016239340209413212
Topic #1,u'vapor', 0.00016239340209413212
Topic #1,u'minimize_odor', 0.00016239340209413212
Topic #1,u'plant_construction', 7.5554221893138333e-05
Topic #1,u'chemical', 7.555420475434674e-05
Topic #1,u'design', 7.5553615517356159e-05
Topic #1,u'seepage', 5.3673663280601876e-05
Topic #1,u'contribute_contamination', 5.3673663136703426e-05
Topic #1,u'adequately_drain', 5.3673662699750848e-05
