TopicNo,Topic Words,Probability Score
Topic #3,u'defect', 0.00062248755387030305
Topic #3,u'action_level', 0.00048496805017330449
Topic #3,u'current', 0.00034309932422289129
Topic #3,u'food', 0.00029320435462894463
Topic #3,u'upon', 0.00022787882028641363
Topic #3,u'drug_administration', 0.00020558558924489722
Topic #3,u'good', 0.00019193698218491687
Topic #3,u'manufacture_practice', 0.00019193698216708231
Topic #3,u'holder', 0.00019166385467099835
Topic #3,u'establish', 0.00017397700984487721
Topic #8,u'food', 0.00051320002497700723
Topic #8,u'unavoidable_defect', 0.00044088246680053022
Topic #8,u'natural', 0.00030321411406894759
Topic #8,u'act', 0.00027156224695320559
Topic #8,u'present', 0.0002058447257339376
Topic #8,u'health_hazard', 0.00020584472566222796
Topic #8,u'human', 0.00020584472554361206
Topic #8,u'obtain', 0.00016519325420907483
Topic #8,u'compilation', 0.00016519325420907483
Topic #8,u'apply_nutrition', 0.00016519325420907483
Topic #9,u'distributor', 0.00017484206052838382
Topic #9,u'final_food', 0.00016614017678031584
Topic #9,u'defect_level', 0.00016614017678031584
Topic #9,u'regardless', 0.00016614017678031584
Topic #9,u'manufacturer', 0.00011195666940472429
Topic #9,u'college_park', 1.4221682114192425e-05
Topic #9,u'pack', 1.4221676724231943e-05
Topic #9,u'branch', 1.4221675661662138e-05
Topic #9,u'paint', 1.4221675661662138e-05
Topic #9,u'pkwy', 1.4221675661662138e-05
Topic #10,u'college_park', 0.00016623357406666419
Topic #10,u'manufacturer', 1.4229678688714495e-05
Topic #10,u'pack', 1.4229676541375038e-05
Topic #10,u'regardless', 1.4229675479523189e-05
Topic #10,u'final_food', 1.4229675479523189e-05
Topic #10,u'defect_level', 1.4229675479523189e-05
Topic #10,u'paint', 1.4229675479410535e-05
Topic #10,u'pkwy', 1.4229675479410535e-05
Topic #10,u'branch', 1.4229675479410535e-05
Topic #10,u'distributor', 1.4229675332009528e-05
Topic #7,u'pkwy', 0.00016614130632208428
Topic #7,u'branch', 0.00016614130632208428
Topic #7,u'paint', 0.00016614130632208428
Topic #7,u'unsanitary_conditions', 7.7107553529884288e-05
Topic #7,u'held', 7.7107553529884288e-05
Topic #7,u'food_manufacturer', 7.7107553529884288e-05
Topic #7,u'requirement', 7.710744839118809e-05
Topic #7,u'food', 1.4237144091388689e-05
Topic #7,u'college_park', 1.4221778804126156e-05
Topic #7,u'manufacturer', 1.4221775552042915e-05
Topic #6,u'contain_natural', 5.4714583651459152e-05
Topic #6,u'hazardous', 5.4714583607663083e-05
Topic #6,u'low_level', 5.4714583319752064e-05
Topic #6,u'health', 5.4714583286347477e-05
Topic #6,u'unavoidable_defect', 1.4258752426772987e-05
Topic #6,u'college_park', 1.4229540109730145e-05
Topic #6,u'manufacturer', 1.4229536856827404e-05
Topic #6,u'pack', 1.4229534707153238e-05
Topic #6,u'paint', 1.4229533652813214e-05
Topic #6,u'pkwy', 1.4229533652813214e-05
Topic #5,u'college_park', 1.4231845239896583e-05
Topic #5,u'manufacturer', 1.4231841984217741e-05
Topic #5,u'pack', 1.4231839836568543e-05
Topic #5,u'regardless', 1.4231838774459561e-05
Topic #5,u'final_food', 1.4231838774459561e-05
Topic #5,u'defect_level', 1.4231838774459561e-05
Topic #5,u'pkwy', 1.4231838774324487e-05
Topic #5,u'branch', 1.4231838774324487e-05
Topic #5,u'paint', 1.4231838774324487e-05
Topic #5,u'distributor', 1.4231838626899005e-05
Topic #4,u'college_park', 1.4231845236770315e-05
Topic #4,u'manufacturer', 1.4231841984222378e-05
Topic #4,u'pack', 1.4231839836569913e-05
Topic #4,u'regardless', 1.4231838774436557e-05
Topic #4,u'final_food', 1.4231838774436557e-05
Topic #4,u'defect_level', 1.4231838774436557e-05
Topic #4,u'pkwy', 1.423183877432583e-05
Topic #4,u'branch', 1.423183877432583e-05
Topic #4,u'paint', 1.423183877432583e-05
Topic #4,u'distributor', 1.4231838626900357e-05
Topic #2,u'college_park', 1.4231845236770147e-05
Topic #2,u'manufacturer', 1.4231841984219815e-05
Topic #2,u'pack', 1.4231839836569769e-05
Topic #2,u'final_food', 1.4231838774436419e-05
Topic #2,u'regardless', 1.4231838774436419e-05
Topic #2,u'defect_level', 1.4231838774436419e-05
Topic #2,u'paint', 1.4231838774432302e-05
Topic #2,u'pkwy', 1.4231838774432302e-05
Topic #2,u'branch', 1.4231838774432302e-05
Topic #2,u'distributor', 1.4231838626945638e-05
Topic #1,u'college_park', 1.4231845236765803e-05
Topic #1,u'manufacturer', 1.4231841984217069e-05
Topic #1,u'pack', 1.423183983656538e-05
Topic #1,u'final_food', 1.4231838774432034e-05
Topic #1,u'regardless', 1.4231838774432034e-05
Topic #1,u'defect_level', 1.4231838774432034e-05
Topic #1,u'paint', 1.4231838774321303e-05
Topic #1,u'pkwy', 1.4231838774321303e-05
Topic #1,u'branch', 1.4231838774321303e-05
Topic #1,u'distributor', 1.4231838626895822e-05
