TopicNo,Topic Words,Probability Score
Topic #2,u'water_supply', 0.0025921740750473677
Topic #2,u'hand', 0.00054741290339468181
Topic #2,u'rubbish', 0.00031268952827260242
Topic #2,u'convey', 0.000203176290441813
Topic #2,u'minimize', 0.00016341383748024382
Topic #2,u'waste_become', 0.00016341318797088295
Topic #2,u'potential', 0.00016341318797088295
Topic #2,u'breed', 0.00016341318797088295
Topic #2,u'attractant', 0.00016341318797088295
Topic #2,u'place', 0.00016341318797088295
Topic #8,u'ground_surface', 0.0024596149457353448
Topic #8,u'accomplish', 0.00017257672657662606
Topic #8,u'requirement', 0.00017257672657662606
Topic #8,u'compliance', 0.00017257672657662606
Topic #8,u'surface', 0.00016399607799030784
Topic #8,u'provide_self', 7.6199327634408285e-05
Topic #8,u'hand', 1.4257978990048587e-05
Topic #8,u'provide', 1.4190013771927586e-05
Topic #8,u'store', 1.4187264126113045e-05
Topic #8,u'material', 1.4187264100050734e-05
Topic #1,u'food', 0.0011627208942226847
Topic #1,u'contamination', 0.00047113088134919105
Topic #1,u'protect', 0.00035571850748696411
Topic #1,u'area', 0.00032718725357492944
Topic #1,u'provide', 0.00027387106541930124
Topic #1,u'sign', 0.00025974006195732881
Topic #1,u'handle', 0.00025958165977819773
Topic #1,u'process', 0.00020344235635562271
Topic #1,u'post', 0.0001636277007434894
Topic #1,u'room', 0.00016362724030570734
Topic #10,u'employee', 0.00045962563117536118
Topic #10,u'unprotected_food', 0.00016434776748643418
Topic #10,u'fixture', 0.00011080218514272622
Topic #10,u'device', 0.00011080093046089083
Topic #10,u'cross', 7.6362737065092281e-05
Topic #10,u'toilet_facility', 7.6361047013178787e-05
Topic #10,u'limit', 5.4208334528550104e-05
Topic #10,u'sanitary_facility', 5.4207871551639281e-05
Topic #10,u'unproteced', 1.4672473222060863e-05
Topic #10,u'direct', 1.4672473222060863e-05
Topic #9,u'contact_surfaces', 0.00035340776244687796
Topic #9,u'maintain', 0.000265687656313372
Topic #9,u'construct', 0.00026010172226068902
Topic #9,u'dispose', 0.00022581830692254578
Topic #9,u'adequate', 0.00021230508075833416
Topic #9,u'wash_facility', 0.00020669829872581519
Topic #9,u'odor', 0.00016385831177418168
Topic #9,u'development', 0.00016385831177418168
Topic #9,u'store', 0.00016385824849852779
Topic #9,u'minimize', 0.00016385766278404634
Topic #5,u'wash', 0.00026112048249023602
Topic #5,u'contact_surfaces', 1.4233449511571611e-05
Topic #5,u'ground_surface', 1.4228419336251259e-05
Topic #5,u'hand', 1.4228336509917482e-05
Topic #5,u'store', 1.4228331455065975e-05
Topic #5,u'material', 1.4228331429192664e-05
Topic #5,u'unprotected_food', 1.4228331427317172e-05
Topic #5,u'surface', 1.4228331420725273e-05
Topic #5,u'flow_system', 1.4228328224663987e-05
Topic #5,u'effective_hand', 1.4228328177471519e-05
Topic #6,u'appropriate', 0.00026099250639244201
Topic #6,u'adequate', 0.00011637790432834207
Topic #6,u'plant', 0.00011637744085675259
Topic #6,u'sanitize_hand', 0.00011082770719175612
Topic #6,u'effective_hand', 0.00011082770719170191
Topic #6,u'sanitary_facility', 5.4221799849013927e-05
Topic #6,u'equip', 5.4220847621076645e-05
Topic #6,u'accommodation_include', 5.4220847576538528e-05
Topic #6,u'sewage_disposal', 1.4257668011597985e-05
Topic #6,u'provide', 1.4223073336190298e-05
Topic #3,u'sanitize', 0.00026053368299588903
Topic #3,u'hand', 0.00026051949744674066
Topic #3,u'water', 0.00019048242433819971
Topic #3,u'require', 0.00019041120580277852
Topic #3,u'plant', 0.00019028645367367836
Topic #3,u'start', 0.00016411192677723329
Topic #3,u'work', 0.00016411192677723329
Topic #3,u'location', 0.00015057601494986104
Topic #3,u'control_valves', 0.00011064314034605569
Topic #3,u'double_door', 0.00011064314032317911
Topic #7,u'clean', 0.00024729656636805769
Topic #7,u'package_materials', 0.00020428135417212764
Topic #7,u'good', 0.0001728692224067423
Topic #7,u'equipment', 0.00011632088910013015
Topic #7,u'sanitize_preparation', 0.00011077119505980521
Topic #7,u'toilet_facility', 7.6343090441211754e-05
Topic #7,u'facility', 7.6341713826224319e-05
Topic #7,u'repair', 7.6341403877981724e-05
Topic #7,u'time', 7.6341403877981724e-05
Topic #7,u'keep', 7.6341403877981724e-05
Topic #4,u'material', 0.00016431984218975268
Topic #4,u'device', 0.00011078462908612208
Topic #4,u'towel', 0.00011078337183878432
Topic #4,u'suitable', 0.00011078337183878432
Topic #4,u'dry', 0.00011078337183878432
Topic #4,u'service', 0.00011078337183878432
Topic #4,u'sanitary', 0.0001107831764817851
Topic #4,u'liquid_waste', 7.6349787637140334e-05
Topic #4,u'discharge_water', 7.6349787637140334e-05
Topic #4,u'type_clean', 7.6349787637140334e-05
