TopicNo,Topic Words,Probability Score
Topic #9,u'food', 0.00068183229705423662
Topic #9,u'act', 0.00051665572753802828
Topic #9,u'definition', 0.00032356079088191662
Topic #9,u'apply', 0.00032356079012703989
Topic #9,u'determine', 0.00032356079001121668
Topic #9,u'whether', 0.00032356078966959656
Topic #9,u'criterion', 0.00032356078895772454
Topic #9,u'violation', 0.00025903068760502082
Topic #9,u'public_health', 0.00025903068760502082
Topic #9,u'service', 0.00025903068760502082
Topic #4,u'regulation', 0.00050480618206119685
Topic #4,u'manufacture_practice', 0.00032415159864103101
Topic #4,u'good', 0.00032415159854243681
Topic #4,u'food_cover', 0.00025950366394653638
Topic #4,u'subject', 0.00025950366394653638
Topic #4,u'requirement', 0.00025950366394653638
Topic #4,u'specific_current', 0.00025950366394653638
Topic #4,u'current', 7.8849046998649225e-05
Topic #4,u'pack', 1.4201172741249097e-05
Topic #4,u'mean', 1.4201157800699848e-05
Topic #6,u'mean', 0.00021586611204869847
Topic #6,u'within', 0.00021586611204869847
Topic #6,u'render_injurious', 0.00017168634306399707
Topic #6,u'whereby', 0.00017168634306399707
Topic #6,u'health', 0.00017168634306399707
Topic #6,u'pack', 1.4219399045877012e-05
Topic #6,u'regulation', 1.4219381104695054e-05
Topic #6,u'prepare', 1.4219380176459867e-05
Topic #6,u'subject', 1.4219377589430862e-05
Topic #6,u'requirement', 1.4219377589430862e-05
Topic #2,u'pack', 0.00017180957155556582
Topic #2,u'within', 1.4229604205107439e-05
Topic #2,u'mean', 1.4229604205107439e-05
Topic #2,u'regulation', 1.4229601203819689e-05
Topic #2,u'prepare', 1.4229600272846915e-05
Topic #2,u'render_injurious', 1.4229600269779824e-05
Topic #2,u'whereby', 1.4229600269779824e-05
Topic #2,u'health', 1.4229600269779824e-05
Topic #2,u'subject', 1.4229597682517069e-05
Topic #2,u'requirement', 1.4229597682517069e-05
Topic #3,u'held', 0.00017170153905401601
Topic #3,u'filth', 0.00017170153905401601
Topic #3,u'insanitary_condition_whereby', 0.00017170153905401601
Topic #3,u'become', 0.00017170153905401601
Topic #3,u'contaminate', 0.00017170153905401601
Topic #3,u'pack', 1.4220655594770902e-05
Topic #3,u'within', 1.4220640637985416e-05
Topic #3,u'mean', 1.4220640637985416e-05
Topic #3,u'regulation', 1.4220637629358672e-05
Topic #3,u'prepare', 1.422063670838122e-05
Topic #8,u'mean', 1.4504581267824726e-05
Topic #8,u'within', 1.4504581267824726e-05
Topic #8,u'pack', 1.4231854045506104e-05
Topic #8,u'regulation', 1.4231836093806934e-05
Topic #8,u'prepare', 1.4231835157916849e-05
Topic #8,u'render_injurious', 1.423183515484423e-05
Topic #8,u'whereby', 1.423183515484423e-05
Topic #8,u'health', 1.423183515484423e-05
Topic #8,u'subject', 1.4231832572004218e-05
Topic #8,u'requirement', 1.4231832572004218e-05
Topic #7,u'pack', 1.4231861827566141e-05
Topic #7,u'mean', 1.4231846858738105e-05
Topic #7,u'within', 1.4231846858738105e-05
Topic #7,u'regulation', 1.4231843859680478e-05
Topic #7,u'prepare', 1.4231842926006736e-05
Topic #7,u'render_injurious', 1.4231842922943498e-05
Topic #7,u'whereby', 1.4231842922943498e-05
Topic #7,u'health', 1.4231842922943498e-05
Topic #7,u'subject', 1.4231840336562595e-05
Topic #7,u'requirement', 1.4231840336562595e-05
Topic #1,u'pack', 1.4231861827563241e-05
Topic #1,u'mean', 1.4231846858733792e-05
Topic #1,u'within', 1.4231846858733792e-05
Topic #1,u'regulation', 1.4231843859555148e-05
Topic #1,u'prepare', 1.4231842926003409e-05
Topic #1,u'render_injurious', 1.4231842922940599e-05
Topic #1,u'whereby', 1.4231842922940599e-05
Topic #1,u'health', 1.4231842922940599e-05
Topic #1,u'subject', 1.4231840336498481e-05
Topic #1,u'requirement', 1.4231840336498481e-05
Topic #10,u'pack', 1.4231861827561742e-05
Topic #10,u'mean', 1.4231846858715501e-05
Topic #10,u'within', 1.4231846858715501e-05
Topic #10,u'regulation', 1.4231843864414728e-05
Topic #10,u'prepare', 1.4231842926001778e-05
Topic #10,u'render_injurious', 1.423184292293909e-05
Topic #10,u'whereby', 1.423184292293909e-05
Topic #10,u'health', 1.423184292293909e-05
Topic #10,u'subject', 1.4231840338927517e-05
Topic #10,u'requirement', 1.4231840338927517e-05
Topic #5,u'pack', 1.4231861827549455e-05
Topic #5,u'mean', 1.423184685870389e-05
Topic #5,u'within', 1.423184685870389e-05
Topic #5,u'regulation', 1.4231843859461713e-05
Topic #5,u'prepare', 1.4231842925988352e-05
Topic #5,u'render_injurious', 1.4231842922926838e-05
Topic #5,u'whereby', 1.4231842922926838e-05
Topic #5,u'health', 1.4231842922926838e-05
Topic #5,u'subject', 1.4231840336444888e-05
Topic #5,u'requirement', 1.4231840336444888e-05
