TopicNo,Topic Words,Probability Score
Topic #1,u'contamination', 0.01571024799227776
Topic #1,u'reasonable_possibility', 0.0058950963935857663
Topic #1,u'food', 0.0028737941750318439
Topic #1,u'raw_material', 0.00085574778409607183
Topic #1,u'adequate', 0.00055965044936250442
Topic #1,u'monitor', 0.0004412337563121716
Topic #1,u'provide', 0.0004313577821354868
Topic #1,u'protection', 0.0004313577821354868
Topic #1,u'physical', 0.00033976536136083271
Topic #1,u'drawn', 0.00024809221557304129
Topic #5,u'human_food', 0.014414532088918106
Topic #5,u'reasonable_possibility', 0.008360787321240409
Topic #5,u'manufacture', 0.0010632772269903949
Topic #5,u'include', 0.00030863830649875793
Topic #5,u'handle', 0.00028390140934110488
Topic #5,u'contact_surfaces', 0.00024932336946762525
Topic #5,u'wash', 0.0002203727934994971
Topic #5,u'area', 0.00021644984991562381
Topic #5,u'drain', 0.00018812951137024767
Topic #5,u'hold', 0.00016534193462431894
Topic #10,u'use', 0.0011659890430894796
Topic #10,u'finish_food', 0.000552331716276769
Topic #10,u'undesirable_microorganism', 0.00046659805928625107
Topic #10,u'water', 0.00033232118145049125
Topic #10,u'microorganism', 0.00032035968811484227
Topic #10,u'particularly', 0.00028139832684748243
Topic #10,u'ingredient', 0.00022406126059745541
Topic #10,u'treat', 0.00020768260545747178
Topic #10,u'metal', 0.00020216523386442861
Topic #10,u'material', 0.00019942985878076876
Topic #7,u'requirement', 0.00097472477167203503
Topic #7,u'compliance', 0.00091408542455240368
Topic #7,u'accomplish', 0.00083603950935516569
Topic #7,u'effective_mean', 0.00078081656758665296
Topic #7,u'taken', 0.00030767883513818862
Topic #7,u'operation', 0.00019962028726805327
Topic #7,u'either', 0.00014738135167591737
Topic #7,u'certification', 0.00013120185992869133
Topic #7,u'guarantee', 0.00013120185832769481
Topic #7,u'supplier', 0.00013109528614858483
Topic #9,u'control', 0.00090382933228840402
Topic #9,u'process', 0.00067098970973624729
Topic #9,u'mean', 0.00062433281276948432
Topic #9,u'growth', 0.00057238319498198952
Topic #9,u'act', 0.00047833234388367218
Topic #9,u'within', 0.00047833234184925988
Topic #9,u'adulterate', 0.00034014543225893901
Topic #9,u'manner', 0.00028514724346185866
Topic #9,u'batter', 0.00025402111968803943
Topic #9,u'dispose', 0.00025399287751030902
Topic #2,u'protect', 0.00083967872960458948
Topic #2,u'safe', 0.00062446126623887934
Topic #2,u'one', 0.00050001220794835524
Topic #2,u'prevent', 0.000405935615927833
Topic #2,u'acidify_food', 0.00036700115177782408
Topic #2,u'acid', 0.00036700115177782408
Topic #2,u'follow_practice', 0.00030650510184403065
Topic #2,u'include_employment', 0.00030650510184403065
Topic #2,u'adequate', 0.00030333560167917427
Topic #2,u'sanitary_quality', 0.00029330399325474339
Topic #6,u'maintain', 0.00071757594718990054
Topic #6,u'protects', 0.00030271542037315762
Topic #6,u'sanitize', 0.00029432338810216963
Topic #6,u'manner', 0.00026348960891385618
Topic #6,u'adequate_clean', 0.00025523711980871661
Topic #6,u'inspect', 0.00022528967652840807
Topic #6,u'intermediate', 0.00016087072652845591
Topic #6,u'moisture_food', 0.00016087072652845591
Topic #6,u'dry', 0.00014762446895966186
Topic #6,u'utensil', 0.00011397106219545848
Topic #3,u'suitable', 0.00037310363387675556
Topic #3,u'ingredient', 0.00033017364563579901
Topic #3,u'fill', 0.00025571045737288195
Topic #3,u'condition', 0.00021394118888806555
Topic #3,u'package_materials', 0.00020030558612726138
Topic #3,u'storage', 0.00016956796363636105
Topic #3,u'assemble', 0.00016116089993458197
Topic #3,u'blanch_food', 0.00010874353000366374
Topic #3,u'wash_prior', 0.00010874353000366374
Topic #3,u'whip', 0.00010874349413533919
Topic #8,u'limit', 0.0003071477732692844
Topic #8,u'work', 0.00013612649672795112
Topic #8,u'trim', 0.00010895247374025424
Topic #8,u'bread', 0.00010895247373592516
Topic #8,u'trap', 0.00010895247373443052
Topic #8,u'extraneous', 5.344461426270703e-05
Topic #8,u'ingredient', 1.4236234637494764e-05
Topic #8,u'raw_material', 1.4236232685945799e-05
Topic #8,u'reasonable_possibility', 1.4221495648647932e-05
Topic #8,u'drain', 1.4221340369709824e-05
Topic #4,u'equipment', 0.00030077960366007455
Topic #4,u'refuse', 0.00013612000633214194
Topic #4,u'sauce', 0.00010894727039148396
Topic #4,u'unprotected', 7.5170329482265215e-05
Topic #4,u'flow_rate', 7.5170312502504533e-05
Topic #4,u'apart', 5.3435821757300003e-05
Topic #4,u'thorough_clean', 5.3435821698858098e-05
Topic #4,u'pest', 5.3432212799922228e-05
Topic #4,u'rework_susceptible', 5.3432212677006099e-05
Topic #4,u'segregate', 1.8185635238040592e-05
