TopicNo,Topic Words,Probability Score
Topic #9,u'microbial_contamination', 0.00031581317710158
Topic #9,u'container', 0.00031581317710158
Topic #9,u'well', 0.00031581317710158
Topic #9,u'deterioration', 0.00031581317710158
Topic #9,u'food', 0.00031581317710158
Topic #9,u'chemical', 1.4210384747343356e-05
Topic #9,u'warehouse', 1.4210376457268139e-05
Topic #9,u'distribution', 1.4210376457268139e-05
Topic #9,u'storage', 1.4210375565230316e-05
Topic #9,u'protect_food', 1.4210375565230316e-05
Topic #4,u'chemical', 0.00022007654595596445
Topic #4,u'distribution', 0.00010991929430441289
Topic #4,u'warehouse', 0.00010991929430441289
Topic #4,u'microbial_contamination', 1.4226185314827019e-05
Topic #4,u'well', 1.4226185314827019e-05
Topic #4,u'deterioration', 1.4226185314827019e-05
Topic #4,u'container', 1.4226185314827019e-05
Topic #4,u'food', 1.4226185314827019e-05
Topic #4,u'finish_food', 1.4226183968437915e-05
Topic #4,u'physical', 1.4226183968437915e-05
Topic #3,u'condition', 0.00015450559334385317
Topic #3,u'physical', 0.00015450559334385317
Topic #3,u'storage', 0.00015450559334385317
Topic #3,u'protect_food', 0.00015450559334385317
Topic #3,u'transportation', 0.00015450559334385317
Topic #3,u'finish_food', 0.00015450559334385317
Topic #3,u'chemical', 1.4219867398912452e-05
Topic #3,u'food', 1.4219859576373666e-05
Topic #3,u'deterioration', 1.4219859576373666e-05
Topic #3,u'well', 1.4219859576373666e-05
Topic #10,u'chemical', 1.423184658721713e-05
Topic #10,u'microbial_contamination', 1.4231838722983306e-05
Topic #10,u'container', 1.4231838722983306e-05
Topic #10,u'well', 1.4231838722983306e-05
Topic #10,u'deterioration', 1.4231838722983306e-05
Topic #10,u'food', 1.4231838722983306e-05
Topic #10,u'warehouse', 1.4231838269134874e-05
Topic #10,u'distribution', 1.4231838269134874e-05
Topic #10,u'storage', 1.4231837375386369e-05
Topic #10,u'protect_food', 1.4231837375386369e-05
Topic #7,u'chemical', 1.4231846572741897e-05
Topic #7,u'microbial_contamination', 1.4231838722983512e-05
Topic #7,u'container', 1.4231838722983512e-05
Topic #7,u'well', 1.4231838722983512e-05
Topic #7,u'deterioration', 1.4231838722983512e-05
Topic #7,u'food', 1.4231838722983512e-05
Topic #7,u'warehouse', 1.4231838269137933e-05
Topic #7,u'distribution', 1.4231838269137933e-05
Topic #7,u'storage', 1.4231837375386574e-05
Topic #7,u'protect_food', 1.4231837375386574e-05
Topic #8,u'chemical', 1.4231846572319241e-05
Topic #8,u'microbial_contamination', 1.4231838722983506e-05
Topic #8,u'container', 1.4231838722983506e-05
Topic #8,u'well', 1.4231838722983506e-05
Topic #8,u'deterioration', 1.4231838722983506e-05
Topic #8,u'food', 1.4231838722983506e-05
Topic #8,u'warehouse', 1.4231838269135077e-05
Topic #8,u'distribution', 1.4231838269135077e-05
Topic #8,u'storage', 1.4231837375522046e-05
Topic #8,u'protect_food', 1.4231837375522046e-05
Topic #2,u'chemical', 1.4231846572319003e-05
Topic #2,u'microbial_contamination', 1.4231838722983517e-05
Topic #2,u'container', 1.4231838722983517e-05
Topic #2,u'well', 1.4231838722983517e-05
Topic #2,u'deterioration', 1.4231838722983517e-05
Topic #2,u'food', 1.4231838722983517e-05
Topic #2,u'warehouse', 1.4231838269135085e-05
Topic #2,u'distribution', 1.4231838269135085e-05
Topic #2,u'storage', 1.423183737538658e-05
Topic #2,u'protect_food', 1.423183737538658e-05
Topic #6,u'chemical', 1.4231846572318967e-05
Topic #6,u'microbial_contamination', 1.4231838723312456e-05
Topic #6,u'container', 1.4231838723312456e-05
Topic #6,u'well', 1.4231838723312456e-05
Topic #6,u'deterioration', 1.4231838723312456e-05
Topic #6,u'food', 1.4231838723312456e-05
Topic #6,u'warehouse', 1.4231838269138018e-05
Topic #6,u'distribution', 1.4231838269138018e-05
Topic #6,u'storage', 1.4231837375386557e-05
Topic #6,u'protect_food', 1.4231837375386557e-05
Topic #5,u'chemical', 1.4231846572318896e-05
Topic #5,u'microbial_contamination', 1.4231838722983517e-05
Topic #5,u'container', 1.4231838722983517e-05
Topic #5,u'well', 1.4231838722983517e-05
Topic #5,u'deterioration', 1.4231838722983517e-05
Topic #5,u'food', 1.4231838722983517e-05
Topic #5,u'warehouse', 1.4231838269135085e-05
Topic #5,u'distribution', 1.4231838269135085e-05
Topic #5,u'storage', 1.423183737538658e-05
Topic #5,u'protect_food', 1.423183737538658e-05
Topic #1,u'chemical', 1.4231846572318879e-05
Topic #1,u'microbial_contamination', 1.4231838722983517e-05
Topic #1,u'container', 1.4231838722983517e-05
Topic #1,u'well', 1.4231838722983517e-05
Topic #1,u'deterioration', 1.4231838722983517e-05
Topic #1,u'food', 1.4231838722983517e-05
Topic #1,u'warehouse', 1.4231838269140322e-05
Topic #1,u'distribution', 1.4231838269140322e-05
Topic #1,u'storage', 1.423183737538658e-05
Topic #1,u'protect_food', 1.423183737538658e-05
