TopicNo,Topic Words,Probability Score
Topic #3,u'food', 0.0038532902822701722
Topic #3,u'equipment', 0.0010074560178787082
Topic #3,u'contact', 0.00017126649406822562
Topic #3,u'regulate', 0.00016275369356551193
Topic #3,u'kept', 0.00010974808619854282
Topic #3,u'come', 0.00010974808619854282
Topic #3,u'clean_condition', 0.00010974808619854282
Topic #3,u'handle', 0.00010974808619854282
Topic #3,u'construct', 0.00010974808619854282
Topic #3,u'area', 0.00010974808619854282
Topic #6,u'contact_surfaces', 0.0031744173070279822
Topic #6,u'contaminate', 0.0030524816919607449
Topic #6,u'treat', 0.002566756706151889
Topic #6,u'way', 0.002566756706151889
Topic #6,u'equipment', 0.0022585441637638344
Topic #6,u'maintain', 0.00027000477966223225
Topic #6,u'instal', 0.00020058350371405045
Topic #6,u'acidity', 0.00016134097511044882
Topic #6,u'within', 0.00015682692440372335
Topic #6,u'temperature_accurately', 0.00015682692440372335
Topic #8,u'indirect_food_additive', 0.0030694277297737167
Topic #8,u'unlawful', 0.0030694277297737167
Topic #8,u'use', 0.00040569292709792618
Topic #8,u'treat', 0.00038752920424028078
Topic #8,u'way', 0.00038752920424028078
Topic #8,u'compartment', 0.00025752906829058016
Topic #8,u'fit', 0.00025751074738214762
Topic #8,u'control', 0.00016223920332930516
Topic #8,u'instrument', 0.00016223900796328702
Topic #8,u'measure', 0.00016223900796328702
Topic #1,u'temperature', 0.00040828407528277385
Topic #1,u'growth', 0.00025919165709094191
Topic #1,u'manual_operation', 0.00016212404800488995
Topic #1,u'automatic', 0.00016212404800488995
Topic #1,u'alarm_system', 0.00016212404800488995
Topic #1,u'indicate', 0.00016212404800488995
Topic #1,u'significant', 0.00016212404800488995
Topic #1,u'change', 0.00016212404800488995
Topic #1,u'automatic_control', 0.00016212404800488995
Topic #1,u'regulate_temperature', 0.00016212404800488995
Topic #9,u'design', 0.00025193075213949802
Topic #9,u'measure_device', 0.00016373677633548341
Topic #9,u'material', 5.4049447312538393e-05
Topic #9,u'adequately_cleanable', 5.404944727447713e-05
Topic #9,u'plant_equipment', 5.4049447214033279e-05
Topic #9,u'workmanship', 5.4049447017453019e-05
Topic #9,u'utensil', 5.4048806872357802e-05
Topic #9,u'sanitary_condition', 2.4198116941870929e-05
Topic #9,u'appropriate', 2.4198116941870929e-05
Topic #9,u'enables', 2.4198116941870929e-05
Topic #2,u'water_activity', 0.00016380828214466862
Topic #2,u'fuel', 5.4073037882310104e-05
Topic #2,u'way', 1.4229152271235247e-05
Topic #2,u'treat', 1.4229152271235247e-05
Topic #2,u'regulate', 1.4229149417555008e-05
Topic #2,u'acidity', 1.4229149399671712e-05
Topic #2,u'measure_device', 1.4229149376451918e-05
Topic #2,u'record_temperature', 1.4229149369129602e-05
Topic #2,u'close', 1.4229146166586251e-05
Topic #2,u'include_gravimetric', 1.4229146139840608e-05
Topic #7,u'designate', 0.00016370989238334783
Topic #7,u'adequate', 0.00016370989238334783
Topic #7,u'number', 0.00016370989238334783
Topic #7,u'record_temperature', 0.00016370983457665797
Topic #7,u'automate_systems', 0.00011039278708062847
Topic #7,u'pneumatic', 0.00011039278707583292
Topic #7,u'treat', 1.4220600646376442e-05
Topic #7,u'way', 1.4220600646376442e-05
Topic #7,u'regulate', 1.4220597802921927e-05
Topic #7,u'acidity', 1.4220597785053594e-05
Topic #5,u'construction', 0.00015025313411211154
Topic #5,u'hold', 0.00011042383054008368
Topic #5,u'enables', 9.33080183984021e-05
Topic #5,u'sanitary_condition', 9.33080183984021e-05
Topic #5,u'appropriate', 9.33080183984021e-05
Topic #5,u'contaminant', 5.4055737949810305e-05
Topic #5,u'design', 1.422730099968634e-05
Topic #5,u'maintain', 1.4227181106416974e-05
Topic #5,u'way', 1.4224599621243965e-05
Topic #5,u'treat', 1.4224599621243965e-05
Topic #4,u'convey', 0.00011046506204764172
Topic #4,u'properly_maintained', 5.407592107752183e-05
Topic #4,u'utensil', 1.4245049085008259e-05
Topic #4,u'equipment', 1.4245041888852021e-05
Topic #4,u'way', 1.4229910994524671e-05
Topic #4,u'treat', 1.4229910994524671e-05
Topic #4,u'regulate', 1.4229908136158032e-05
Topic #4,u'acidity', 1.4229908118778769e-05
Topic #4,u'measure_device', 1.4229908095067962e-05
Topic #4,u'record_temperature', 1.4229908086941062e-05
Topic #10,u'include_gravimetric', 0.0001104626265646345
Topic #10,u'corrosion', 7.6114545409849117e-05
Topic #10,u'contact_surfaces', 1.4267434481987903e-05
Topic #10,u'treat', 1.4229597265586762e-05
Topic #10,u'way', 1.4229597265586762e-05
Topic #10,u'regulate', 1.4229594403153812e-05
Topic #10,u'acidity', 1.4229594385331997e-05
Topic #10,u'measure_device', 1.4229594362068452e-05
Topic #10,u'record_temperature', 1.4229594353942109e-05
Topic #10,u'water_activity', 1.4229594349202252e-05
