TopicNo,Topic Words,Probability Score
Topic #2,u'fda', 0.00026000018473975548
Topic #2,u'prepare', 1.4228364066082987e-05
Topic #2,u'act', 1.4228364036498618e-05
Topic #2,u'ordinarily_clean', 1.4228364035459726e-05
Topic #2,u'treat', 1.4228364035359152e-05
Topic #2,u'define', 1.4228352104431029e-05
Topic #2,u'storage', 1.4228352103565952e-05
Topic #2,u'market', 1.4228349663929196e-05
Topic #2,u'otherwise_process', 1.4228349663929196e-05
Topic #2,u'consume_public', 1.4228349663929196e-05
Topic #7,u'market', 0.00025976781913299391
Topic #7,u'otherwise_process', 0.00025976781913299391
Topic #7,u'consume_public', 0.00025976781913299391
Topic #7,u'distribution', 0.00011514850520394346
Topic #7,u'one', 0.00011514850520394346
Topic #7,u'agricultural_commodity', 0.00011514850520394346
Topic #7,u'raw', 0.00011514850520394346
Topic #7,u'fda', 1.4215650031416457e-05
Topic #7,u'prepare', 1.4215631969042453e-05
Topic #7,u'act', 1.4215631939532104e-05
Topic #4,u'issue', 0.00025964782222617306
Topic #4,u'necessary', 0.00025964782222617306
Topic #4,u'regulation', 0.00025964782222617306
Topic #4,u'special', 0.00025964782222617306
Topic #4,u'exclude_operation', 0.00025964782222617306
Topic #4,u'cover', 0.00025964782222617306
Topic #4,u'follow_operation', 7.8892845678493599e-05
Topic #4,u'subject', 7.8892844132429378e-05
Topic #4,u'fda', 1.4209080446312469e-05
Topic #4,u'prepare', 1.4209062400562388e-05
Topic #1,u'treat', 0.00017180957148901614
Topic #1,u'fda', 1.4229637255883237e-05
Topic #1,u'prepare', 1.4229619200356889e-05
Topic #1,u'act', 1.4229619170770116e-05
Topic #1,u'ordinarily_clean', 1.4229619169741122e-05
Topic #1,u'define', 1.4229607237661445e-05
Topic #1,u'storage', 1.4229607237284573e-05
Topic #1,u'otherwise_process', 1.4229604789817709e-05
Topic #1,u'market', 1.4229604789817709e-05
Topic #1,u'consume_public', 1.4229604789817709e-05
Topic #9,u'ordinarily_clean', 0.00017178250200926325
Topic #9,u'act', 0.00017178250196398821
Topic #9,u'fda', 1.4227395289493581e-05
Topic #9,u'prepare', 1.4227377250873013e-05
Topic #9,u'treat', 1.4227377220157211e-05
Topic #9,u'define', 1.422736529004895e-05
Topic #9,u'storage', 1.4227365289182897e-05
Topic #9,u'market', 1.422736283919187e-05
Topic #9,u'otherwise_process', 1.422736283919187e-05
Topic #9,u'consume_public', 1.422736283919187e-05
Topic #3,u'prepare', 0.00017175751204241113
Topic #3,u'establishment', 0.00011522687020343378
Topic #3,u'harvest', 0.00011522687020343378
Topic #3,u'engage_solely', 0.00011522687020343378
Topic #3,u'fda', 1.4225325586068099e-05
Topic #3,u'act', 1.4225307498563469e-05
Topic #3,u'ordinarily_clean', 1.4225307497548747e-05
Topic #3,u'treat', 1.4225307497425707e-05
Topic #3,u'define', 1.4225295628947133e-05
Topic #3,u'storage', 1.4225295598016535e-05
Topic #10,u'storage', 0.0001152682236560312
Topic #10,u'fda', 1.4230442079391077e-05
Topic #10,u'prepare', 1.4230423890369372e-05
Topic #10,u'act', 1.4230423860788588e-05
Topic #10,u'ordinarily_clean', 1.4230423859752326e-05
Topic #10,u'treat', 1.423042385964953e-05
Topic #10,u'define', 1.4230411936961116e-05
Topic #10,u'market', 1.4230409490638054e-05
Topic #10,u'otherwise_process', 1.4230409490638054e-05
Topic #10,u'consume_public', 1.4230409490638054e-05
Topic #6,u'define', 0.00011526822361814463
Topic #6,u'fda', 1.4230441963613713e-05
Topic #6,u'act', 1.4230423900599485e-05
Topic #6,u'prepare', 1.4230423890360686e-05
Topic #6,u'ordinarily_clean', 1.4230423859749468e-05
Topic #6,u'treat', 1.4230423859639821e-05
Topic #6,u'storage', 1.4230411936079763e-05
Topic #6,u'otherwise_process', 1.4230409493577006e-05
Topic #6,u'market', 1.4230409493577006e-05
Topic #6,u'consume_public', 1.4230409493577006e-05
Topic #5,u'exclusion', 7.9014289341943091e-05
Topic #5,u'fda', 1.4230957936739463e-05
Topic #5,u'prepare', 1.4230939891269253e-05
Topic #5,u'ordinarily_clean', 1.4230939837295681e-05
Topic #5,u'treat', 1.4230939836951881e-05
Topic #5,u'act', 1.4230939834779958e-05
Topic #5,u'define', 1.4230927897582066e-05
Topic #5,u'storage', 1.4230927896596413e-05
Topic #5,u'otherwise_process', 1.4230925463767867e-05
Topic #5,u'consume_public', 1.4230925463767867e-05
Topic #8,u'fda', 1.4231879929003796e-05
Topic #8,u'prepare', 1.4231861856559249e-05
Topic #8,u'act', 1.4231861826964726e-05
Topic #8,u'ordinarily_clean', 1.4231861825951134e-05
Topic #8,u'treat', 1.4231861825831365e-05
Topic #8,u'define', 1.4231849891977888e-05
Topic #8,u'storage', 1.4231849891112005e-05
Topic #8,u'market', 1.4231847447205053e-05
Topic #8,u'otherwise_process', 1.4231847447205053e-05
Topic #8,u'consume_public', 1.4231847447205053e-05
