TopicNo,Topic Words,Probability Score
Topic #7,u'receive_product', 0.001583119670492138
Topic #7,u'unique_shipment', 0.00061351309040002329
Topic #7,u'package', 0.00054022200143143118
Topic #7,u'dietary_supplement', 0.00054018326375937216
Topic #7,u'unique_lot', 0.00051413073121618223
Topic #7,u'within', 0.00051413073121618223
Topic #7,u'product', 0.00032192620234415743
Topic #7,u'labeling', 0.00029577348721595632
Topic #7,u'whenever', 0.00025776482575041841
Topic #7,u'disposition', 0.00025776482575041841
Topic #1,u'quarantine', 0.0005180772336279214
Topic #1,u'label', 0.00032441582400605571
Topic #1,u'reject', 0.00025975457334292902
Topic #1,u'appropriate', 7.8925395441392841e-05
Topic #1,u'content', 7.8925393094431511e-05
Topic #1,u'receive_product', 1.4758808302304011e-05
Topic #1,u'distribute', 1.4443167352359334e-05
Topic #1,u'quality_control', 1.4348056052139468e-05
Topic #1,u'release', 1.4348053797409501e-05
Topic #1,u'personnel_approve', 1.4348053797409501e-05
Topic #4,u'approve', 0.00041587836990807407
Topic #4,u'deterioration', 0.00035956402347883323
Topic #4,u'contamination', 0.00035956402347883323
Topic #4,u'receive_product', 0.00035884591102938241
Topic #4,u'whether', 0.00027171477379521935
Topic #4,u'determine', 0.00027171477379521935
Topic #4,u'hold', 0.00025878012537604338
Topic #4,u'condition', 0.00025878012537604338
Topic #4,u'protect', 0.00025878012537604338
Topic #4,u'quality_control', 0.00017110018747468588
Topic #6,u'supplier', 0.00040213141195195683
Topic #6,u'return', 0.00014369535260653406
Topic #6,u'distribution', 0.00014369535090039292
Topic #6,u'rather', 0.00014369534957337415
Topic #6,u'allows', 1.4306059871985428e-05
Topic #6,u'trace', 1.4306059871985428e-05
Topic #6,u'identify', 1.4306059871985428e-05
Topic #6,u'manner', 1.4306059871985428e-05
Topic #6,u'lot', 1.4306059871985428e-05
Topic #6,u'visually_examine', 1.4222526455842067e-05
Topic #5,u'visually_examine', 0.00017937147854147121
Topic #5,u'guarantee', 0.00011524906059188983
Topic #5,u'receive', 1.4669532267569383e-05
Topic #5,u'group', 1.4401501625109084e-05
Topic #5,u'immediate_container', 1.4359451821138579e-05
Topic #5,u'immediate_containers', 1.4302991281762048e-05
Topic #5,u'shipment', 1.4289243644731933e-05
Topic #5,u'dietary_supplement', 1.4286948096967297e-05
Topic #5,u'labeling', 1.4283548187750393e-05
Topic #5,u'package', 1.4280888273291055e-05
Topic #3,u'date_receive', 0.000171785988382787
Topic #3,u'requirement_apply', 7.8976310927076062e-05
Topic #3,u'product_receive', 7.8976308646815026e-05
Topic #3,u'labeling', 1.7170932458127815e-05
Topic #3,u'dietary_supplement', 1.6409767567041422e-05
Topic #3,u'package', 1.6376757451123508e-05
Topic #3,u'quality_control', 1.4391534221718818e-05
Topic #3,u'personnel_approve', 1.4391531719747727e-05
Topic #3,u'release', 1.4391531719747727e-05
Topic #3,u'avoid_mixups', 1.422768431259765e-05
Topic #9,u'invoice', 0.0001152682238313257
Topic #9,u'avoid_mixups', 1.4230442285086521e-05
Topic #9,u'reject', 1.4230442013374354e-05
Topic #9,u'date_receive', 1.423042387948589e-05
Topic #9,u'status', 1.4230416184305752e-05
Topic #9,u'guarantee', 1.4230411970127075e-05
Topic #9,u'name', 1.4230408838586865e-05
Topic #9,u'receive_product', 1.4230407009454972e-05
Topic #9,u'distribute', 1.4230405392013908e-05
Topic #9,u'unique_shipment', 1.4230404973012347e-05
Topic #10,u'container_damage', 7.9014290429599179e-05
Topic #10,u'avoid_mixups', 1.4230958258268751e-05
Topic #10,u'reject', 1.4230957986508845e-05
Topic #10,u'date_receive', 1.4230939853493591e-05
Topic #10,u'status', 1.4230932153957405e-05
Topic #10,u'guarantee', 1.4230927930627096e-05
Topic #10,u'invoice', 1.4230927896007849e-05
Topic #10,u'name', 1.4230924808585199e-05
Topic #10,u'receive_product', 1.4230922972358424e-05
Topic #10,u'distribute', 1.4230921360211654e-05
Topic #8,u'avoid_mixups', 1.4231880351833505e-05
Topic #8,u'reject', 1.4231879978781232e-05
Topic #8,u'date_receive', 1.4231861845683941e-05
Topic #8,u'status', 1.4231854142687731e-05
Topic #8,u'guarantee', 1.4231849925165954e-05
Topic #8,u'invoice', 1.4231849890523592e-05
Topic #8,u'name', 1.4231846797285468e-05
Topic #8,u'receive_product', 1.4231844965384314e-05
Topic #8,u'distribute', 1.4231843347477957e-05
Topic #8,u'unique_shipment', 1.4231842927379868e-05
Topic #2,u'avoid_mixups', 1.4231880250582936e-05
Topic #2,u'reject', 1.4231880094021789e-05
Topic #2,u'date_receive', 1.423186184622225e-05
Topic #2,u'status', 1.4231854142686138e-05
Topic #2,u'guarantee', 1.4231849925176852e-05
Topic #2,u'invoice', 1.4231849890534519e-05
Topic #2,u'name', 1.4231846797296296e-05
Topic #2,u'receive_product', 1.4231844963971575e-05
Topic #2,u'distribute', 1.4231843347488832e-05
Topic #2,u'unique_shipment', 1.4231842927310352e-05
