TopicNo,Topic Words,Probability Score
Topic #3,u'fda', 0.00069963589270001037
Topic #3,u'readily_available', 0.00063153654285346675
Topic #3,u'suitable_reader', 0.00052569800994677225
Topic #3,u'photocopy_equipment', 0.00052569800994677225
Topic #3,u'make', 0.00052569800994677225
Topic #3,u'copy', 0.00022585554106273025
Topic #3,u'record', 0.00018811639581888396
Topic #3,u'inspection', 0.00012001704485752476
Topic #3,u'retention_period', 0.00012001704485752476
Topic #3,u'request', 0.00012001704485752476
Topic #8,u'microfilm', 0.000179335013236714
Topic #8,u'reduction_technique', 1.422949569418618e-05
Topic #8,u'record_require', 1.422949005371324e-05
Topic #8,u'suitable_reader', 1.4229489983672692e-05
Topic #8,u'make', 1.4229489983672692e-05
Topic #8,u'photocopy_equipment', 1.4229489983672692e-05
Topic #8,u'copy', 1.4229488966150185e-05
Topic #8,u'inspection', 1.4229487499520241e-05
Topic #8,u'request', 1.4229487499520241e-05
Topic #8,u'retention_period', 1.4229487499520241e-05
Topic #2,u'reduction_technique', 0.00017933501322202469
Topic #2,u'microfilm', 1.4229495694135241e-05
Topic #2,u'record_require', 1.4229490053705532e-05
Topic #2,u'suitable_reader', 1.4229489983673112e-05
Topic #2,u'make', 1.4229489983673112e-05
Topic #2,u'photocopy_equipment', 1.4229489983673112e-05
Topic #2,u'copy', 1.4229488966146644e-05
Topic #2,u'inspection', 1.4229487499515266e-05
Topic #2,u'request', 1.4229487499515266e-05
Topic #2,u'retention_period', 1.4229487499515266e-05
Topic #9,u'microfilm', 1.4231845453600063e-05
Topic #9,u'reduction_technique', 1.4231845450512519e-05
Topic #9,u'record_require', 1.4231839809308869e-05
Topic #9,u'suitable_reader', 1.4231839739924008e-05
Topic #9,u'make', 1.4231839739924008e-05
Topic #9,u'photocopy_equipment', 1.4231839739924008e-05
Topic #9,u'copy', 1.4231838721372457e-05
Topic #9,u'inspection', 1.4231837254496729e-05
Topic #9,u'request', 1.4231837254496729e-05
Topic #9,u'retention_period', 1.4231837254496729e-05
Topic #7,u'reduction_technique', 1.4231845450516146e-05
Topic #7,u'microfilm', 1.4231845450190032e-05
Topic #7,u'record_require', 1.4231839809126954e-05
Topic #7,u'suitable_reader', 1.4231839739927872e-05
Topic #7,u'make', 1.4231839739927872e-05
Topic #7,u'photocopy_equipment', 1.4231839739927872e-05
Topic #7,u'copy', 1.4231838721351708e-05
Topic #7,u'inspection', 1.4231837254475253e-05
Topic #7,u'request', 1.4231837254475253e-05
Topic #7,u'retention_period', 1.4231837254475253e-05
Topic #4,u'reduction_technique', 1.4231845450513199e-05
Topic #4,u'microfilm', 1.4231845450190474e-05
Topic #4,u'record_require', 1.4231839809127459e-05
Topic #4,u'suitable_reader', 1.423183973992876e-05
Topic #4,u'make', 1.423183973992876e-05
Topic #4,u'photocopy_equipment', 1.423183973992876e-05
Topic #4,u'copy', 1.4231838721257305e-05
Topic #4,u'inspection', 1.4231837254380097e-05
Topic #4,u'request', 1.4231837254380097e-05
Topic #4,u'retention_period', 1.4231837254380097e-05
Topic #1,u'reduction_technique', 1.4231845450512708e-05
Topic #1,u'microfilm', 1.4231845450190254e-05
Topic #1,u'record_require', 1.4231839809127132e-05
Topic #1,u'suitable_reader', 1.4231839739927227e-05
Topic #1,u'make', 1.4231839739927227e-05
Topic #1,u'photocopy_equipment', 1.4231839739927227e-05
Topic #1,u'copy', 1.4231838721255989e-05
Topic #1,u'inspection', 1.423183725438039e-05
Topic #1,u'request', 1.423183725438039e-05
Topic #1,u'retention_period', 1.423183725438039e-05
Topic #10,u'reduction_technique', 1.4231845450512675e-05
Topic #10,u'microfilm', 1.4231845450190488e-05
Topic #10,u'record_require', 1.4231839809174781e-05
Topic #10,u'suitable_reader', 1.4231839739935036e-05
Topic #10,u'make', 1.4231839739935036e-05
Topic #10,u'photocopy_equipment', 1.4231839739935036e-05
Topic #10,u'copy', 1.42318387212797e-05
Topic #10,u'inspection', 1.4231837254405498e-05
Topic #10,u'request', 1.4231837254405498e-05
Topic #10,u'retention_period', 1.4231837254405498e-05
Topic #6,u'reduction_technique', 1.4231845450512618e-05
Topic #6,u'microfilm', 1.4231845450190777e-05
Topic #6,u'record_require', 1.4231839809129559e-05
Topic #6,u'suitable_reader', 1.423183973992765e-05
Topic #6,u'make', 1.423183973992765e-05
Topic #6,u'photocopy_equipment', 1.423183973992765e-05
Topic #6,u'copy', 1.4231838721254994e-05
Topic #6,u'inspection', 1.4231837254381281e-05
Topic #6,u'request', 1.4231837254381281e-05
Topic #6,u'retention_period', 1.4231837254381281e-05
Topic #5,u'reduction_technique', 1.4231845450512609e-05
Topic #5,u'microfilm', 1.4231845450190259e-05
Topic #5,u'record_require', 1.423183980912704e-05
Topic #5,u'suitable_reader', 1.4231839739922214e-05
Topic #5,u'make', 1.4231839739922214e-05
Topic #5,u'photocopy_equipment', 1.4231839739922214e-05
Topic #5,u'copy', 1.4231838721280285e-05
Topic #5,u'inspection', 1.4231837254397163e-05
Topic #5,u'request', 1.4231837254397163e-05
Topic #5,u'retention_period', 1.4231837254397163e-05
