TopicNo,Topic Words,Probability Score
Topic #5,u'dietary_supplement', 0.00092213464904161463
Topic #5,u'return', 0.00092213464904161463
Topic #5,u'approve', 0.0006896951688138192
Topic #5,u'reprocess', 0.0005253039713814762
Topic #5,u'destroy', 0.00018797539365649938
Topic #5,u'disposition_decision', 0.0001785590773855617
Topic #5,u'follow', 0.0001785590773855617
Topic #5,u'quality_control', 0.0001785590773855617
Topic #5,u'material_review', 0.0001785590773855617
Topic #5,u'outcome', 0.0001785590773855617
Topic #2,u'suitably', 0.00018872465206037122
Topic #2,u'otherwise', 0.00018872465206037122
Topic #2,u'dispose', 0.00018872465206037122
Topic #2,u'reprocess', 1.4224390225478758e-05
Topic #2,u'salvage', 1.4224387491267224e-05
Topic #2,u'redistribution', 1.4224387491267224e-05
Topic #2,u'approve', 1.4224387205382869e-05
Topic #2,u'quality_control', 1.422438699870862e-05
Topic #2,u'material_review', 1.422438699870862e-05
Topic #2,u'outcome', 1.422438699870862e-05
Topic #9,u'reprocess', 1.4231840608708775e-05
Topic #9,u'salvage', 1.4231837871666838e-05
Topic #9,u'redistribution', 1.4231837871666838e-05
Topic #9,u'approve', 1.4231837585245097e-05
Topic #9,u'personnel', 1.4231837378081494e-05
Topic #9,u'outcome', 1.4231837378081494e-05
Topic #9,u'follow', 1.4231837378081494e-05
Topic #9,u'quality_control', 1.4231837378081494e-05
Topic #9,u'material_review', 1.4231837378081494e-05
Topic #9,u'disposition_decision', 1.4231837378081494e-05
Topic #10,u'reprocess', 1.4231840608708341e-05
Topic #10,u'salvage', 1.4231837871667226e-05
Topic #10,u'redistribution', 1.4231837871667226e-05
Topic #10,u'approve', 1.4231837585245485e-05
Topic #10,u'personnel', 1.4231837378085822e-05
Topic #10,u'outcome', 1.4231837378085822e-05
Topic #10,u'follow', 1.4231837378085822e-05
Topic #10,u'quality_control', 1.4231837378085822e-05
Topic #10,u'material_review', 1.4231837378085822e-05
Topic #10,u'disposition_decision', 1.4231837378085822e-05
Topic #6,u'reprocess', 1.4231840608708182e-05
Topic #6,u'salvage', 1.4231837871667143e-05
Topic #6,u'redistribution', 1.4231837871667143e-05
Topic #6,u'approve', 1.42318375852454e-05
Topic #6,u'personnel', 1.423183737811144e-05
Topic #6,u'outcome', 1.423183737811144e-05
Topic #6,u'follow', 1.423183737811144e-05
Topic #6,u'quality_control', 1.423183737811144e-05
Topic #6,u'material_review', 1.423183737811144e-05
Topic #6,u'disposition_decision', 1.423183737811144e-05
Topic #3,u'reprocess', 1.4231840608708123e-05
Topic #3,u'salvage', 1.4231837871667421e-05
Topic #3,u'redistribution', 1.4231837871667421e-05
Topic #3,u'approve', 1.4231837585245679e-05
Topic #3,u'personnel', 1.4231837378081685e-05
Topic #3,u'outcome', 1.4231837378081685e-05
Topic #3,u'follow', 1.4231837378081685e-05
Topic #3,u'quality_control', 1.4231837378081685e-05
Topic #3,u'material_review', 1.4231837378081685e-05
Topic #3,u'disposition_decision', 1.4231837378081685e-05
Topic #7,u'reprocess', 1.4231840608708033e-05
Topic #7,u'salvage', 1.4231837871667814e-05
Topic #7,u'redistribution', 1.4231837871667814e-05
Topic #7,u'approve', 1.4231837585246071e-05
Topic #7,u'personnel', 1.4231837378081107e-05
Topic #7,u'outcome', 1.4231837378081107e-05
Topic #7,u'follow', 1.4231837378081107e-05
Topic #7,u'quality_control', 1.4231837378081107e-05
Topic #7,u'material_review', 1.4231837378081107e-05
Topic #7,u'disposition_decision', 1.4231837378081107e-05
Topic #1,u'reprocess', 1.423184060870797e-05
Topic #1,u'salvage', 1.4231837871677758e-05
Topic #1,u'redistribution', 1.4231837871677758e-05
Topic #1,u'approve', 1.4231837585256015e-05
Topic #1,u'personnel', 1.4231837378080399e-05
Topic #1,u'outcome', 1.4231837378080399e-05
Topic #1,u'follow', 1.4231837378080399e-05
Topic #1,u'quality_control', 1.4231837378080399e-05
Topic #1,u'material_review', 1.4231837378080399e-05
Topic #1,u'disposition_decision', 1.4231837378080399e-05
Topic #8,u'reprocess', 1.4231840608707952e-05
Topic #8,u'salvage', 1.4231837871666759e-05
Topic #8,u'redistribution', 1.4231837871666759e-05
Topic #8,u'approve', 1.4231837585245015e-05
Topic #8,u'personnel', 1.4231837378100789e-05
Topic #8,u'outcome', 1.4231837378100789e-05
Topic #8,u'follow', 1.4231837378100789e-05
Topic #8,u'quality_control', 1.4231837378100789e-05
Topic #8,u'material_review', 1.4231837378100789e-05
Topic #8,u'disposition_decision', 1.4231837378100789e-05
Topic #4,u'reprocess', 1.4231840608707896e-05
Topic #4,u'salvage', 1.4231837871667944e-05
Topic #4,u'redistribution', 1.4231837871667944e-05
Topic #4,u'approve', 1.4231837585246203e-05
Topic #4,u'personnel', 1.4231837378165036e-05
Topic #4,u'outcome', 1.4231837378165036e-05
Topic #4,u'follow', 1.4231837378165036e-05
Topic #4,u'quality_control', 1.4231837378165036e-05
Topic #4,u'material_review', 1.4231837378165036e-05
Topic #4,u'disposition_decision', 1.4231837378165036e-05
