TopicNo,Topic Words,Probability Score
Topic #3,u'investigation', 0.0032856437044805017
Topic #3,u'perform', 0.0017120789876240263
Topic #3,u'followup_action', 0.0016498576016015325
Topic #3,u'taken', 0.0016498576016015325
Topic #3,u'finding', 0.0016498576016015325
Topic #3,u'complainant', 0.00026108884969278828
Topic #3,u'available', 0.00026108882485698581
Topic #3,u'requirement', 0.00017855387869162486
Topic #3,u'reply', 0.00016438581321296083
Topic #3,u'telephone', 0.00011077450228843375
Topic #10,u'name', 0.00017477037777972339
Topic #10,u'dietary_supplement', 0.0001747703777267293
Topic #10,u'number', 0.00011191080927505346
Topic #10,u'complaint', 0.00011191079949805557
Topic #10,u'date', 0.00011191079949805557
Topic #10,u'receive', 0.00011191079949805557
Topic #10,u'control', 0.00011191079617161071
Topic #10,u'include', 7.7075410531487267e-05
Topic #10,u'follow', 7.7075410531487267e-05
Topic #10,u'description', 7.7075408556743426e-05
Topic #9,u'known', 0.00016623357393214314
Topic #9,u'investigation', 1.4229688452959511e-05
Topic #9,u'taken', 1.4229680971295504e-05
Topic #9,u'finding', 1.4229680971295504e-05
Topic #9,u'followup_action', 1.4229680971295504e-05
Topic #9,u'lot', 1.4229678685725704e-05
Topic #9,u'batch', 1.4229678685660928e-05
Topic #9,u'address', 1.422967868561234e-05
Topic #9,u'available', 1.4229677072759999e-05
Topic #9,u'reply', 1.422967680021822e-05
Topic #8,u'complaint_include', 0.00016620835589738732
Topic #8,u'nature', 0.00016620835589738732
Topic #8,u'investigation', 1.4227525807739335e-05
Topic #8,u'known', 1.4227519300476723e-05
Topic #8,u'taken', 1.4227518329423261e-05
Topic #8,u'finding', 1.4227518329423261e-05
Topic #8,u'followup_action', 1.4227518329423261e-05
Topic #8,u'batch', 1.4227516046445758e-05
Topic #8,u'lot', 1.422751604624966e-05
Topic #8,u'address', 1.4227516046205691e-05
Topic #6,u'product', 0.00016614564130260114
Topic #6,u'use', 0.00016614564130260114
Topic #6,u'written_record', 7.710975818013995e-05
Topic #6,u'product_complaint', 7.710975818013995e-05
Topic #6,u'good', 7.7109572780035204e-05
Topic #6,u'manufacture_practice', 7.7109572780035204e-05
Topic #6,u'relate', 7.7109572780035204e-05
Topic #6,u'every', 7.7109572780035204e-05
Topic #6,u'investigation', 1.4222157399261568e-05
Topic #6,u'known', 1.4222150893791006e-05
Topic #1,u'address', 0.00011202571934821225
Topic #1,u'investigation', 1.4230459943926322e-05
Topic #1,u'known', 1.4230453426592674e-05
Topic #1,u'taken', 1.4230452460921343e-05
Topic #1,u'finding', 1.4230452460921343e-05
Topic #1,u'followup_action', 1.4230452460921343e-05
Topic #1,u'batch', 1.4230450174264112e-05
Topic #1,u'lot', 1.4230450174259553e-05
Topic #1,u'available', 1.4230448561207356e-05
Topic #1,u'reply', 1.4230448287654461e-05
Topic #5,u'lot', 0.00011201476483479476
Topic #5,u'batch', 0.00011201476483463164
Topic #5,u'investigation', 1.4229068405774023e-05
Topic #5,u'known', 1.422906188901431e-05
Topic #5,u'followup_action', 1.4229060924777576e-05
Topic #5,u'taken', 1.4229060924777576e-05
Topic #5,u'finding', 1.4229060924777576e-05
Topic #5,u'address', 1.4229058639516159e-05
Topic #5,u'available', 1.4229057026703079e-05
Topic #5,u'reply', 1.4229056752165781e-05
Topic #2,u'time', 7.7139920904913532e-05
Topic #2,u'performance', 7.7139920904913532e-05
Topic #2,u'keep', 5.4712308774081289e-05
Topic #2,u'make', 5.4712308587040212e-05
Topic #2,u'accordance', 5.4712044338638325e-05
Topic #2,u'record_require', 5.471204399170473e-05
Topic #2,u'investigation', 1.4227756361909903e-05
Topic #2,u'known', 1.4227749845068546e-05
Topic #2,u'followup_action', 1.4227748881464375e-05
Topic #2,u'taken', 1.4227748881464375e-05
Topic #7,u'follow_record', 5.4721143825903017e-05
Topic #7,u'make', 5.4721028325428856e-05
Topic #7,u'keep', 5.4721027941781233e-05
Topic #7,u'investigation', 1.423012296869798e-05
Topic #7,u'known', 1.4230116465110047e-05
Topic #7,u'taken', 1.4230115485402771e-05
Topic #7,u'finding', 1.4230115485402771e-05
Topic #7,u'followup_action', 1.4230115485402771e-05
Topic #7,u'address', 1.4230113196921682e-05
Topic #7,u'batch', 1.4230113195776424e-05
Topic #4,u'investigation', 1.4231851754344913e-05
Topic #4,u'known', 1.4231845236356959e-05
Topic #4,u'followup_action', 1.4231844269300072e-05
Topic #4,u'taken', 1.4231844269300072e-05
Topic #4,u'finding', 1.4231844269300072e-05
Topic #4,u'batch', 1.4231841981167318e-05
Topic #4,u'lot', 1.4231841981162759e-05
Topic #4,u'address', 1.4231841981118712e-05
Topic #4,u'available', 1.4231840367915358e-05
Topic #4,u'reply', 1.4231840095347505e-05
