TopicNo,Topic Words,Probability Score
Topic #5,u'keep', 0.00066080566159778761
Topic #5,u'make', 0.00066080566159778761
Topic #5,u'record', 0.00045543923739092975
Topic #5,u'manufacture_operation', 0.00031542108867952838
Topic #5,u'written_procedures', 0.00031542108867952838
Topic #5,u'accordance', 0.00021955914007542237
Topic #5,u'record_require', 0.00021955914007542237
Topic #5,u'clinical_endpoint', 1.4192732343390128e-05
Topic #5,u'electronic_format_provide', 1.4192732343390128e-05
Topic #5,u'official_business', 1.4192732343390128e-05
Topic #1,u'written_procedures', 1.4231838724752129e-05
Topic #1,u'manufacture_operation', 1.4231838724752129e-05
Topic #1,u'accordance', 1.4231838420200382e-05
Topic #1,u'record_require', 1.4231838420200382e-05
Topic #1,u'record', 1.4231837773953014e-05
Topic #1,u'make', 1.423183774022228e-05
Topic #1,u'keep', 1.423183774022228e-05
Topic #1,u'electronic_format_provide', 1.4231836618356e-05
Topic #1,u'official_business', 1.4231836618356e-05
Topic #1,u'clinical_endpoint', 1.4231836618356e-05
Topic #2,u'written_procedures', 1.4231838724728334e-05
Topic #2,u'manufacture_operation', 1.4231838724728334e-05
Topic #2,u'accordance', 1.4231838420152852e-05
Topic #2,u'record_require', 1.4231838420152852e-05
Topic #2,u'record', 1.4231837773953016e-05
Topic #2,u'make', 1.4231837740222282e-05
Topic #2,u'keep', 1.4231837740222282e-05
Topic #2,u'electronic_format_provide', 1.4231836618356001e-05
Topic #2,u'official_business', 1.4231836618356001e-05
Topic #2,u'clinical_endpoint', 1.4231836618356001e-05
Topic #6,u'written_procedures', 1.4231838724726006e-05
Topic #6,u'manufacture_operation', 1.4231838724726006e-05
Topic #6,u'accordance', 1.4231838420196269e-05
Topic #6,u'record_require', 1.4231838420196269e-05
Topic #6,u'record', 1.4231837773953014e-05
Topic #6,u'make', 1.423183774022228e-05
Topic #6,u'keep', 1.423183774022228e-05
Topic #6,u'electronic_format_provide', 1.4231836618356e-05
Topic #6,u'official_business', 1.4231836618356e-05
Topic #6,u'clinical_endpoint', 1.4231836618356e-05
Topic #4,u'written_procedures', 1.4231838724725261e-05
Topic #4,u'manufacture_operation', 1.4231838724725261e-05
Topic #4,u'accordance', 1.4231838420134973e-05
Topic #4,u'record_require', 1.4231838420134973e-05
Topic #4,u'record', 1.4231837773964829e-05
Topic #4,u'make', 1.4231837740234094e-05
Topic #4,u'keep', 1.4231837740234094e-05
Topic #4,u'electronic_format_provide', 1.4231836618356001e-05
Topic #4,u'official_business', 1.4231836618356001e-05
Topic #4,u'clinical_endpoint', 1.4231836618356001e-05
Topic #10,u'written_procedures', 1.4231838724721614e-05
Topic #10,u'manufacture_operation', 1.4231838724721614e-05
Topic #10,u'accordance', 1.4231838420476932e-05
Topic #10,u'record_require', 1.4231838420476932e-05
Topic #10,u'record', 1.4231837773953007e-05
Topic #10,u'make', 1.4231837740222277e-05
Topic #10,u'keep', 1.4231837740222277e-05
Topic #10,u'electronic_format_provide', 1.4231836618355991e-05
Topic #10,u'official_business', 1.4231836618355991e-05
Topic #10,u'clinical_endpoint', 1.4231836618355991e-05
Topic #8,u'written_procedures', 1.4231838724718617e-05
Topic #8,u'manufacture_operation', 1.4231838724718617e-05
Topic #8,u'accordance', 1.4231838420210664e-05
Topic #8,u'record_require', 1.4231838420210664e-05
Topic #8,u'record', 1.4231837773953014e-05
Topic #8,u'make', 1.423183774022228e-05
Topic #8,u'keep', 1.423183774022228e-05
Topic #8,u'electronic_format_provide', 1.4231836618356e-05
Topic #8,u'official_business', 1.4231836618356e-05
Topic #8,u'clinical_endpoint', 1.4231836618356e-05
Topic #3,u'written_procedures', 1.4231838724717335e-05
Topic #3,u'manufacture_operation', 1.4231838724717335e-05
Topic #3,u'accordance', 1.4231838420174257e-05
Topic #3,u'record_require', 1.4231838420174257e-05
Topic #3,u'record', 1.4231837773953016e-05
Topic #3,u'make', 1.4231837740222282e-05
Topic #3,u'keep', 1.4231837740222282e-05
Topic #3,u'electronic_format_provide', 1.4231836618356001e-05
Topic #3,u'official_business', 1.4231836618356001e-05
Topic #3,u'clinical_endpoint', 1.4231836618356001e-05
Topic #7,u'written_procedures', 1.423183872471693e-05
Topic #7,u'manufacture_operation', 1.423183872471693e-05
Topic #7,u'accordance', 1.4231838420158419e-05
Topic #7,u'record_require', 1.4231838420158419e-05
Topic #7,u'record', 1.4231837773953016e-05
Topic #7,u'make', 1.4231837740222282e-05
Topic #7,u'keep', 1.4231837740222282e-05
Topic #7,u'electronic_format_provide', 1.4231836618356001e-05
Topic #7,u'official_business', 1.4231836618356001e-05
Topic #7,u'clinical_endpoint', 1.4231836618356001e-05
Topic #9,u'written_procedures', 1.4231838724715493e-05
Topic #9,u'manufacture_operation', 1.4231838724715493e-05
Topic #9,u'accordance', 1.4231838420140267e-05
Topic #9,u'record_require', 1.4231838420140267e-05
Topic #9,u'record', 1.4231837773953016e-05
Topic #9,u'make', 1.4231837740222282e-05
Topic #9,u'keep', 1.4231837740222282e-05
Topic #9,u'electronic_format_provide', 1.4231836618356001e-05
Topic #9,u'official_business', 1.4231836618356001e-05
Topic #9,u'clinical_endpoint', 1.4231836618356001e-05
