TopicNo,Topic Words,Probability Score
Topic #3,u'necessary', 0.0076901268587676267
Topic #3,u'area', 0.00087601560227877021
Topic #3,u'material', 0.00049046728415389287
Topic #3,u'like', 0.00045154121686448114
Topic #3,u'equipment', 0.00042819858354811052
Topic #3,u'pest', 0.00030576115230648512
Topic #3,u'placement', 0.00030575504614370241
Topic #3,u'contaminate_component', 0.00019689442747938116
Topic #3,u'separate', 0.00017364254186653038
Topic #3,u'light_bulb', 0.0001598964360346602
Topic #4,u'dietary_supplement', 0.0016575230285523297
Topic #4,u'component', 0.00057349540227305431
Topic #4,u'hold', 0.0003498879559818796
Topic #4,u'protection', 0.00030807597684937455
Topic #4,u'manufacture', 0.00027501595327533826
Topic #4,u'use', 0.00023042312490740397
Topic #4,u'type', 0.0002220026855077504
Topic #4,u'blow_equipment', 0.00020322471588526757
Topic #4,u'extraneous_material', 0.00020030201502033003
Topic #4,u'include', 0.00016956692385590222
Topic #10,u'contact_surfaces', 0.00075578698113075514
Topic #10,u'clean', 0.00030151926488423427
Topic #10,u'perform', 0.00017022184699883714
Topic #10,u'personal_contact', 0.00010916024437530377
Topic #10,u'clothe', 0.00010916024437530377
Topic #10,u'leakage', 0.00010916024437530187
Topic #10,u'drip', 0.00010916024437530187
Topic #10,u'duct', 0.0001091602083160245
Topic #10,u'sanitize', 7.5301159098647738e-05
Topic #10,u'laboratory', 7.5296363974736586e-05
Topic #6,u'glass', 0.00060433104057819374
Topic #6,u'skylight', 0.00016180014348490503
Topic #6,u'provide_adequate', 0.00016179508936923893
Topic #6,u'light', 0.00016179508936923893
Topic #6,u'example', 0.00016179504346450265
Topic #6,u'environmental_control_equipment', 0.00010915453440102658
Topic #6,u'adequate_ventilation', 0.00010915453440102658
Topic #6,u'airflow_system', 0.00010915453440102658
Topic #6,u'pipe', 0.00010915452707200039
Topic #6,u'contaminate_component', 0.00010915011535577945
Topic #7,u'package', 0.00045989018024817204
Topic #7,u'include_filter', 0.00010929169071253459
Topic #7,u'air', 0.00010928914483890544
Topic #7,u'wall', 0.00010928769533683836
Topic #7,u'label_operation', 7.5391854174871632e-05
Topic #7,u'fan', 2.4619089502520635e-05
Topic #7,u'glass', 1.4462164529688051e-05
Topic #7,u'sanitize_operation', 1.4235383122629626e-05
Topic #7,u'skylight', 1.4220423351314391e-05
Topic #7,u'protective_covering', 1.4220421260750198e-05
Topic #9,u'contamination', 0.0004424212309664541
Topic #9,u'component', 0.00035170302334416485
Topic #9,u'manner', 0.00031696945515565905
Topic #9,u'glass', 0.00030843215137178753
Topic #9,u'physical_plant', 0.00027029787526059395
Topic #9,u'protect', 0.00025601916667074515
Topic #9,u'design', 0.00024817478653794278
Topic #9,u'fan', 0.00019311626854399627
Topic #9,u'construction', 0.00018725349989410822
Topic #9,u'otherwise_construct', 0.00016129605239619476
Topic #8,u'fixture', 0.00040447852137355392
Topic #8,u'skim_equipment', 0.00016185061983831008
Topic #8,u'hand', 0.00016185061983573073
Topic #8,u'microorganism', 0.00014848216018965873
Topic #8,u'repair', 0.00010919203410054207
Topic #8,u'ceiling', 0.00010919203410054207
Topic #8,u'good', 0.00010919203410054207
Topic #8,u'adequately_clean', 0.00010919203410054207
Topic #8,u'kept_clean', 0.00010919203410054207
Topic #8,u'include_steam', 0.00010919202161016743
Topic #2,u'labeling', 0.0002150597825239655
Topic #2,u'receive', 5.3614691470811997e-05
Topic #2,u'blow_equipment', 1.4298253308385326e-05
Topic #2,u'skylight', 1.4228427592409488e-05
Topic #2,u'protective_covering', 1.4228425497345437e-05
Topic #2,u'bathroom', 1.4228425497233552e-05
Topic #2,u'safety', 1.4228425497083614e-05
Topic #2,u'hand', 1.4228425473814521e-05
Topic #2,u'skim_equipment', 1.4228425473755245e-05
Topic #2,u'example', 1.4228425465386802e-05
Topic #5,u'filth', 0.0002013864576428409
Topic #5,u'held', 0.000162023485430777
Topic #5,u'air', 0.00010931119844476381
Topic #5,u'fan', 0.00010931002226303498
Topic #5,u'pharmaceutical_product', 7.5403512454640662e-05
Topic #5,u'cosmetic', 7.5403512453578605e-05
Topic #5,u'hold', 1.4575428182599439e-05
Topic #5,u'dietary_supplement', 1.4324786724971865e-05
Topic #5,u'extraneous_material', 1.4230057260969738e-05
Topic #5,u'skylight', 1.4222625580199729e-05
Topic #1,u'process', 0.00016202404451083106
Topic #1,u'pest_infestation', 0.00016202404450465913
Topic #1,u'skylight', 0.00016201900566511552
Topic #1,u'await_disposal', 7.5403789743350369e-05
Topic #1,u'rejection', 7.5403789743350369e-05
Topic #1,u'suitable', 5.3593022078329629e-05
Topic #1,u'size', 5.35930217885944e-05
Topic #1,u'clean', 1.4237622619953273e-05
Topic #1,u'bathroom', 1.422267256556944e-05
Topic #1,u'protective_covering', 1.4222672565488796e-05
