TopicNo,Topic Words,Probability Score
Topic #10,u'train', 0.0011738017303831983
Topic #10,u'date', 0.00017289452695796101
Topic #10,u'include', 0.00017289452695796101
Topic #10,u'type', 0.00017289451500974743
Topic #10,u'fulfil', 0.000116295288885536
Topic #10,u'written_procedures', 0.000116295288885536
Topic #10,u'requirement', 0.000116295288885536
Topic #10,u'documentation', 0.00011629528148217241
Topic #10,u'person', 1.4202754803268796e-05
Topic #10,u'keep', 1.420274827466413e-05
Topic #1,u'person', 0.00017322105100511952
Topic #1,u'type', 1.4229577390815832e-05
Topic #1,u'include', 1.4229576060487507e-05
Topic #1,u'date', 1.4229576060487507e-05
Topic #1,u'documentation', 1.4229576052690168e-05
Topic #1,u'keep', 1.422957604632005e-05
Topic #1,u'make', 1.422957604632005e-05
Topic #1,u'train', 1.4229575509947751e-05
Topic #1,u'requirement', 1.4229575228346737e-05
Topic #1,u'written_procedures', 1.4229575228346737e-05
Topic #8,u'record', 8.0039671304590892e-05
Topic #8,u'make', 8.0039465963901331e-05
Topic #8,u'keep', 8.0039465963901331e-05
Topic #8,u'person', 1.4229035523669335e-05
Topic #8,u'type', 1.4229030316370513e-05
Topic #8,u'date', 1.4229028986777077e-05
Topic #8,u'include', 1.4229028986777077e-05
Topic #8,u'documentation', 1.422902897776499e-05
Topic #8,u'train', 1.4229028435536258e-05
Topic #8,u'fulfil', 1.4229028154670024e-05
Topic #4,u'follow_record', 8.0039671304481713e-05
Topic #4,u'keep', 8.003946596533958e-05
Topic #4,u'make', 8.003946596533958e-05
Topic #4,u'person', 1.4229035523669322e-05
Topic #4,u'type', 1.4229030316379773e-05
Topic #4,u'date', 1.4229028986776675e-05
Topic #4,u'include', 1.4229028986776675e-05
Topic #4,u'documentation', 1.4229028977764961e-05
Topic #4,u'train', 1.4229028435536234e-05
Topic #4,u'requirement', 1.4229028154340415e-05
Topic #6,u'keep', 8.0034821059048238e-05
Topic #6,u'make', 8.0034821059048238e-05
Topic #6,u'accordance', 8.003440606512052e-05
Topic #6,u'record_require', 8.003440606512052e-05
Topic #6,u'person', 1.4228099143997535e-05
Topic #6,u'type', 1.4228093937959255e-05
Topic #6,u'date', 1.4228092608691144e-05
Topic #6,u'include', 1.4228092608691144e-05
Topic #6,u'documentation', 1.4228092599263896e-05
Topic #6,u'train', 1.4228092057235454e-05
Topic #5,u'person', 1.4231845352947636e-05
Topic #5,u'type', 1.4231840132027702e-05
Topic #5,u'include', 1.4231838801462694e-05
Topic #5,u'date', 1.4231838801462694e-05
Topic #5,u'documentation', 1.4231838793690707e-05
Topic #5,u'keep', 1.4231838787211773e-05
Topic #5,u'make', 1.4231838787211773e-05
Topic #5,u'train', 1.4231838250860444e-05
Topic #5,u'requirement', 1.4231837969195984e-05
Topic #5,u'written_procedures', 1.4231837969195984e-05
Topic #2,u'person', 1.4231845343107708e-05
Topic #2,u'type', 1.4231840132022319e-05
Topic #2,u'include', 1.4231838801462841e-05
Topic #2,u'date', 1.4231838801462841e-05
Topic #2,u'documentation', 1.4231838793690855e-05
Topic #2,u'keep', 1.4231838787211915e-05
Topic #2,u'make', 1.4231838787211915e-05
Topic #2,u'train', 1.4231838250860585e-05
Topic #2,u'requirement', 1.4231837969196675e-05
Topic #2,u'written_procedures', 1.4231837969196675e-05
Topic #3,u'person', 1.4231845343107698e-05
Topic #3,u'type', 1.4231840132021046e-05
Topic #3,u'include', 1.4231838801463256e-05
Topic #3,u'date', 1.4231838801463256e-05
Topic #3,u'documentation', 1.4231838793690843e-05
Topic #3,u'keep', 1.4231838787275846e-05
Topic #3,u'make', 1.4231838787275846e-05
Topic #3,u'train', 1.4231838250860582e-05
Topic #3,u'requirement', 1.4231837969196172e-05
Topic #3,u'written_procedures', 1.4231837969196172e-05
Topic #7,u'person', 1.4231845343107693e-05
Topic #7,u'type', 1.423184013202269e-05
Topic #7,u'include', 1.4231838801470353e-05
Topic #7,u'date', 1.4231838801470353e-05
Topic #7,u'documentation', 1.423183879369085e-05
Topic #7,u'keep', 1.4231838787212064e-05
Topic #7,u'make', 1.4231838787212064e-05
Topic #7,u'train', 1.4231838250860587e-05
Topic #7,u'requirement', 1.423183796919607e-05
Topic #7,u'written_procedures', 1.423183796919607e-05
Topic #9,u'person', 1.4231845343107651e-05
Topic #9,u'type', 1.4231840132034755e-05
Topic #9,u'include', 1.4231838801462714e-05
Topic #9,u'date', 1.4231838801462714e-05
Topic #9,u'documentation', 1.4231838795140835e-05
Topic #9,u'keep', 1.4231838787355877e-05
Topic #9,u'make', 1.4231838787355877e-05
Topic #9,u'train', 1.4231838252310565e-05
Topic #9,u'requirement', 1.4231837969196023e-05
Topic #9,u'written_procedures', 1.4231837969196023e-05
