TopicNo,Topic Words,Probability Score
Topic #6,u'exemption', 0.00075401647083208083
Topic #6,u'provide', 0.00075401647083208083
Topic #6,u'provision', 0.00075401647083208083
Topic #6,u'information', 0.00011624760588086058
Topic #6,u'component_specification', 7.9846582538307083e-05
Topic #6,u'combination', 7.9846582538307083e-05
Topic #6,u'meet', 1.4299127384609918e-05
Topic #6,u'monitor', 1.4196932573890254e-05
Topic #6,u'process_test', 1.4196932572834869e-05
Topic #6,u'examination', 1.4196931694255493e-05
Topic #4,u'product_specification', 0.00048827119873618905
Topic #4,u'exempt', 0.00048827119873618905
Topic #4,u'meet', 0.00046995830876037027
Topic #4,u'dietary_supplement', 0.00040470186246172952
Topic #4,u'finish_batch', 0.00039564921817900029
Topic #4,u'test', 0.00033022900335346911
Topic #4,u'examine', 0.00033022900335346911
Topic #4,u'ensure', 0.00027386144855132111
Topic #4,u'specification', 0.00023760701400764889
Topic #4,u'production', 0.00017218680793090166
Topic #5,u'documentation', 0.0004851719771203272
Topic #5,u'examination', 0.00021837254760698229
Topic #5,u'fda', 0.00017294176849541308
Topic #5,u'petition_submit', 0.00017294176845106284
Topic #5,u'response', 0.00017294176845106284
Topic #5,u'appropriate_tests', 0.00011632707860211749
Topic #5,u'result', 0.00011632707860211749
Topic #5,u'product_specification_select', 0.00011632707860211749
Topic #5,u'component', 0.00011632706596172637
Topic #5,u'supplier', 9.8772254056522831e-05
Topic #2,u'keep', 0.00014119083586303799
Topic #2,u'make', 0.00014119082979436164
Topic #2,u'purity', 8.0019686364867916e-05
Topic #2,u'record_require', 5.6564391754181913e-05
Topic #2,u'accordance', 5.6564391547954178e-05
Topic #2,u'follow_record', 5.6564390731102451e-05
Topic #2,u'record', 1.4284675342154962e-05
Topic #2,u'provision', 1.4225485436449955e-05
Topic #2,u'exemption', 1.4225485436449955e-05
Topic #2,u'provide', 1.4225485436449955e-05
Topic #9,u'process_test', 0.00011652153177455992
Topic #9,u'exemption', 1.4230388444355921e-05
Topic #9,u'provide', 1.4230388444355921e-05
Topic #9,u'provision', 1.4230388444355921e-05
Topic #9,u'information', 1.4230386234944868e-05
Topic #9,u'monitor', 1.4230386228698703e-05
Topic #9,u'examination', 1.4230385345811684e-05
Topic #9,u'response', 1.4230384348427043e-05
Topic #9,u'petition_submit', 1.4230384348427043e-05
Topic #9,u'fda', 1.4230384343694489e-05
Topic #10,u'monitor', 0.00011651659687454944
Topic #10,u'specification_establish', 5.6581479121781704e-05
Topic #10,u'exemption', 1.4229785762916502e-05
Topic #10,u'provide', 1.4229785762916502e-05
Topic #10,u'provision', 1.4229785762916502e-05
Topic #10,u'information', 1.4229783552969373e-05
Topic #10,u'process_test', 1.4229783545622254e-05
Topic #10,u'examination', 1.4229782663784621e-05
Topic #10,u'response', 1.4229781667166894e-05
Topic #10,u'petition_submit', 1.4229781667166894e-05
Topic #8,u'strength', 8.0041524160711595e-05
Topic #8,u'process_specification', 8.00415241598921e-05
Topic #8,u'record', 5.652060820947853e-05
Topic #8,u'make', 1.4280766832247714e-05
Topic #8,u'keep', 1.4280761637692356e-05
Topic #8,u'exemption', 1.4229367632659878e-05
Topic #8,u'provision', 1.4229367632659878e-05
Topic #8,u'provide', 1.4229367632659878e-05
Topic #8,u'information', 1.4229365418259503e-05
Topic #8,u'monitor', 1.4229365411983535e-05
Topic #7,u'certificate', 8.0039666911284712e-05
Topic #7,u'analysis', 8.0039666911284712e-05
Topic #7,u'composition', 8.0039649816285413e-05
Topic #7,u'provision', 1.4229034415218453e-05
Topic #7,u'provide', 1.4229034415218453e-05
Topic #7,u'exemption', 1.4229034415218453e-05
Topic #7,u'information', 1.4229032200914294e-05
Topic #7,u'monitor', 1.422903219467318e-05
Topic #7,u'process_test', 1.4229032193574177e-05
Topic #7,u'examination', 1.4229031311967888e-05
Topic #3,u'examination', 1.4306928042132093e-05
Topic #3,u'exemption', 1.4231843167428175e-05
Topic #3,u'provide', 1.4231843167428175e-05
Topic #3,u'provision', 1.4231843167428175e-05
Topic #3,u'information', 1.4231840958128109e-05
Topic #3,u'process_test', 1.4231840951965594e-05
Topic #3,u'monitor', 1.4231840951519526e-05
Topic #3,u'response', 1.4231839071291585e-05
Topic #3,u'petition_submit', 1.4231839071291585e-05
Topic #3,u'fda', 1.4231839066563088e-05
Topic #1,u'exemption', 1.4231844237355727e-05
Topic #1,u'provide', 1.4231844237355727e-05
Topic #1,u'provision', 1.4231844237355727e-05
Topic #1,u'information', 1.4231842026447179e-05
Topic #1,u'monitor', 1.4231842020163783e-05
Topic #1,u'process_test', 1.4231842019097733e-05
Topic #1,u'examination', 1.4231841136958535e-05
Topic #1,u'response', 1.4231840140789421e-05
Topic #1,u'petition_submit', 1.4231840140789421e-05
Topic #1,u'fda', 1.4231840136056911e-05
