TopicNo,Topic Words,Probability Score
Topic #9,u'supervise', 0.0044516872317856291
Topic #9,u'sanitation_procedure', 0.0043063672104421647
Topic #9,u'experience', 0.0043063672104421647
Topic #9,u'develop', 0.0043063672104421647
Topic #9,u'contact_surfaces', 0.00094705627058147307
Topic #9,u'bathroom', 0.00054334444224349862
Topic #9,u'sewage', 0.00049143878530452038
Topic #9,u'hand', 0.00039802655162764737
Topic #9,u'waste', 0.0002914195836131648
Topic #9,u'convey', 0.00025266792702519357
Topic #6,u'train', 0.0043783853079751725
Topic #6,u'wash_facility', 0.00040469204998960247
Topic #6,u'water_supply', 0.00035199603277127287
Topic #6,u'run_water', 0.00016188943724496286
Topic #6,u'suitable_temperature', 0.00016188943724496286
Topic #6,u'furnish', 0.00016188943724496286
Topic #6,u'trash_disposal', 0.00016188937989768088
Topic #6,u'provide_hand', 0.00016188937988738578
Topic #6,u'ensure', 0.00015303022553486492
Topic #6,u'employee', 0.00015302820649307891
Topic #8,u'dietary_supplement', 0.0017388104221986657
Topic #8,u'maintain', 0.00028924617202738773
Topic #8,u'design', 0.00025768493892097812
Topic #8,u'physical_plant', 0.00024977117973222973
Topic #8,u'plumb', 0.00020484375327484928
Topic #8,u'clean', 0.00014898114614167449
Topic #8,u'use', 0.00012076276225239844
Topic #8,u'sanitary_condition', 0.00011499149068237618
Topic #8,u'adequate_size', 0.00010951227300767689
Topic #8,u'adequately_instal', 0.00010951227300767689
Topic #3,u'component', 0.0014782446479183861
Topic #3,u'contamination', 0.0010247730638972944
Topic #3,u'physical_plant', 0.00075191186653648923
Topic #3,u'water', 0.00048793298051969436
Topic #3,u'source', 0.00037393827365744543
Topic #3,u'become', 0.00035094274707595083
Topic #3,u'pest', 0.00032267277014629307
Topic #3,u'protect', 0.00031721772763446772
Topic #3,u'place', 0.00023992202856558422
Topic #3,u'breed', 0.00023992202838677844
Topic #4,u'adequate', 0.00056038480006149647
Topic #4,u'ground', 0.00020962210405399545
Topic #4,u'control', 0.00020214145228260086
Topic #4,u'provide_facility', 0.00016261484047815704
Topic #4,u'sewage_disposal', 0.00016261479457559927
Topic #4,u'employee', 0.0001417205150393449
Topic #4,u'prevent_contamination', 0.00012471098950599775
Topic #4,u'hazardous', 0.00012471098950599775
Topic #4,u'create', 0.00010968196882522822
Topic #4,u'unsanitary_condition', 0.00010968196882522822
Topic #5,u'contact_surface', 0.00050204832629743336
Topic #5,u'operation', 0.00017116121558701316
Topic #5,u'exclude_pest', 0.00011518973368881521
Topic #5,u'discharge_water', 0.00010971103571403499
Topic #5,u'release', 0.00010971103571403499
Topic #5,u'liquid_waste', 0.00010971103571403499
Topic #5,u'normal', 0.00010971103571403499
Topic #5,u'type_clean', 0.00010971103571403499
Topic #5,u'pressure', 0.00010971102115953287
Topic #5,u'need', 0.00010971102115953287
Topic #2,u'area', 0.00035111519421705188
Topic #2,u'floor', 0.00020515557712563358
Topic #2,u'development', 0.00016260916968592024
Topic #2,u'odor', 0.00016260916968592024
Topic #2,u'minimize', 0.00016260870059438214
Topic #2,u'subject', 0.00010967815066044339
Topic #2,u'provide_adequate', 0.00010967815066044339
Topic #2,u'drainage', 0.00010967815066044339
Topic #2,u'flood', 0.00010967815066044339
Topic #2,u'constitute', 9.2964037601041787e-05
Topic #10,u'trash', 0.00031104560198765463
Topic #10,u'store', 0.00020216000863034487
Topic #10,u'minimize', 0.00016262507298869076
Topic #10,u'potential', 0.00016262460015997968
Topic #10,u'attract', 0.00016262460015997968
Topic #10,u'harbor', 0.00016262453727999349
Topic #10,u'dispose', 0.0001626229393571983
Topic #10,u'properly', 0.00014919992370453705
Topic #10,u'pesticide', 0.00013704245503258847
Topic #10,u'plant', 0.00011517659073703848
Topic #1,u'education', 0.00016280308351113816
Topic #1,u'supervisor', 0.00016280308351113816
Topic #1,u'qualify', 0.00016280308351113816
Topic #1,u'clean_compound', 0.00013668017145154285
Topic #1,u'identify', 7.5724206318201221e-05
Topic #1,u'hold', 7.572402656220233e-05
Topic #1,u'grass', 5.379448421230474e-05
Topic #1,u'immediate_vicinity', 5.3794484169832428e-05
Topic #1,u'attract_pest', 5.3794484029704542e-05
Topic #1,u'cut_weed', 5.3794483996058177e-05
Topic #7,u'comply', 0.00010984611130059867
Topic #7,u'applicable_federal', 0.00010984611130059867
Topic #7,u'rodenticides', 0.00010984608263856993
Topic #7,u'follows', 7.5749847321483277e-05
Topic #7,u'material', 7.5749847321483277e-05
Topic #7,u'necessary', 7.5749847321483277e-05
Topic #7,u'yard', 5.3816175133876742e-05
Topic #7,u'park_lot', 5.3644817321184328e-05
Topic #7,u'constitute', 1.4510775021839208e-05
Topic #7,u'toxic_material', 1.4260313320578699e-05
