TopicNo,Topic Words,Probability Score
Topic #5,u'product', 0.0016367297733007314
Topic #5,u'determine', 0.00095497559554510926
Topic #5,u'order', 0.00082542511281224215
Topic #5,u'sufficient_assurance', 0.00082542511281224215
Topic #5,u'purchase', 0.00082542511281224215
Topic #5,u'provide', 0.00082542511281224215
Topic #5,u'adequately_identify', 0.00082542511281224215
Topic #5,u'consistent', 0.00082542511281224215
Topic #5,u'manufacture', 0.00017067906294978652
Topic #5,u'whether', 0.00012733737976178904
Topic #8,u'dietary_supplement', 0.0011900164781195942
Topic #8,u'batch', 0.00047543658902339829
Topic #8,u'identity_specification', 0.00011548942245511235
Topic #8,u'meet', 0.00011548942245511235
Topic #8,u'component', 0.00011548942245511235
Topic #8,u'product_receive', 0.0001077422742789617
Topic #8,u'labeling', 0.0001077422742789617
Topic #8,u'supplier', 0.00010774188827025477
Topic #8,u'package', 1.4203419740951865e-05
Topic #8,u'label', 1.4200228597283858e-05
Topic #4,u'distribution', 0.0010294708252046876
Topic #4,u'supplier', 0.00082759500053088077
Topic #4,u'return', 0.00082758620241559335
Topic #4,u'rather', 0.00082758620241559335
Topic #4,u'approve', 0.00036470812662776507
Topic #4,u'release', 0.00021612529600767576
Topic #4,u'finish_batch', 0.00021311675010923065
Topic #4,u'reject', 0.00018011715599746563
Topic #4,u'reprocess', 0.00018011637001274413
Topic #4,u'review', 0.00016273210016721405
Topic #1,u'package', 0.00098662125554208166
Topic #1,u'product_receive', 0.00073586971779621981
Topic #1,u'labeling', 0.00073586971779621981
Topic #1,u'supplier', 0.00073586130433931404
Topic #1,u'dietary_supplement', 1.4205803991254e-05
Topic #1,u'label', 1.4187193060516275e-05
Topic #1,u'manufacture', 1.4187193037624995e-05
Topic #1,u'act', 1.4187193025546542e-05
Topic #1,u'rather', 1.418719037249808e-05
Topic #1,u'return', 1.418719037249808e-05
Topic #7,u'include', 0.00041618304286487651
Topic #7,u'reprocess_batch', 0.0002729500771936138
Topic #7,u'accordance', 0.00024571806074083106
Topic #7,u'require', 0.00018649527723898184
Topic #7,u'product_specification_establish', 0.00018067091221088597
Topic #7,u'label', 0.00017165428110250871
Topic #7,u'meet_all', 0.00011549685391121918
Topic #7,u'manufacture_operation', 9.8067845378728278e-05
Topic #7,u'master_manufacture', 9.3844846363277116e-05
Topic #7,u'record', 9.3844846252411657e-05
Topic #3,u'act', 0.00017198480935268204
Topic #3,u'process_specification_establish', 7.9498670572230939e-05
Topic #3,u'quality_control_operations', 1.8475599271166753e-05
Topic #3,u'record', 1.8475598827958976e-05
Topic #3,u'master_manufacture', 1.8475598636881638e-05
Topic #3,u'accordance', 1.4358865156257592e-05
Topic #3,u'supplier', 1.4228490872967692e-05
Topic #3,u'label', 1.4228488089582538e-05
Topic #3,u'manufacture', 1.4228488066623983e-05
Topic #3,u'package', 1.4228485465605019e-05
Topic #6,u'condition', 0.00017194405352000502
Topic #6,u'held', 0.00017194405352000502
Topic #6,u'prevent_adulteration', 0.00017194405352000502
Topic #6,u'supplier', 1.4225114241020363e-05
Topic #6,u'label', 1.4225111465865103e-05
Topic #6,u'manufacture', 1.4225111442912561e-05
Topic #6,u'act', 1.4225111431360157e-05
Topic #6,u'package', 1.4225108842096069e-05
Topic #6,u'rather', 1.4225108765374349e-05
Topic #6,u'return', 1.4225108765374349e-05
Topic #2,u'met', 7.9543923987660683e-05
Topic #2,u'supplier', 1.4230918621879374e-05
Topic #2,u'label', 1.4230915835069236e-05
Topic #2,u'manufacture', 1.4230915812087691e-05
Topic #2,u'act', 1.4230915799416483e-05
Topic #2,u'package', 1.4230913210351393e-05
Topic #2,u'rather', 1.4230913139573569e-05
Topic #2,u'return', 1.4230913139573569e-05
Topic #2,u'labeling', 1.4230912574721793e-05
Topic #2,u'product_receive', 1.4230912574721793e-05
Topic #10,u'finish_batch', 1.497176321904641e-05
Topic #10,u'distribution', 1.4315569676843272e-05
Topic #10,u'manufacture_operation', 1.424781352718242e-05
Topic #10,u'supplier', 1.4231836198592052e-05
Topic #10,u'label', 1.4231833406640047e-05
Topic #10,u'manufacture', 1.4231833383678093e-05
Topic #10,u'act', 1.4231833371007844e-05
Topic #10,u'package', 1.4231830790668651e-05
Topic #10,u'rather', 1.4231830717346786e-05
Topic #10,u'return', 1.4231830717346786e-05
Topic #9,u'supplier', 1.4231848147840698e-05
Topic #9,u'label', 1.4231845362639566e-05
Topic #9,u'manufacture', 1.4231845338325989e-05
Topic #9,u'act', 1.4231845325667444e-05
Topic #9,u'package', 1.4231842736007217e-05
Topic #9,u'rather', 1.4231842664669391e-05
Topic #9,u'return', 1.4231842664669391e-05
Topic #9,u'product_receive', 1.4231842099731316e-05
Topic #9,u'labeling', 1.4231842099731316e-05
Topic #9,u'product', 1.4231841541523327e-05
