TopicNo,Topic Words,Probability Score
Topic #1,u'keep', 0.00066060666815653324
Topic #1,u'make', 0.00066060666815653324
Topic #1,u'record', 0.00045530208755293608
Topic #1,u'package', 0.00031532610687398947
Topic #1,u'labeling_operation', 0.00031532610687398947
Topic #1,u'written_procedures', 0.00031532610687398947
Topic #1,u'accordance', 0.00021949302255071614
Topic #1,u'record_require', 0.00021949302255071614
Topic #1,u'clinical_endpoint', 1.4188458377249394e-05
Topic #1,u'surrogate_endpoint', 1.4188458377249394e-05
Topic #4,u'accordance', 1.4231838420236273e-05
Topic #4,u'record_require', 1.4231838420236273e-05
Topic #4,u'package', 1.423183835006353e-05
Topic #4,u'labeling_operation', 1.423183835006353e-05
Topic #4,u'written_procedures', 1.423183835006353e-05
Topic #4,u'record', 1.4231837766567644e-05
Topic #4,u'keep', 1.4231837737271519e-05
Topic #4,u'make', 1.4231837737271519e-05
Topic #4,u'surrogate_endpoint', 1.4231836618342205e-05
Topic #4,u'clinical_endpoint', 1.4231836618342205e-05
Topic #9,u'accordance', 1.4231838420224513e-05
Topic #9,u'record_require', 1.4231838420224513e-05
Topic #9,u'package', 1.4231838350063427e-05
Topic #9,u'labeling_operation', 1.4231838350063427e-05
Topic #9,u'written_procedures', 1.4231838350063427e-05
Topic #9,u'record', 1.4231837766567644e-05
Topic #9,u'keep', 1.4231837737271519e-05
Topic #9,u'make', 1.4231837737271519e-05
Topic #9,u'surrogate_endpoint', 1.4231836618342205e-05
Topic #9,u'clinical_endpoint', 1.4231836618342205e-05
Topic #10,u'accordance', 1.4231838420205551e-05
Topic #10,u'record_require', 1.4231838420205551e-05
Topic #10,u'package', 1.4231838350063088e-05
Topic #10,u'labeling_operation', 1.4231838350063088e-05
Topic #10,u'written_procedures', 1.4231838350063088e-05
Topic #10,u'record', 1.4231837766567644e-05
Topic #10,u'keep', 1.4231837737271519e-05
Topic #10,u'make', 1.4231837737271519e-05
Topic #10,u'surrogate_endpoint', 1.4231836618342205e-05
Topic #10,u'clinical_endpoint', 1.4231836618342205e-05
Topic #7,u'accordance', 1.4231838420196178e-05
Topic #7,u'record_require', 1.4231838420196178e-05
Topic #7,u'package', 1.4231838350063439e-05
Topic #7,u'labeling_operation', 1.4231838350063439e-05
Topic #7,u'written_procedures', 1.4231838350063439e-05
Topic #7,u'record', 1.4231837766567644e-05
Topic #7,u'keep', 1.4231837737271519e-05
Topic #7,u'make', 1.4231837737271519e-05
Topic #7,u'surrogate_endpoint', 1.4231836618342205e-05
Topic #7,u'clinical_endpoint', 1.4231836618342205e-05
Topic #8,u'accordance', 1.4231838420191365e-05
Topic #8,u'record_require', 1.4231838420191365e-05
Topic #8,u'package', 1.4231838350063086e-05
Topic #8,u'labeling_operation', 1.4231838350063086e-05
Topic #8,u'written_procedures', 1.4231838350063086e-05
Topic #8,u'record', 1.4231837766567646e-05
Topic #8,u'keep', 1.4231837737271522e-05
Topic #8,u'make', 1.4231837737271522e-05
Topic #8,u'surrogate_endpoint', 1.4231836618342207e-05
Topic #8,u'clinical_endpoint', 1.4231836618342207e-05
Topic #5,u'accordance', 1.4231838420187584e-05
Topic #5,u'record_require', 1.4231838420187584e-05
Topic #5,u'package', 1.4231838350063158e-05
Topic #5,u'labeling_operation', 1.4231838350063158e-05
Topic #5,u'written_procedures', 1.4231838350063158e-05
Topic #5,u'record', 1.4231837766567646e-05
Topic #5,u'keep', 1.4231837737271522e-05
Topic #5,u'make', 1.4231837737271522e-05
Topic #5,u'surrogate_endpoint', 1.4231836618342207e-05
Topic #5,u'clinical_endpoint', 1.4231836618342207e-05
Topic #2,u'accordance', 1.4231838420186056e-05
Topic #2,u'record_require', 1.4231838420186056e-05
Topic #2,u'package', 1.4231838350063276e-05
Topic #2,u'labeling_operation', 1.4231838350063276e-05
Topic #2,u'written_procedures', 1.4231838350063276e-05
Topic #2,u'record', 1.4231837766618244e-05
Topic #2,u'keep', 1.4231837737322119e-05
Topic #2,u'make', 1.4231837737322119e-05
Topic #2,u'surrogate_endpoint', 1.4231836618342203e-05
Topic #2,u'clinical_endpoint', 1.4231836618342203e-05
Topic #3,u'accordance', 1.4231838420179259e-05
Topic #3,u'record_require', 1.4231838420179259e-05
Topic #3,u'package', 1.4231838350063529e-05
Topic #3,u'labeling_operation', 1.4231838350063529e-05
Topic #3,u'written_procedures', 1.4231838350063529e-05
Topic #3,u'record', 1.4231837766567646e-05
Topic #3,u'keep', 1.4231837737271522e-05
Topic #3,u'make', 1.4231837737271522e-05
Topic #3,u'surrogate_endpoint', 1.4231836618342207e-05
Topic #3,u'clinical_endpoint', 1.4231836618342207e-05
Topic #6,u'accordance', 1.423183842017002e-05
Topic #6,u'record_require', 1.423183842017002e-05
Topic #6,u'package', 1.4231838350063451e-05
Topic #6,u'labeling_operation', 1.4231838350063451e-05
Topic #6,u'written_procedures', 1.4231838350063451e-05
Topic #6,u'record', 1.4231837766567646e-05
Topic #6,u'keep', 1.4231837737271522e-05
Topic #6,u'make', 1.4231837737271522e-05
Topic #6,u'surrogate_endpoint', 1.4231836618342207e-05
Topic #6,u'clinical_endpoint', 1.4231836618342207e-05
