TopicNo,Topic Words,Probability Score
Topic #1,u'hold', 0.0094215224439076761
Topic #1,u'dietary_supplement', 0.001293515698258812
Topic #1,u'contaminant', 0.00025315399710966507
Topic #1,u'public_health', 0.00021977599205993273
Topic #1,u'significance', 0.00021977230378774902
Topic #1,u'batch', 0.00021091769817154071
Topic #1,u'bacteria', 0.00016787353831824564
Topic #1,u'consumer', 0.00015953844348669464
Topic #1,u'safety', 0.00015953844348669464
Topic #1,u'adversely_affect', 0.00015953844348669464
Topic #8,u'dietary_supplement', 0.0093115742980057897
Topic #8,u'manufacture', 0.0012528341314039955
Topic #8,u'package', 0.0008252551809419512
Topic #8,u'use', 0.00058973090589465032
Topic #8,u'produce', 0.00031791957286430385
Topic #8,u'clean', 0.0003041361185066222
Topic #8,u'label', 0.00030270445314090912
Topic #8,u'equipment', 0.00021919722603243945
Topic #8,u'previously_remove', 0.00015912032343561863
Topic #8,u'uncontaminated_component', 0.00015912032343561863
Topic #3,u'mean', 0.0010928564477305602
Topic #3,u'number', 0.00046328339338423929
Topic #3,u'person', 0.00045279772604462574
Topic #3,u'quantity', 0.00040690877972940261
Topic #3,u'microorganism', 0.00036785788864172452
Topic #3,u'representative_sample', 0.00030716058583166498
Topic #3,u'sample', 0.00030713114701196097
Topic #3,u'act', 0.00029940468330080978
Topic #3,u'material', 0.00022134236799986986
Topic #3,u'group', 0.00019971626214071762
Topic #9,u'dietary_supplement', 0.00076755119731948388
Topic #9,u'component', 0.00064673544564293375
Topic #9,u'container', 0.00025551303092876494
Topic #9,u'quality', 0.00025551302718446536
Topic #9,u'utensil', 0.00020014768799422118
Topic #9,u'ensure', 0.00016102574186555702
Topic #9,u'measure', 0.00016102512011411288
Topic #9,u'free_moisture', 0.00016102512011411288
Topic #9,u'water_vapor_pressure', 0.00016102512011411288
Topic #9,u'substance_divide', 0.00016102512011411288
Topic #2,u'intend', 0.00038385903234253936
Topic #2,u'identity', 0.00027029947805245975
Topic #2,u'time', 0.00022253463488249039
Topic #2,u'meet_specification', 0.00017548078648504362
Topic #2,u'uniform_and', 0.00013620847645125583
Topic #2,u'lead', 0.00010902219031058848
Topic #2,u'fly', 0.00010902219030957011
Topic #2,u'establish_specification', 0.00010860900576771984
Topic #2,u'consistently', 0.00010860900576771984
Topic #2,u'meet', 0.00010860900576771984
Topic #5,u'strength', 0.00032315865373006952
Topic #5,u'composition', 0.00032315865368284699
Topic #5,u'random_sample', 0.00016173514416062648
Topic #5,u'mite', 0.00010912087329877776
Topic #5,u'mycotoxin', 0.00010912087329811577
Topic #5,u'mislabeling', 0.00010912087329657665
Topic #5,u'onto_surface', 5.3420908975835722e-05
Topic #5,u'contact', 1.4444479695268502e-05
Topic #5,u'component', 1.4232305918252531e-05
Topic #5,u'dietary_supplement', 1.423138613598701e-05
Topic #4,u'purity', 0.00027038096375494165
Topic #4,u'condition', 0.00016163752490047696
Topic #4,u'prevent_adulteration', 0.00016163752490047696
Topic #4,u'held', 0.00016163682579832631
Topic #4,u'labeling', 0.00014832637662662692
Topic #4,u'contains', 0.00010905501111689466
Topic #4,u'communication', 0.00010905501111689466
Topic #4,u'product_complaint_mean', 0.00010905501111689466
Topic #4,u'allegation', 0.00010905501111689466
Topic #4,u'glass', 0.00010905497191783513
Topic #7,u'process', 0.00022277782028481928
Topic #7,u'water_activity', 0.00016175899973258162
Topic #7,u'subpotent', 0.0001091369683724703
Topic #7,u'larva', 0.00010913696837173793
Topic #7,u'oral', 0.00010913696836284174
Topic #7,u'compound', 7.5291576287768084e-05
Topic #7,u'sift', 7.5291576287358242e-05
Topic #7,u'way', 7.5257264989886128e-05
Topic #7,u'definition_apply', 5.3519303585956308e-05
Topic #7,u'component_mean', 5.3494072095724206e-05
Topic #6,u'absence', 0.0001615605390910413
Topic #6,u'actual_production', 0.0001615605390910413
Topic #6,u'error', 0.0001615605390910413
Topic #6,u'loss', 0.0001615605390910413
Topic #6,u'designate', 0.00016156053379607634
Topic #6,u'quality_control_operations', 0.00016156053379607634
Topic #6,u'responsible', 0.00016156053379607634
Topic #6,u'wrong_ingredient', 0.00010900305541086248
Topic #6,u'written', 0.00010900302672524867
Topic #6,u'contain', 0.00010900241771360069
Topic #10,u'could', 0.00010911375512844131
Topic #10,u'current', 0.00010911375512844131
Topic #10,u'relate', 0.00010911375512844131
Topic #10,u'good', 0.00010911375512844131
Topic #10,u'manufacture_practice', 0.00010911375512844131
Topic #10,u'reason', 0.00010911371404288718
Topic #10,u'pesticide', 0.00010911371404216228
Topic #10,u'electronic', 0.00010911371404212885
Topic #10,u'improper_package', 0.00010911371403568539
Topic #10,u'specie', 7.5275550627987677e-05
