TopicNo,Topic Words,Probability Score
Topic #9,u'control', 0.0048784039632078892
Topic #9,u'accuracy', 0.00048720507055147942
Topic #9,u'use', 0.00035897737399097313
Topic #9,u'instrument', 0.00032510375077636001
Topic #9,u'dietary_supplement', 0.00032224073015037701
Topic #9,u'manufacture', 0.00032224073009855822
Topic #9,u'backup_file', 0.00030837170769089953
Topic #9,u'label', 0.00022213866896891789
Topic #9,u'precision', 0.00020337750048541369
Topic #9,u'data_enter', 0.000161231005150183
Topic #6,u'documentation', 0.0047594084254775513
Topic #6,u'accordance', 0.0047083496498232296
Topic #6,u'ensure', 0.004513046738563847
Topic #6,u'equipment_function', 0.004513046738563847
Topic #6,u'intend', 0.004513046738563847
Topic #6,u'keep', 0.00019760820501619843
Topic #6,u'diskette', 0.00015896636050947042
Topic #6,u'outdated_software', 0.00015890329505324091
Topic #6,u'require', 0.00015890329505324091
Topic #6,u'retrieve_record', 0.00015890329505324091
Topic #7,u'calibration', 0.00042331378029232335
Topic #7,u'necessary', 0.00022395681896225373
Topic #7,u'perform', 0.00017107242785011873
Topic #7,u'calibrate', 0.00014914962228056139
Topic #7,u'read', 0.00010965758595868482
Topic #7,u'vii', 0.00010965755724598639
Topic #7,u'reading_found', 0.00010965692037723339
Topic #7,u'written_record', 0.00010962320655512658
Topic #7,u'recalibration', 0.00010961816489607251
Topic #7,u'initial', 0.00010961816489607251
Topic #10,u'identify', 0.00036212924574168084
Topic #10,u'package', 0.0002240998043490806
Topic #10,u'microfilm', 0.0001626543638340301
Topic #10,u'current_software', 0.00016265291361318334
Topic #10,u'program', 0.00016265248046599758
Topic #10,u'calibration_method', 8.8496264421802326e-05
Topic #10,u'recalibration_method', 8.3210328829351875e-05
Topic #10,u'control_calibrate', 7.5646424372209357e-05
Topic #10,u'certification', 1.4470960194139778e-05
Topic #10,u'history', 1.4470960194139778e-05
Topic #3,u'include', 0.00034003171486039443
Topic #3,u'keep', 0.00024160655156854412
Topic #3,u'program', 0.00016258228217291476
Topic #3,u'backup', 0.00016258034920904838
Topic #3,u'alteration', 0.00016258034920904838
Topic #3,u'software', 0.00016258034920904838
Topic #3,u'data_secure', 0.00016258034920904838
Topic #3,u'compact_disk', 0.0001625802811581295
Topic #3,u'make', 9.2943466187399198e-05
Topic #3,u'maintenance', 7.5625514923719923e-05
Topic #1,u'provide', 0.0002052716954491431
Topic #1,u'date', 0.00017126438045616838
Topic #1,u'reading_found', 0.00010978162860211337
Topic #1,u'calibration_read', 0.00010978095877761928
Topic #1,u'inspect', 5.3788963697589733e-05
Topic #1,u'calibration', 1.4225545119801429e-05
Topic #1,u'equipment_function', 1.4223622226112149e-05
Topic #1,u'ensure', 1.4223622226112149e-05
Topic #1,u'intend', 1.4223622226112149e-05
Topic #1,u'backup_file', 1.4223612345670869e-05
Topic #8,u'record', 0.00020222877006303338
Topic #8,u'current_software', 0.00016268569418108439
Topic #8,u'able', 0.00016268419265407839
Topic #8,u'retrieve', 0.00016268419265407839
Topic #8,u'electronic_equipment', 0.00014927939465105616
Topic #8,u'sanitize', 0.0001152214851164676
Topic #8,u'inspection', 0.00010973171106083891
Topic #8,u'equipment', 7.5675516848678327e-05
Topic #8,u'make', 1.4527839665829396e-05
Topic #8,u'keep', 1.4236932544815383e-05
Topic #5,u'tape', 0.00016279601733814328
Topic #5,u'automate', 0.00010980720893115265
Topic #5,u'check', 0.00010980720893115265
Topic #5,u'intend', 1.4227024245943541e-05
Topic #5,u'ensure', 1.4227024245943541e-05
Topic #5,u'equipment_function', 1.4227024245943541e-05
Topic #5,u'backup_file', 1.4227014370912151e-05
Topic #5,u'diskette', 1.4227010235430534e-05
Topic #5,u'compact_disk', 1.4227010229942952e-05
Topic #5,u'microfilm', 1.4227010229038981e-05
Topic #4,u'inadvertent_erasure', 0.00016278064922531206
Topic #4,u'clean', 0.00011528984461724131
Topic #4,u'individual', 7.5718734856342385e-05
Topic #4,u'equipment_log', 7.5718734856342385e-05
Topic #4,u'utensil', 7.5718717725217524e-05
Topic #4,u'ensure', 1.4225681199171532e-05
Topic #4,u'equipment_function', 1.4225681199171532e-05
Topic #4,u'intend', 1.4225681199171532e-05
Topic #4,u'backup_file', 1.4225671324752621e-05
Topic #4,u'diskette', 1.4225667189809526e-05
Topic #2,u'data', 0.00016273095746573374
Topic #2,u'enter', 0.00016273095746573374
Topic #2,u'exact', 0.00016273045796121944
Topic #2,u'complete_record', 0.00016273045796121944
Topic #2,u'loss', 0.00016273039496607957
Topic #2,u'calibration', 1.4291963267863279e-05
Topic #2,u'documentation', 1.4257568061087796e-05
Topic #2,u'written_record', 1.425567839110162e-05
Topic #2,u'ensure', 1.4221289372089199e-05
Topic #2,u'equipment_function', 1.4221289372089199e-05
