TopicNo,Topic Words,Probability Score
Topic #2,u'dietary_supplement', 0.00073530003368565456
Topic #2,u'necessary', 0.00037286898489941338
Topic #2,u'examination', 0.00037286898489941338
Topic #2,u'whether', 0.00037286898489941338
Topic #2,u'determine', 0.00037286898489941338
Topic #2,u'twice', 0.00037286898489941338
Topic #2,u'meet', 0.00037286898489941338
Topic #2,u'test', 0.00037286898489941338
Topic #2,u'quantity', 0.00037286898489941338
Topic #2,u'consist', 0.00037286898489941338
Topic #4,u'use', 0.0003004092870053525
Topic #4,u'container', 0.00019834620905681915
Topic #4,u'shelf_life', 0.00018837080179034792
Topic #4,u'date', 0.00018837032563142491
Topic #4,u'held_use', 8.6307725631832194e-05
Topic #4,u'appropriate_investigation', 1.4219176965612825e-05
Topic #4,u'number', 1.4219163821061643e-05
Topic #4,u'control', 1.4219163821061643e-05
Topic #4,u'year', 1.421916278552944e-05
Topic #4,u'identify', 1.421916242103598e-05
Topic #3,u'batch', 0.00030024579808341439
Topic #3,u'date', 0.00018678012013769165
Topic #3,u'year', 0.00018677968993156431
Topic #3,u'last', 0.00018677965107359175
Topic #3,u'reserve_sample', 0.00018677965107359175
Topic #3,u'distribution', 0.00018677965107359175
Topic #3,u'associate', 0.00018677965107359175
Topic #3,u'identify', 0.0001261890357042855
Topic #3,u'dietary_supplement', 1.4224504157420309e-05
Topic #3,u'appropriate_investigation', 1.4211452957589764e-05
Topic #8,u'number', 0.00018847301820514882
Topic #8,u'control', 0.00018847301820514882
Topic #8,u'appropriate_investigation', 1.422689372093128e-05
Topic #8,u'date', 1.4226880144631334e-05
Topic #8,u'year', 1.4226879522754102e-05
Topic #8,u'shelf_life', 1.4226879186036669e-05
Topic #8,u'identify', 1.4226879159219997e-05
Topic #8,u'use', 1.4226878596859755e-05
Topic #8,u'batch', 1.4226878580996315e-05
Topic #8,u'past', 1.422687856415599e-05
Topic #9,u'retain', 0.00018840737762896499
Topic #9,u'shelf_life_date', 0.00018840737762896499
Topic #9,u'past', 0.00018840737762896499
Topic #9,u'year', 0.00018840734116783446
Topic #9,u'appropriate_investigation', 1.4221937473343795e-05
Topic #9,u'control', 1.4221924328885259e-05
Topic #9,u'number', 1.4221924328885259e-05
Topic #9,u'date', 1.422192391362635e-05
Topic #9,u'shelf_life', 1.4221922955079323e-05
Topic #9,u'identify', 1.4221922926937309e-05
Topic #5,u'reserve_samples', 9.5887204134107687e-05
Topic #5,u'requirement', 6.0654772728797269e-05
Topic #5,u'appropriate_investigation', 1.4230030575644716e-05
Topic #5,u'number', 1.4230017403719597e-05
Topic #5,u'control', 1.4230017403719597e-05
Topic #5,u'date', 1.4230016988100042e-05
Topic #5,u'year', 1.4230016366296316e-05
Topic #5,u'shelf_life', 1.4230016029550209e-05
Topic #5,u'identify', 1.4230016000136145e-05
Topic #5,u'use', 1.4230015439623234e-05
Topic #1,u'appropriate_investigation', 1.4231853422437669e-05
Topic #1,u'number', 1.423184024683396e-05
Topic #1,u'control', 1.423184024683396e-05
Topic #1,u'date', 1.4231839830961918e-05
Topic #1,u'year', 1.4231839208857833e-05
Topic #1,u'shelf_life', 1.4231838871998373e-05
Topic #1,u'identify', 1.4231838843465735e-05
Topic #1,u'use', 1.4231838282587461e-05
Topic #1,u'batch', 1.423183826495586e-05
Topic #1,u'past', 1.4231838249890837e-05
Topic #10,u'appropriate_investigation', 1.4231853422324046e-05
Topic #10,u'number', 1.4231840246835453e-05
Topic #10,u'control', 1.4231840246835453e-05
Topic #10,u'date', 1.4231839830968774e-05
Topic #10,u'year', 1.4231839208891394e-05
Topic #10,u'shelf_life', 1.4231838871999908e-05
Topic #10,u'identify', 1.4231838843458843e-05
Topic #10,u'use', 1.423183828258516e-05
Topic #10,u'batch', 1.4231838264948969e-05
Topic #10,u'past', 1.4231838249919081e-05
Topic #7,u'appropriate_investigation', 1.423185342232294e-05
Topic #7,u'number', 1.4231840246833936e-05
Topic #7,u'control', 1.4231840246833936e-05
Topic #7,u'date', 1.423183983101889e-05
Topic #7,u'year', 1.4231839208914945e-05
Topic #7,u'shelf_life', 1.4231838871998219e-05
Topic #7,u'identify', 1.4231838843466117e-05
Topic #7,u'use', 1.4231838282599367e-05
Topic #7,u'batch', 1.4231838264956247e-05
Topic #7,u'past', 1.4231838249890827e-05
Topic #6,u'appropriate_investigation', 1.4231853422322587e-05
Topic #6,u'number', 1.4231840246860228e-05
Topic #6,u'control', 1.4231840246860228e-05
Topic #6,u'date', 1.4231839830961502e-05
Topic #6,u'year', 1.4231839208870583e-05
Topic #6,u'shelf_life', 1.4231838871998114e-05
Topic #6,u'identify', 1.4231838843457157e-05
Topic #6,u'use', 1.4231838282587124e-05
Topic #6,u'batch', 1.4231838264947287e-05
Topic #6,u'past', 1.4231838249903746e-05
