TopicNo,Topic Words,Probability Score
Topic #5,u'manufacture', 0.0040229139198597261
Topic #5,u'phase', 0.0038358672102499088
Topic #5,u'necessary', 0.00038752776202509562
Topic #5,u'trap', 0.00016180679177954825
Topic #5,u'contact_surfaces', 0.00010912580999645983
Topic #5,u'clean', 0.00010912580999645983
Topic #5,u'sanitize', 0.00010912580999645983
Topic #5,u'grind', 0.00010912577414969592
Topic #5,u'cut', 0.00010912577414386053
Topic #5,u'take', 9.2623905713251709e-05
Topic #4,u'dietary_supplement', 0.00098966641689257964
Topic #4,u'identify', 0.00051921840691955545
Topic #4,u'component', 0.00036336037105862633
Topic #4,u'specific_batch', 0.00031002562629427286
Topic #4,u'content', 0.00030989698626523771
Topic #4,u'protect', 0.00029666672102483577
Topic #4,u'material_review', 0.00026573192425414843
Topic #4,u'control', 0.00026272796371155975
Topic #4,u'contamination', 0.00024389853368426531
Topic #4,u'microorganism', 0.00017601990254521808
Topic #10,u'use', 0.00046956959003563187
Topic #10,u'effective_mean', 0.00017169252296075235
Topic #10,u'temperature_control', 0.00011004393332798038
Topic #10,u'blend', 0.00011004390458747074
Topic #10,u'remove', 7.5875517613517994e-05
Topic #10,u'major_equipment', 1.5054118533622e-05
Topic #10,u'indicate', 1.5054118533622e-05
Topic #10,u'process_line', 1.5054118533622e-05
Topic #10,u'content', 1.428406591212448e-05
Topic #10,u'metal', 1.4255269051660954e-05
Topic #3,u'example', 0.00025912943584762262
Topic #3,u'shred', 0.00011010201122513916
Topic #3,u'prevent_contamination', 1.4391188991408672e-05
Topic #3,u'precaution', 1.4391184402856095e-05
Topic #3,u'take', 1.439118240772083e-05
Topic #3,u'trap', 1.4226988315944944e-05
Topic #3,u'magnet', 1.4226988294323781e-05
Topic #3,u'cut', 1.4226985084009255e-05
Topic #3,u'grind', 1.4226985083601978e-05
Topic #3,u'sort', 1.4226985071424359e-05
Topic #6,u'filter', 0.00016318445434892459
Topic #6,u'strainer', 0.00016318445434892459
Topic #6,u'magnet', 0.00016318440830641095
Topic #6,u'prevent', 0.0001155567497743611
Topic #6,u'pasteurize', 7.588305437692033e-05
Topic #6,u'test', 5.3900800115921613e-05
Topic #6,u'use_water', 5.3900800026686888e-05
Topic #6,u'precaution_include', 5.3900799353070967e-05
Topic #6,u'contaminate_component', 5.3891418063214123e-05
Topic #6,u'necessary', 1.4901352016229617e-05
Topic #8,u'electronic', 0.00016318189212917238
Topic #8,u'detector', 0.00016318189212917238
Topic #8,u'metal', 0.00016318091985478383
Topic #8,u'sort', 0.00011005313064149817
Topic #8,u'ion_concentration', 7.5881857476278703e-05
Topic #8,u'control_humidity', 7.5881857475115707e-05
Topic #8,u'applicable_federal', 5.3899958770614991e-05
Topic #8,u'complies', 5.3899958592226295e-05
Topic #8,u'minimum', 5.3899948895392552e-05
Topic #8,u'trap', 1.4220672145471186e-05
Topic #2,u'sift', 0.00011012903636992971
Topic #2,u'trap', 1.4230480409136237e-05
Topic #2,u'magnet', 1.4230480387923364e-05
Topic #2,u'cut', 1.4230477174529573e-05
Topic #2,u'grind', 1.423047717440503e-05
Topic #2,u'sort', 1.423047716220784e-05
Topic #2,u'blend', 1.4230477161583577e-05
Topic #2,u'dry', 1.4230477160002095e-05
Topic #2,u'inspect', 1.4230477159049315e-05
Topic #2,u'shred', 1.4230477157571995e-05
Topic #1,u'dry', 0.00011011544726786284
Topic #1,u'sterilize', 7.5924824940695615e-05
Topic #1,u'control_hydrogen', 7.5924824940399682e-05
Topic #1,u'trap', 1.4228724481183631e-05
Topic #1,u'magnet', 1.4228724454650153e-05
Topic #1,u'cut', 1.4228721244840664e-05
Topic #1,u'grind', 1.4228721240702041e-05
Topic #1,u'sort', 1.4228721228531162e-05
Topic #1,u'blend', 1.4228721227982046e-05
Topic #1,u'inspect', 1.4228721225375227e-05
Topic #7,u'inspect', 0.00011011154768636179
Topic #7,u'wash', 5.3928572659055154e-05
Topic #7,u'contain_soil', 5.3928572491956154e-05
Topic #7,u'clean_component', 5.3928572247942299e-05
Topic #7,u'contaminant', 5.3928572183945104e-05
Topic #7,u'trap', 1.4228220585606708e-05
Topic #7,u'magnet', 1.4228220564404604e-05
Topic #7,u'cut', 1.4228217350807095e-05
Topic #7,u'grind', 1.4228217350663804e-05
Topic #7,u'sort', 1.4228217338571631e-05
Topic #9,u'destroy', 7.5932105821695323e-05
Topic #9,u'refrigerate', 7.5932105817693736e-05
Topic #9,u'trap', 1.4230088955064654e-05
Topic #9,u'magnet', 1.4230088933853362e-05
Topic #9,u'cut', 1.4230085717309523e-05
Topic #9,u'grind', 1.4230085717110636e-05
Topic #9,u'sort', 1.4230085704944976e-05
Topic #9,u'blend', 1.4230085704321176e-05
Topic #9,u'shred', 1.4230085703655625e-05
Topic #9,u'dry', 1.4230085701989878e-05
