TopicNo,Topic Words,Probability Score
Topic #5,u'test', 0.00021172619041233057
Topic #5,u'examination', 0.00021172619041233057
Topic #5,u'method', 0.00015134318331704098
Topic #5,u'determine', 0.00015134318331704098
Topic #5,u'identify', 0.00015134318331704098
Topic #5,u'establish_specification', 0.00015134318331704098
Topic #5,u'whether', 0.00015134318331704098
Topic #5,u'appropriate_scientifically_valid', 0.00015134318331704098
Topic #5,u'require', 0.00015134318331704098
Topic #5,u'met', 0.00015134318331704098
Topic #4,u'appropriate', 0.00010532718289024013
Topic #4,u'test_methodologies', 0.00010532718289024013
Topic #4,u'laboratory_examination', 0.00010532718289024013
Topic #4,u'verify', 0.00010532718289024013
Topic #4,u'intend', 0.00010532718289024013
Topic #4,u'requirement_apply', 1.4227712174903654e-05
Topic #4,u'laboratory_method', 1.4227712174903654e-05
Topic #4,u'identify', 1.422705004105258e-05
Topic #4,u'establish_specification', 1.422705004105258e-05
Topic #4,u'whether', 1.422705004105258e-05
Topic #3,u'appropriate', 1.4234519342409585e-05
Topic #3,u'test_methodologies', 1.4234519342409585e-05
Topic #3,u'laboratory_examination', 1.4234519342409585e-05
Topic #3,u'verify', 1.4234519342409585e-05
Topic #3,u'intend', 1.4234519342409585e-05
Topic #3,u'requirement_apply', 1.4234195294939369e-05
Topic #3,u'laboratory_method', 1.4234195294939369e-05
Topic #3,u'identify', 1.4233534613519728e-05
Topic #3,u'establish_specification', 1.4233534613519728e-05
Topic #3,u'whether', 1.4233534613519728e-05
Topic #1,u'appropriate', 1.423451934238761e-05
Topic #1,u'test_methodologies', 1.423451934238761e-05
Topic #1,u'laboratory_examination', 1.423451934238761e-05
Topic #1,u'verify', 1.423451934238761e-05
Topic #1,u'intend', 1.423451934238761e-05
Topic #1,u'requirement_apply', 1.4234195294340242e-05
Topic #1,u'laboratory_method', 1.4234195294340242e-05
Topic #1,u'identify', 1.4233534554371387e-05
Topic #1,u'establish_specification', 1.4233534554371387e-05
Topic #1,u'whether', 1.4233534554371387e-05
Topic #2,u'appropriate', 1.4234519342295576e-05
Topic #2,u'test_methodologies', 1.4234519342295576e-05
Topic #2,u'laboratory_examination', 1.4234519342295576e-05
Topic #2,u'verify', 1.4234519342295576e-05
Topic #2,u'intend', 1.4234519342295576e-05
Topic #2,u'requirement_apply', 1.4234195293278275e-05
Topic #2,u'laboratory_method', 1.4234195293278275e-05
Topic #2,u'identify', 1.4233534588629771e-05
Topic #2,u'establish_specification', 1.4233534588629771e-05
Topic #2,u'whether', 1.4233534588629771e-05
