TopicNo,Topic Words,Probability Score
Topic #2,u'relabeled', 0.00065658901077948035
Topic #2,u'repackaged', 0.00065658901077948035
Topic #2,u'batch', 0.00049825151022499497
Topic #2,u'approve', 0.00045030548518416457
Topic #2,u'quality_control', 0.00045030548518416457
Topic #2,u'personnel', 0.00045030548518416457
Topic #2,u'dietary_supplement', 0.00044120454844255239
Topic #2,u'release', 0.00033991400232792878
Topic #2,u'dietary_supplement_prior', 0.00033991400232792878
Topic #2,u'reject', 0.00033991400232792878
Topic #5,u'dietary_supplement_prior', 1.4231837483922702e-05
Topic #5,u'distribution', 1.4231837483922702e-05
Topic #5,u'release', 1.4231837483922702e-05
Topic #5,u'reject', 1.4231837483922702e-05
Topic #5,u'requirement_apply', 1.4231837352761217e-05
Topic #5,u'relabel', 1.4231836989046025e-05
Topic #5,u'repackage', 1.4231836989046025e-05
Topic #5,u'repackaging', 1.4231836930322298e-05
Topic #5,u'relabeling', 1.4231836930322298e-05
Topic #5,u'accordance', 1.4231836919563718e-05
Topic #9,u'dietary_supplement_prior', 1.4231837483922638e-05
Topic #9,u'distribution', 1.4231837483922638e-05
Topic #9,u'release', 1.4231837483922638e-05
Topic #9,u'reject', 1.4231837483922638e-05
Topic #9,u'requirement_apply', 1.4231837352760712e-05
Topic #9,u'relabel', 1.4231836989046874e-05
Topic #9,u'repackage', 1.4231836989046874e-05
Topic #9,u'repackaging', 1.4231836930321792e-05
Topic #9,u'relabeling', 1.4231836930321792e-05
Topic #9,u'accordance', 1.4231836919563831e-05
Topic #8,u'dietary_supplement_prior', 1.4231837483922626e-05
Topic #8,u'distribution', 1.4231837483922626e-05
Topic #8,u'release', 1.4231837483922626e-05
Topic #8,u'reject', 1.4231837483922626e-05
Topic #8,u'requirement_apply', 1.423183735276878e-05
Topic #8,u'relabel', 1.4231836989048534e-05
Topic #8,u'repackage', 1.4231836989048534e-05
Topic #8,u'repackaging', 1.4231836930329861e-05
Topic #8,u'relabeling', 1.4231836930329861e-05
Topic #8,u'accordance', 1.423183691956335e-05
Topic #7,u'dietary_supplement_prior', 1.4231837483922548e-05
Topic #7,u'distribution', 1.4231837483922548e-05
Topic #7,u'release', 1.4231837483922548e-05
Topic #7,u'reject', 1.4231837483922548e-05
Topic #7,u'requirement_apply', 1.4231837352760716e-05
Topic #7,u'relabel', 1.4231836989046927e-05
Topic #7,u'repackage', 1.4231836989046927e-05
Topic #7,u'repackaging', 1.4231836930321795e-05
Topic #7,u'relabeling', 1.4231836930321795e-05
Topic #7,u'accordance', 1.4231836919563357e-05
Topic #4,u'dietary_supplement_prior', 1.4231837483922545e-05
Topic #4,u'distribution', 1.4231837483922545e-05
Topic #4,u'release', 1.4231837483922545e-05
Topic #4,u'reject', 1.4231837483922545e-05
Topic #4,u'requirement_apply', 1.4231837352760716e-05
Topic #4,u'relabel', 1.4231836989046444e-05
Topic #4,u'repackage', 1.4231836989046444e-05
Topic #4,u'repackaging', 1.4231836930321795e-05
Topic #4,u'relabeling', 1.4231836930321795e-05
Topic #4,u'accordance', 1.4231836919563484e-05
Topic #6,u'dietary_supplement_prior', 1.4231837483922526e-05
Topic #6,u'distribution', 1.4231837483922526e-05
Topic #6,u'release', 1.4231837483922526e-05
Topic #6,u'reject', 1.4231837483922526e-05
Topic #6,u'requirement_apply', 1.4231837352760716e-05
Topic #6,u'relabel', 1.4231836989046073e-05
Topic #6,u'repackage', 1.4231836989046073e-05
Topic #6,u'repackaging', 1.4231836930321795e-05
Topic #6,u'relabeling', 1.4231836930321795e-05
Topic #6,u'accordance', 1.423183691956335e-05
Topic #3,u'dietary_supplement_prior', 1.4231837483922521e-05
Topic #3,u'distribution', 1.4231837483922521e-05
Topic #3,u'release', 1.4231837483922521e-05
Topic #3,u'reject', 1.4231837483922521e-05
Topic #3,u'requirement_apply', 1.4231837352760711e-05
Topic #3,u'relabel', 1.4231836989046586e-05
Topic #3,u'repackage', 1.4231836989046586e-05
Topic #3,u'repackaging', 1.423183693032179e-05
Topic #3,u'relabeling', 1.423183693032179e-05
Topic #3,u'accordance', 1.4231836919583416e-05
Topic #10,u'dietary_supplement_prior', 1.4231837483922519e-05
Topic #10,u'distribution', 1.4231837483922519e-05
Topic #10,u'release', 1.4231837483922519e-05
Topic #10,u'reject', 1.4231837483922519e-05
Topic #10,u'requirement_apply', 1.4231837352760716e-05
Topic #10,u'relabel', 1.4231836989047201e-05
Topic #10,u'repackage', 1.4231836989047201e-05
Topic #10,u'repackaging', 1.4231836930321795e-05
Topic #10,u'relabeling', 1.4231836930321795e-05
Topic #10,u'accordance', 1.4231836919563376e-05
Topic #1,u'dietary_supplement_prior', 1.4231837483922499e-05
Topic #1,u'distribution', 1.4231837483922499e-05
Topic #1,u'release', 1.4231837483922499e-05
Topic #1,u'reject', 1.4231837483922499e-05
Topic #1,u'requirement_apply', 1.4231837352760712e-05
Topic #1,u'relabel', 1.4231836989053833e-05
Topic #1,u'repackage', 1.4231836989053833e-05
Topic #1,u'repackaging', 1.4231836930321792e-05
Topic #1,u'relabeling', 1.4231836930321792e-05
Topic #1,u'accordance', 1.423183691956335e-05
