TopicNo,Topic Words,Probability Score
Topic #6,u'package', 0.00041079269610187318
Topic #6,u'dietary_supplement', 0.00041079269610187318
Topic #6,u'reject', 0.00041079269610187318
Topic #6,u'distribution', 0.00041079269610187318
Topic #6,u'label', 0.00041079269610187318
Topic #6,u'quarantine_system', 0.00031534699786974125
Topic #6,u'control', 0.00031534699786974125
Topic #6,u'appropriate_disposition', 0.00031534699786974125
Topic #6,u'requirement_apply', 0.00010963508369909319
Topic #6,u'hold', 1.4189408111134089e-05
Topic #5,u'hold', 0.00022011867368164158
Topic #5,u'clearly', 1.4228909042536055e-05
Topic #5,u'identify', 1.4228909042536055e-05
Topic #5,u'appropriate_disposition', 1.4228907702915078e-05
Topic #5,u'quarantine_system', 1.4228907702915078e-05
Topic #5,u'control', 1.4228907702915078e-05
Topic #5,u'requirement_apply', 1.4228906907182764e-05
Topic #5,u'reject', 1.4228906762137474e-05
Topic #5,u'distribution', 1.4228906762137474e-05
Topic #5,u'label', 1.4228906762137474e-05
Topic #9,u'clearly', 0.0001545923250499541
Topic #9,u'identify', 0.0001545923250499541
Topic #9,u'hold', 1.4227851268477624e-05
Topic #9,u'appropriate_disposition', 1.4227842603398041e-05
Topic #9,u'quarantine_system', 1.4227842603398041e-05
Topic #9,u'control', 1.4227842603398041e-05
Topic #9,u'requirement_apply', 1.4227841807803972e-05
Topic #9,u'reject', 1.4227841662771236e-05
Topic #9,u'distribution', 1.4227841662771236e-05
Topic #9,u'label', 1.4227841662771236e-05
Topic #2,u'hold', 1.4231846581209845e-05
Topic #2,u'clearly', 1.4231839232599775e-05
Topic #2,u'identify', 1.4231839232599775e-05
Topic #2,u'appropriate_disposition', 1.4231837893004142e-05
Topic #2,u'quarantine_system', 1.4231837893004142e-05
Topic #2,u'control', 1.4231837893004142e-05
Topic #2,u'requirement_apply', 1.4231837096687572e-05
Topic #2,u'reject', 1.4231836951605958e-05
Topic #2,u'distribution', 1.4231836951605958e-05
Topic #2,u'label', 1.4231836951605958e-05
Topic #8,u'hold', 1.4231846567709634e-05
Topic #8,u'clearly', 1.4231839232523055e-05
Topic #8,u'identify', 1.4231839232523055e-05
Topic #8,u'appropriate_disposition', 1.4231837893009072e-05
Topic #8,u'quarantine_system', 1.4231837893009072e-05
Topic #8,u'control', 1.4231837893009072e-05
Topic #8,u'requirement_apply', 1.4231837096687765e-05
Topic #8,u'reject', 1.4231836951606151e-05
Topic #8,u'distribution', 1.4231836951606151e-05
Topic #8,u'label', 1.4231836951606151e-05
Topic #10,u'hold', 1.4231846567708675e-05
Topic #10,u'clearly', 1.4231839232523868e-05
Topic #10,u'identify', 1.4231839232523868e-05
Topic #10,u'appropriate_disposition', 1.4231837893003805e-05
Topic #10,u'quarantine_system', 1.4231837893003805e-05
Topic #10,u'control', 1.4231837893003805e-05
Topic #10,u'requirement_apply', 1.4231837096687765e-05
Topic #10,u'reject', 1.4231836951606151e-05
Topic #10,u'distribution', 1.4231836951606151e-05
Topic #10,u'label', 1.4231836951606151e-05
Topic #1,u'hold', 1.423184656770867e-05
Topic #1,u'clearly', 1.4231839232527749e-05
Topic #1,u'identify', 1.4231839232527749e-05
Topic #1,u'appropriate_disposition', 1.4231837893110197e-05
Topic #1,u'quarantine_system', 1.4231837893110197e-05
Topic #1,u'control', 1.4231837893110197e-05
Topic #1,u'requirement_apply', 1.4231837096687762e-05
Topic #1,u'reject', 1.4231836951606151e-05
Topic #1,u'distribution', 1.4231836951606151e-05
Topic #1,u'label', 1.4231836951606151e-05
Topic #4,u'hold', 1.423184656770864e-05
Topic #4,u'clearly', 1.4231839232545853e-05
Topic #4,u'identify', 1.4231839232545853e-05
Topic #4,u'appropriate_disposition', 1.4231837893020901e-05
Topic #4,u'quarantine_system', 1.4231837893020901e-05
Topic #4,u'control', 1.4231837893020901e-05
Topic #4,u'requirement_apply', 1.4231837096687765e-05
Topic #4,u'reject', 1.4231836951606151e-05
Topic #4,u'distribution', 1.4231836951606151e-05
Topic #4,u'label', 1.4231836951606151e-05
Topic #3,u'hold', 1.4231846567708629e-05
Topic #3,u'clearly', 1.4231839232523387e-05
Topic #3,u'identify', 1.4231839232523387e-05
Topic #3,u'appropriate_disposition', 1.423183789301834e-05
Topic #3,u'quarantine_system', 1.423183789301834e-05
Topic #3,u'control', 1.423183789301834e-05
Topic #3,u'requirement_apply', 1.423183709683047e-05
Topic #3,u'reject', 1.4231836951748854e-05
Topic #3,u'distribution', 1.4231836951748854e-05
Topic #3,u'label', 1.4231836951748854e-05
Topic #7,u'hold', 1.4231846567708626e-05
Topic #7,u'clearly', 1.4231839232557243e-05
Topic #7,u'identify', 1.4231839232557243e-05
Topic #7,u'appropriate_disposition', 1.4231837893087173e-05
Topic #7,u'quarantine_system', 1.4231837893087173e-05
Topic #7,u'control', 1.4231837893087173e-05
Topic #7,u'requirement_apply', 1.4231837096687762e-05
Topic #7,u'reject', 1.4231836951606151e-05
Topic #7,u'distribution', 1.4231836951606151e-05
Topic #7,u'label', 1.4231836951606151e-05
