TopicNo,Topic Words,Probability Score
Topic #3,u'quality_control_operations', 0.00021557573293751696
Topic #3,u'product_complaints', 0.00021557573293751696
Topic #3,u'approve_decision', 0.00013690909893332751
Topic #3,u'product_complaint', 0.00013690909893332751
Topic #3,u'review', 0.00013690909893332751
Topic #3,u'followup_action', 0.00013690909893332751
Topic #3,u'investigation_perform', 0.00013690909893332751
Topic #3,u'finding', 0.00013690909893332751
Topic #3,u'approve', 0.00013690909893332751
Topic #3,u'include_reviewing', 0.00013690909893332751
Topic #5,u'require', 1.4235287569797526e-05
Topic #5,u'quality_control_operations', 1.4233347396046904e-05
Topic #5,u'product_complaints', 1.4233347396046904e-05
Topic #5,u'approve_decision', 1.4233028396545636e-05
Topic #5,u'review', 1.4233028396545636e-05
Topic #5,u'followup_action', 1.4233028396545636e-05
Topic #5,u'investigation_perform', 1.4233028396545636e-05
Topic #5,u'finding', 1.4233028396545636e-05
Topic #5,u'product_complaint', 1.4233028396545636e-05
Topic #5,u'investigate', 1.4233028396545636e-05
Topic #2,u'require', 1.4235282674641007e-05
Topic #2,u'quality_control_operations', 1.423334252649244e-05
Topic #2,u'product_complaints', 1.423334252649244e-05
Topic #2,u'approve_decision', 1.423302866305842e-05
Topic #2,u'review', 1.423302866305842e-05
Topic #2,u'followup_action', 1.423302866305842e-05
Topic #2,u'investigation_perform', 1.423302866305842e-05
Topic #2,u'finding', 1.423302866305842e-05
Topic #2,u'product_complaint', 1.423302866305842e-05
Topic #2,u'investigate', 1.423302866305842e-05
Topic #4,u'require', 1.4235282674631063e-05
Topic #4,u'quality_control_operations', 1.4233342525172053e-05
Topic #4,u'product_complaints', 1.4233342525172053e-05
Topic #4,u'approve_decision', 1.4233028192109538e-05
Topic #4,u'review', 1.4233028192109538e-05
Topic #4,u'followup_action', 1.4233028192109538e-05
Topic #4,u'investigation_perform', 1.4233028192109538e-05
Topic #4,u'finding', 1.4233028192109538e-05
Topic #4,u'product_complaint', 1.4233028192109538e-05
Topic #4,u'investigate', 1.4233028192109538e-05
Topic #1,u'require', 1.4235282673688881e-05
Topic #1,u'quality_control_operations', 1.4233342525588743e-05
Topic #1,u'product_complaints', 1.4233342525588743e-05
Topic #1,u'approve_decision', 1.4233028430330539e-05
Topic #1,u'review', 1.4233028430330539e-05
Topic #1,u'followup_action', 1.4233028430330539e-05
Topic #1,u'investigation_perform', 1.4233028430330539e-05
Topic #1,u'finding', 1.4233028430330539e-05
Topic #1,u'product_complaint', 1.4233028430330539e-05
Topic #1,u'investigate', 1.4233028430330539e-05
