TopicNo,Topic Words,Probability Score
Topic #9,u'keep', 0.00051747036892428979
Topic #9,u'make', 0.00051747036892428979
Topic #9,u'record', 0.00039679960884881347
Topic #9,u'show', 0.00019605316901175917
Topic #9,u'water', 0.00019605295453173089
Topic #9,u'clean', 0.00013486733840355986
Topic #9,u'physical_plant', 0.00013486733840355986
Topic #9,u'written_procedures', 0.00013486733840355986
Topic #9,u'pest_control', 0.00013486733840355986
Topic #9,u'record_require', 0.00013486733208277238
Topic #2,u'requirement', 0.00028883994045005815
Topic #2,u'meet', 0.00028883994045005815
Topic #2,u'water', 1.4224023762617685e-05
Topic #2,u'show', 1.4224022086348897e-05
Topic #2,u'use', 1.4224021716623953e-05
Topic #2,u'become', 1.4224021716623953e-05
Topic #2,u'dietary_supplement', 1.4224021716623953e-05
Topic #2,u'manner', 1.4224021716623953e-05
Topic #2,u'component', 1.4224021716623953e-05
Topic #2,u'accordance', 1.4224021592743071e-05
Topic #7,u'water', 0.00019632544818461335
Topic #7,u'use', 0.00019632522969474092
Topic #7,u'become', 0.00019632522969474092
Topic #7,u'dietary_supplement', 0.00019632522969474092
Topic #7,u'manner', 0.00019632522969474092
Topic #7,u'component', 0.00019632522969474092
Topic #7,u'requirement', 1.4216295319236021e-05
Topic #7,u'meet', 1.4216295319236021e-05
Topic #7,u'show', 1.4216288191619537e-05
Topic #7,u'accordance', 1.4216287698054564e-05
Topic #1,u'requirement', 1.4231845819726222e-05
Topic #1,u'meet', 1.4231845819726222e-05
Topic #1,u'water', 1.4231840342314614e-05
Topic #1,u'show', 1.4231838665086178e-05
Topic #1,u'use', 1.4231838295145717e-05
Topic #1,u'become', 1.4231838295145717e-05
Topic #1,u'dietary_supplement', 1.4231838295145717e-05
Topic #1,u'manner', 1.4231838295145717e-05
Topic #1,u'component', 1.4231838295145717e-05
Topic #1,u'accordance', 1.4231838171189562e-05
Topic #6,u'requirement', 1.4231845819726114e-05
Topic #6,u'meet', 1.4231845819726114e-05
Topic #6,u'water', 1.4231840342317403e-05
Topic #6,u'show', 1.4231838665088968e-05
Topic #6,u'use', 1.4231838295145717e-05
Topic #6,u'become', 1.4231838295145717e-05
Topic #6,u'dietary_supplement', 1.4231838295145717e-05
Topic #6,u'manner', 1.4231838295145717e-05
Topic #6,u'component', 1.4231838295145717e-05
Topic #6,u'accordance', 1.4231838171212417e-05
Topic #3,u'requirement', 1.4231845819725953e-05
Topic #3,u'meet', 1.4231845819725953e-05
Topic #3,u'water', 1.4231840342312578e-05
Topic #3,u'show', 1.423183866508414e-05
Topic #3,u'use', 1.4231838295145717e-05
Topic #3,u'become', 1.4231838295145717e-05
Topic #3,u'dietary_supplement', 1.4231838295145717e-05
Topic #3,u'manner', 1.4231838295145717e-05
Topic #3,u'component', 1.4231838295145717e-05
Topic #3,u'accordance', 1.4231838171210897e-05
Topic #5,u'requirement', 1.4231845819725953e-05
Topic #5,u'meet', 1.4231845819725953e-05
Topic #5,u'water', 1.4231840342338246e-05
Topic #5,u'show', 1.423183866510981e-05
Topic #5,u'use', 1.4231838295145717e-05
Topic #5,u'become', 1.4231838295145717e-05
Topic #5,u'dietary_supplement', 1.4231838295145717e-05
Topic #5,u'manner', 1.4231838295145717e-05
Topic #5,u'component', 1.4231838295145717e-05
Topic #5,u'accordance', 1.4231838171212134e-05
Topic #8,u'requirement', 1.4231845819725951e-05
Topic #8,u'meet', 1.4231845819725951e-05
Topic #8,u'water', 1.4231840342316269e-05
Topic #8,u'show', 1.4231838665087833e-05
Topic #8,u'use', 1.4231838295145717e-05
Topic #8,u'become', 1.4231838295145717e-05
Topic #8,u'dietary_supplement', 1.4231838295145717e-05
Topic #8,u'manner', 1.4231838295145717e-05
Topic #8,u'component', 1.4231838295145717e-05
Topic #8,u'accordance', 1.4231838171230003e-05
Topic #4,u'requirement', 1.423184581972594e-05
Topic #4,u'meet', 1.423184581972594e-05
Topic #4,u'water', 1.4231840342311019e-05
Topic #4,u'show', 1.4231838665082583e-05
Topic #4,u'use', 1.4231838295145705e-05
Topic #4,u'become', 1.4231838295145705e-05
Topic #4,u'dietary_supplement', 1.4231838295145705e-05
Topic #4,u'manner', 1.4231838295145705e-05
Topic #4,u'component', 1.4231838295145705e-05
Topic #4,u'accordance', 1.4231838171277965e-05
Topic #10,u'requirement', 1.4231845819725931e-05
Topic #10,u'meet', 1.4231845819725931e-05
Topic #10,u'water', 1.4231840342723933e-05
Topic #10,u'show', 1.4231838665094968e-05
Topic #10,u'use', 1.423183829554621e-05
Topic #10,u'become', 1.423183829554621e-05
Topic #10,u'dietary_supplement', 1.423183829554621e-05
Topic #10,u'manner', 1.423183829554621e-05
Topic #10,u'component', 1.423183829554621e-05
Topic #10,u'accordance', 1.423183817125765e-05
