TopicNo,Topic Words,Probability Score
Topic #3,u'sufficient_frequency', 0.0028563268319651493
Topic #3,u'interval', 0.0027861564007348287
Topic #3,u'product_contamination', 0.001060004666991603
Topic #3,u'avoid', 0.001060004666991603
Topic #3,u'thoroughly_scrub', 0.001060004666991603
Topic #3,u'track', 0.001060004666991603
Topic #3,u'sanitize', 0.001060004666991603
Topic #3,u'come', 0.001060004666991603
Topic #3,u'contact', 0.001060004666991603
Topic #3,u'lap', 0.00020952475016291534
Topic #8,u'seam', 0.0027802776664079291
Topic #8,u'belt', 0.0025295728628346973
Topic #8,u'avoid', 0.0013383372083032147
Topic #8,u'sanitize', 0.0013383372083032147
Topic #8,u'come', 0.0013383372083032147
Topic #8,u'contact', 0.0013383372083032147
Topic #8,u'product_contamination', 0.0013383372083032147
Topic #8,u'thoroughly_scrub', 0.0013383372083032147
Topic #8,u'track', 0.0013383372083032147
Topic #8,u'double_seam', 0.00068138640268366069
Topic #9,u'replace', 0.0025362336549674437
Topic #9,u'new', 0.002388478018560636
Topic #9,u'nonporous_material', 0.002388478018560636
Topic #9,u'container', 0.0013012142064764295
Topic #9,u'closure', 0.00049300480004099982
Topic #9,u'use', 0.00039135318849022933
Topic #9,u'period', 0.00030961148901541318
Topic #9,u'handle_equipment', 0.00030961069546458462
Topic #9,u'batch', 0.00030948977914917707
Topic #9,u'necessary', 0.00025689226422226152
Topic #10,u'etc', 0.0024221627944426742
Topic #10,u'cutover', 0.00011616480661990583
Topic #10,u'wseam_width', 0.00011062227547066841
Topic #10,u'cod', 0.00011062227546697471
Topic #10,u'examine', 5.4117623015781851e-05
Topic #10,u'sharpness', 5.4117622951539186e-05
Topic #10,u'found', 5.4117621082798069e-05
Topic #10,u'irregularity', 5.4117620889771607e-05
Topic #10,u'deadheading', 5.4117620766609046e-05
Topic #10,u'skid', 5.4117620642924055e-05
Topic #2,u'measurement', 0.00040580972533799629
Topic #2,u'check', 0.00026071201455805395
Topic #2,u'made', 0.00015067741866007812
Topic #2,u'point', 0.00011071735521472027
Topic #2,u'two', 0.00011071723506073491
Topic #2,u'approximately', 0.00011071723500779539
Topic #2,u'apart', 0.00011071723500779539
Topic #2,u'three', 0.00011071723500779539
Topic #2,u'capper_efficiency', 0.00011071723379500994
Topic #2,u'vacuum', 0.00011071723379500994
Topic #5,u'pack', 0.0003142580110309306
Topic #5,u'record', 0.00026854476655430854
Topic #5,u'establishment', 0.00016422469838848783
Topic #5,u'identify', 0.00016422469838848783
Topic #5,u'require_identification', 0.00016422469838848783
Topic #5,u'year', 0.00016422467830662864
Topic #5,u'code', 0.00016422418138945657
Topic #5,u'done', 0.0001107174398152647
Topic #5,u'actual_filling', 0.0001107174398152647
Topic #5,u'operation', 0.0001107174398152647
Topic #4,u'change', 0.00031409251721611816
Topic #4,u'can', 0.0001641434980426193
Topic #4,u'follow', 0.00016414346479512134
Topic #4,u'basis', 0.00016414346479512134
Topic #4,u'label', 0.00016414346281133345
Topic #4,u'legibly_perforate', 0.0001641434564850292
Topic #4,u'otherwise_mark', 0.0001641434564850292
Topic #4,u'belt_conveyor', 0.00016414345648401075
Topic #4,u'day_pack', 0.00016414339884911606
Topic #4,u'one', 0.00016414310060154403
Topic #6,u'length', 0.00023518975206238444
Topic #6,u'cushion', 0.00016443991718465513
Topic #6,u'retarders', 0.00016443991718000607
Topic #6,u'theoretical', 0.0001108625738249602
Topic #6,u'overlap_lengthchbhtw', 0.0001108625738249602
Topic #6,u'deadhead', 7.6402697970245543e-05
Topic #6,u'cover_hook', 1.4257486516942029e-05
Topic #6,u'overlap', 1.4257486516942029e-05
Topic #6,u'etc', 1.4220874116956138e-05
Topic #6,u'new', 1.4220803301310332e-05
Topic #1,u'thickness', 0.00023486397568595293
Topic #1,u'height', 0.00023486396136745838
Topic #1,u'micrometer', 0.00017280381987214296
Topic #1,u'worn', 0.00016421217683894651
Topic #1,u'fray_belt', 0.00016421217683894651
Topic #1,u'postprocess_handle', 0.00016421213074943822
Topic #1,u'false_seam', 0.00015066797758306563
Topic #1,u'maintain', 0.0001506649558782205
Topic #1,u'material_bond', 0.00011070901488756246
Topic #1,u'together', 0.00011070901488756246
Topic #7,u'record', 0.00019073492893231423
Topic #7,u'securely_affix', 0.00016430647397025451
Topic #7,u'product_container', 0.00016430647397025451
Topic #7,u'label', 0.00016430647193180071
Topic #7,u'result', 0.00015075449203136356
Topic #7,u'calculate', 0.00011077257713274421
Topic #7,u'follow_formula', 0.00011077257713274421
Topic #7,u'overlap_length', 0.00011077257713274421
Topic #7,u'vacuum_closure', 0.00011077256980634995
Topic #7,u'glass_containers', 0.00011077193075625018
