TopicNo,Topic Words,Probability Score
Topic #8,u'schedule_process', 0.088706163211742795
Topic #8,u'critical_factors', 0.086066491761336794
Topic #8,u'record', 0.046018479918246528
Topic #8,u'ensure', 0.044967041098300915
Topic #8,u'interval', 0.044757100936884182
Topic #8,u'specify', 0.044756885632853322
Topic #8,u'sufficient_frequency', 0.044021957367813294
Topic #8,u'within', 0.044009504760014077
Topic #8,u'measure', 0.043451336045216053
Topic #8,u'limit_specify', 0.042945941811410163
Topic #4,u'temperature', 0.01829568568681356
Topic #4,u'prevent', 0.0028392761242157271
Topic #4,u'adjustment', 0.0027876361474199894
Topic #4,u'unauthorized', 0.0027747415459247761
Topic #4,u'provide', 0.0027464908292936028
Topic #4,u'mean', 0.0021999975686889622
Topic #4,u'change', 0.0019940040828786078
Topic #4,u'permit', 0.0015674272579718821
Topic #4,u'warn', 0.0015388075422245486
Topic #4,u'provides', 0.0013940061518032275
Topic #2,u'retort', 0.0049578068365651682
Topic #2,u'container', 0.0035762265340157917
Topic #2,u'record_device', 0.0026387445912718958
Topic #2,u'equip', 0.0025522407009490292
Topic #2,u'maintain', 0.0023257993956315713
Topic #2,u'accordance', 0.0014192463879694863
Topic #2,u'accurate', 0.0013565154274620761
Topic #2,u'indicate_device', 0.0013131300414624936
Topic #2,u'establish', 0.0012434164663831574
Topic #2,u'square_inch', 0.0010390044430837453
Topic #9,u'centimeter', 0.0030349579484333813
Topic #9,u'per', 0.0021607349849126424
Topic #9,u'bleeder', 0.001686381606334969
Topic #9,u'lock', 0.0014431352250920139
Topic #9,u'notice', 0.0014431352250235236
Topic #9,u'management_post', 0.0014431352249270667
Topic #9,u'near', 0.0013990584549212596
Topic #9,u'glass_thermometer', 0.0012560297349087041
Topic #9,u'mercury', 0.0012556109629969943
Topic #9,u'record_device', 0.0011679505719609574
Topic #7,u'inch', 0.0026275706691398174
Topic #7,u'process_temperature', 0.0024405502018811126
Topic #7,u'controller', 0.0023807390313597739
Topic #7,u'system', 0.0021502103989969532
Topic #7,u'exceed', 0.0018573932959107876
Topic #7,u'measurement', 0.0017194368454353946
Topic #7,u'operate', 0.0015977354208023908
Topic #7,u'made', 0.0014877919389017513
Topic #7,u'process_time', 0.0014124453148608958
Topic #7,u'assure', 0.0013725352741763279
Topic #5,u'reference_device', 0.0023780486926890869
Topic #5,u'accuracy', 0.0012782489206177991
Topic #5,u'digital_recording', 0.0012242245050844642
Topic #5,u'processor', 0.001154881673203728
Topic #5,u'maintain', 0.0011344932094291998
Topic #5,u'standard', 0.0011336148082091392
Topic #5,u'indicate_device', 0.0010083301979262143
Topic #5,u'test', 0.00071820600425020358
Topic #5,u'technology', 0.00057380395044721107
Topic #5,u'national_institute', 0.00057380395029398468
Topic #10,u'recorder', 0.0023111863948590931
Topic #10,u'differential_pressure', 0.00159919608430808
Topic #10,u'steam_controller', 0.0010611578347794316
Topic #10,u'number', 0.00086652274099274828
Topic #10,u'create', 0.00078973990724273669
Topic #10,u'process', 0.00067105971535243798
Topic #10,u'chart_graduation', 0.00064557906574737008
Topic #10,u'exceed', 0.00064555962910641061
Topic #10,u'come', 0.00062076164930716441
Topic #10,u'ensure_accuracy', 0.0005941584298965383
Topic #6,u'design', 0.0018223458175869458
Topic #6,u'instal', 0.00072062169660150484
Topic #6,u'method', 0.00069113056369361249
Topic #6,u'control', 0.00067485681239628126
Topic #6,u'indicate_device', 0.00064513597868781625
Topic #6,u'easily_read', 0.00064509257942787807
Topic #6,u'accurately', 0.00064509257934410545
Topic #6,u'temperature_controller', 0.00064509257352302898
Topic #6,u'horizontal', 0.00063912305576666756
Topic #6,u'startup', 0.00060557685052041942
Topic #3,u'indicate_device', 0.0018124870500582015
Topic #3,u'sensor', 0.0013398441513964841
Topic #3,u'locate', 0.0011195852115283881
Topic #3,u'foot', 0.0010749299782591448
Topic #3,u'per', 0.00099101325533838759
Topic #3,u'inch', 0.00093287140060499855
Topic #3,u'scale', 0.00093287121202530654
Topic #3,u'indicate', 0.00083014534518311821
Topic #3,u'work', 0.00078886168191293104
Topic #3,u'alternatively', 0.00073217428992041638
Topic #1,u'least', 0.0013652860777161832
Topic #1,u'vacuum', 0.0012902719066652216
Topic #1,u'range', 0.0012705524973766146
Topic #1,u'necessary', 0.0011218643516153698
Topic #1,u'kilopascals', 0.0010725368346238739
Topic #1,u'event', 0.00092910696602420406
Topic #1,u'minimum', 0.00085418414995370626
Topic #1,u'open', 0.00081950274375735296
Topic #1,u'analog', 0.00078568038841921755
Topic #1,u'graphical_recording', 0.00078567327221813364
