TopicNo,Topic Words,Probability Score
Topic #6,u'food', 0.0018045978284137987
Topic #6,u'greater', 0.00082741563314696277
Topic #6,u'thermal_processes', 0.00082741563314696277
Topic #6,u'schedule', 0.00082741563314696277
Topic #6,u'normally_low', 0.00027205383933809465
Topic #6,u'mechanical_exhaust', 0.00011511758972113841
Topic #6,u'either', 7.9117242678928922e-05
Topic #6,u'blanchers', 7.9116902964139881e-05
Topic #6,u'contamination', 7.9116902964139881e-05
Topic #6,u'adequate', 7.9116902964139881e-05
Topic #4,u'schedule_process', 0.0012430110028090156
Topic #4,u'finish_product_meet', 0.00098498364568655873
Topic #4,u'ensure', 0.00062813204561224759
Topic #4,u'careful_supervision', 0.00032823747755558345
Topic #4,u'exceed', 0.00017120053413696289
Topic #4,u'limit_establish', 0.00017120053413696289
Topic #4,u'factor', 0.00017120053413696289
Topic #4,u'carefully_control', 0.00017120053413696289
Topic #4,u'equilibrium_ph', 0.00017120053216865809
Topic #4,u'water_activity', 0.00017120052911108775
Topic #8,u'growth', 0.00097434703216827214
Topic #8,u'microorganism', 0.00097434703216827214
Topic #8,u'sufficient', 0.0009738435987198756
Topic #8,u'normal', 0.00081875724197434066
Topic #8,u'would', 0.00081875724197434066
Topic #8,u'public_health', 0.00081875724197434066
Topic #8,u'allow', 0.00081875724197434066
Topic #8,u'storage', 0.00081875724197434066
Topic #8,u'food_free', 0.00081875724197434066
Topic #8,u'render', 0.00081875724197434066
Topic #1,u'use', 0.00027894276826379634
Topic #1,u'accomplish', 0.00015753458987942406
Topic #1,u'requirement', 0.00015753458975456411
Topic #1,u'compliance', 0.00015753458965342643
Topic #1,u'heat_exhaust', 0.00011556756697570988
Topic #1,u'raw_material', 9.8143856082310928e-05
Topic #1,u'hold', 7.9426127217321633e-05
Topic #1,u'require_time', 7.9426127217321633e-05
Topic #1,u'temperature', 7.9426127217321633e-05
Topic #1,u'potable_water', 7.942612284825969e-05
Topic #2,u'process', 0.00027300060923295556
Topic #2,u'control', 0.0002167105227534917
Topic #2,u'fill', 0.00018072482732522742
Topic #2,u'container', 0.00018072457859013574
Topic #2,u'methodology_describe', 0.00017170303591319819
Topic #2,u'air', 0.00011552966684541486
Topic #2,u'meet', 0.00011552966684541486
Topic #2,u'exhaust', 0.00011552966684541486
Topic #2,u'condition', 0.00011552966684541486
Topic #2,u'design', 0.00011552966684541486
Topic #3,u'require', 0.00023717297237217929
Topic #3,u'steam_injection', 0.00011568456497878736
Topic #3,u'can', 7.9502463602777856e-05
Topic #3,u'preparation', 7.9502463602777856e-05
Topic #3,u'acceptable_mean', 5.6233720213071149e-05
Topic #3,u'food', 4.5091935278306055e-05
Topic #3,u'safe', 1.5137458159115382e-05
Topic #3,u'low_temperature', 1.5137458159115382e-05
Topic #3,u'permit', 1.5137458159115382e-05
Topic #3,u'solute', 1.5137458159115382e-05
Topic #7,u'hot_brine', 0.00011572504022866017
Topic #7,u'examine', 5.6253403418784508e-05
Topic #7,u'microbiological_condition', 5.625340337341169e-05
Topic #7,u'methodology_describe', 1.4229204722733083e-05
Topic #7,u'boil_water', 1.4229204700926723e-05
Topic #7,u'thermal_processes', 1.4229202023014828e-05
Topic #7,u'greater', 1.4229202023014828e-05
Topic #7,u'schedule', 1.4229202023014828e-05
Topic #7,u'mechanical_exhaust', 1.4229201404272451e-05
Topic #7,u'maintenance', 1.4229201382492332e-05
Topic #10,u'wash', 7.9526872481608984e-05
Topic #10,u'blanch_food_product', 7.9526872481608984e-05
Topic #10,u'fill', 7.9523579170022275e-05
Topic #10,u'guarantee', 5.6248093187187168e-05
Topic #10,u'suitable', 5.6247550886600292e-05
Topic #10,u'food', 1.4227962644160692e-05
Topic #10,u'either', 1.4227962507875957e-05
Topic #10,u'delay', 1.4227961708763983e-05
Topic #10,u'subsequent_process', 1.4227961708763983e-05
Topic #10,u'without', 1.4227961708763983e-05
Topic #9,u'methodology_describe', 1.4231845364398192e-05
Topic #9,u'boil_water', 1.4231845342267399e-05
Topic #9,u'thermal_processes', 1.4231842661151626e-05
Topic #9,u'greater', 1.4231842661151626e-05
Topic #9,u'schedule', 1.4231842661151626e-05
Topic #9,u'mechanical_exhaust', 1.4231842042692744e-05
Topic #9,u'maintenance', 1.4231842020900765e-05
Topic #9,u'steam_injection', 1.4231842019814609e-05
Topic #9,u'hot_brine', 1.4231842012779965e-05
Topic #9,u'normally_low', 1.4231840491891608e-05
Topic #5,u'methodology_describe', 1.4231845364243737e-05
Topic #5,u'boil_water', 1.4231845342273806e-05
Topic #5,u'thermal_processes', 1.4231842661157875e-05
Topic #5,u'greater', 1.4231842661157875e-05
Topic #5,u'schedule', 1.4231842661157875e-05
Topic #5,u'mechanical_exhaust', 1.4231842042698983e-05
Topic #5,u'maintenance', 1.4231842020907139e-05
Topic #5,u'steam_injection', 1.4231842019820823e-05
Topic #5,u'hot_brine', 1.4231842012786187e-05
Topic #5,u'normally_low', 1.4231840491825853e-05
