TopicNo,Topic Words,Probability Score
Topic #4,u'establish', 0.00021564231750140464
Topic #4,u'qualify_person', 0.00013695249023039716
Topic #4,u'appropriate_train', 0.00013695249023039716
Topic #4,u'expert_knowledge', 0.00013695249023039716
Topic #4,u'acidify_food', 0.00013695249023039716
Topic #4,u'process', 0.00013695249023039716
Topic #4,u'schedule_process', 0.00013695249023039716
Topic #4,u'acidification', 0.00013695249023039716
Topic #4,u'experience', 0.00013695249023039716
Topic #4,u'acquire', 0.00013695249023039716
Topic #1,u'schedule_processes', 1.4237289125839851e-05
Topic #1,u'establish', 1.4234173284729166e-05
Topic #1,u'appropriate_train', 1.4233277406813792e-05
Topic #1,u'expert_knowledge', 1.4233277406813792e-05
Topic #1,u'acidify_food', 1.4233277406813792e-05
Topic #1,u'process', 1.4233277406813792e-05
Topic #1,u'qualify_person', 1.4233277406813792e-05
Topic #1,u'schedule_process', 1.4233277406813792e-05
Topic #1,u'acquire', 1.4233277406813792e-05
Topic #1,u'acidification', 1.4233277406813792e-05
Topic #3,u'schedule_processes', 1.4237285874215507e-05
Topic #3,u'establish', 1.4234170057122433e-05
Topic #3,u'appropriate_train', 1.4233277319595162e-05
Topic #3,u'expert_knowledge', 1.4233277319595162e-05
Topic #3,u'acidify_food', 1.4233277319595162e-05
Topic #3,u'process', 1.4233277319595162e-05
Topic #3,u'qualify_person', 1.4233277319595162e-05
Topic #3,u'schedule_process', 1.4233277319595162e-05
Topic #3,u'acquire', 1.4233277319595162e-05
Topic #3,u'acidification', 1.4233277319595162e-05
Topic #5,u'schedule_processes', 1.4237285871704556e-05
Topic #5,u'establish', 1.4234170055750267e-05
Topic #5,u'appropriate_train', 1.4233277088040706e-05
Topic #5,u'expert_knowledge', 1.4233277088040706e-05
Topic #5,u'acidify_food', 1.4233277088040706e-05
Topic #5,u'process', 1.4233277088040706e-05
Topic #5,u'qualify_person', 1.4233277088040706e-05
Topic #5,u'schedule_process', 1.4233277088040706e-05
Topic #5,u'acquire', 1.4233277088040706e-05
Topic #5,u'acidification', 1.4233277088040706e-05
Topic #2,u'schedule_processes', 1.4237285866682683e-05
Topic #2,u'establish', 1.4234170054296689e-05
Topic #2,u'appropriate_train', 1.4233277072611883e-05
Topic #2,u'expert_knowledge', 1.4233277072611883e-05
Topic #2,u'acidify_food', 1.4233277072611883e-05
Topic #2,u'process', 1.4233277072611883e-05
Topic #2,u'qualify_person', 1.4233277072611883e-05
Topic #2,u'schedule_process', 1.4233277072611883e-05
Topic #2,u'acquire', 1.4233277072611883e-05
Topic #2,u'acidification', 1.4233277072611883e-05
