TopicNo,Topic Words,Probability Score
Topic #10,u'batch', 0.003859003763618273
Topic #10,u'achieve', 0.00015121161384849244
Topic #10,u'acidification', 0.00011474096290867074
Topic #10,u'direct', 0.00011110333452290366
Topic #10,u'follow', 0.00011110329853121618
Topic #10,u'titratable_acidity', 7.653827812860724e-05
Topic #10,u'schedule_process', 5.43033665116013e-05
Topic #10,u'within', 5.4303091891110449e-05
Topic #10,u'maintain', 5.4303091841706249e-05
Topic #10,u'lower', 5.4303091755716447e-05
Topic #3,u'long', 0.0020390923040047694
Topic #3,u'taken', 0.00027044837237968287
Topic #3,u'food_ingredients', 0.00017350696461250449
Topic #3,u'label', 0.00016487503493430169
Topic #3,u'securely_affix', 0.0001648745588502062
Topic #3,u'product_container', 0.0001648745588502062
Topic #3,u'identify_code', 0.00016486980998888347
Topic #3,u'permanently_visible', 0.00016486980998888347
Topic #3,u'naked_eye', 0.00016486980998888347
Topic #3,u'mark', 0.00016486980998888347
Topic #7,u'process', 0.002030151560445954
Topic #7,u'pack', 0.00031469359124561616
Topic #7,u'period', 0.00031469163478425644
Topic #7,u'change', 0.00016487055611735167
Topic #7,u'sale', 0.00016486817311871138
Topic #7,u'lot', 0.00016486817311871138
Topic #7,u'distribution', 0.00016486817311871138
Topic #7,u'ready', 0.00016486817311871138
Topic #7,u'identification', 0.00016486817311871138
Topic #7,u'enable', 0.00016486817311871138
Topic #6,u'one', 0.0020285606660207234
Topic #6,u'personnel_shift', 0.0020285606546671217
Topic #6,u'represent', 0.0018750131243668194
Topic #6,u'container_constitute', 0.0018750131243668194
Topic #6,u'change_periodically', 0.00016401437441103072
Topic #6,u'follow_base', 0.00016401437441103072
Topic #6,u'legibly_perforate', 0.00016401436912675253
Topic #6,u'otherwise_mark', 0.00016401436912675253
Topic #6,u'cod', 0.00016401431161542986
Topic #6,u'label', 0.00016401389920323603
Topic #9,u'container', 0.00064706156327186198
Topic #9,u'food', 0.00056186888380063877
Topic #9,u'ensure', 0.00039753141472032586
Topic #9,u'code', 0.00031442580818272968
Topic #9,u'acid_solution', 0.00030392225178114106
Topic #9,u'immersion', 0.00020735205738784958
Topic #9,u'add', 0.00020714762775658004
Topic #9,u'acidification', 0.00020372744125460692
Topic #9,u'product', 0.00017475792811393013
Topic #9,u'care', 0.00017294733060958797
Topic #8,u'finish', 0.00036688818843244066
Topic #8,u'equilibrium_ph', 0.00036128555999682813
Topic #8,u'final_food_include', 0.0001113238975694382
Topic #8,u'procedure', 0.0001113238975694382
Topic #8,u'level', 0.0001113238975694382
Topic #8,u'attain', 0.0001113238975694382
Topic #8,u'acceptable', 0.0001113238975694382
Topic #8,u'generally', 0.00011132389549455049
Topic #8,u'liquid_acid', 0.00011132389549455049
Topic #8,u'pelleted_acid', 0.00011132389549455049
Topic #5,u'acid_food', 0.00026248786523829924
Topic #5,u'specific_formulation', 0.00016528935095061142
Topic #5,u'control_proportion', 0.00016528935095061142
Topic #5,u'conform', 0.00016528935095061142
Topic #5,u'hour', 0.00016528933381752706
Topic #5,u'interval', 0.00016528933381752706
Topic #5,u'year', 0.00016528928762247024
Topic #5,u'acid', 0.00011140351872557498
Topic #5,u'individual_container', 0.00011140333031611188
Topic #5,u'production', 0.00011140333031611188
Topic #1,u'contain_therein', 0.00016552650333763447
Topic #1,u'product', 0.00016552266193578107
Topic #1,u'retail', 5.4527841890707296e-05
Topic #1,u'held', 5.4527841784969429e-05
Topic #1,u'user', 5.4527841454996279e-05
Topic #1,u'sufficient_control', 5.4527830725952784e-05
Topic #1,u'pack', 1.5104784700948471e-05
Topic #1,u'period', 1.5104773229127951e-05
Topic #1,u'represent', 1.4225219600501359e-05
Topic #1,u'container_constitute', 1.4225219600501359e-05
Topic #4,u'represent', 1.4231845509258086e-05
Topic #4,u'container_constitute', 1.4231845509258086e-05
Topic #4,u'year', 1.4231845249160337e-05
Topic #4,u'cod', 1.423184524685611e-05
Topic #4,u'day', 1.4231845234841858e-05
Topic #4,u'product', 1.4231842124564846e-05
Topic #4,u'limit', 1.4231841999465915e-05
Topic #4,u'follow', 1.4231841989248761e-05
Topic #4,u'pack', 1.4231840638566568e-05
Topic #4,u'change', 1.4231840576262441e-05
Topic #2,u'represent', 1.4231845509255855e-05
Topic #2,u'container_constitute', 1.4231845509255855e-05
Topic #2,u'year', 1.4231845249284107e-05
Topic #2,u'cod', 1.4231845246854676e-05
Topic #2,u'day', 1.4231845234839535e-05
Topic #2,u'product', 1.4231842124595892e-05
Topic #2,u'limit', 1.4231841999405938e-05
Topic #2,u'follow', 1.4231841989247376e-05
Topic #2,u'pack', 1.4231840638564337e-05
Topic #2,u'change', 1.423184057626021e-05
