TopicNo,Topic Words,Probability Score
Topic #3,u'whereby', 0.001660415574628427
Topic #3,u'render_injurious', 0.001660415574628427
Topic #3,u'health', 0.001660415574628427
Topic #3,u'prepare', 1.4161557551267628e-05
Topic #3,u'pack', 1.4161557535329513e-05
Topic #3,u'act', 1.4161552680169515e-05
Topic #3,u'within', 1.4161550460596342e-05
Topic #3,u'mean', 1.4161550460596342e-05
Topic #3,u'well', 1.4161550237986421e-05
Topic #3,u'become', 1.4161550179261369e-05
Topic #7,u'act', 0.00026389460739512365
Topic #7,u'condition', 0.00011196494019654737
Topic #7,u'unfit', 0.00011196494019654737
Topic #7,u'food', 0.00011196494019654737
Topic #7,u'manufacture', 0.00011196494019654737
Topic #7,u'whereby', 1.4222735472566086e-05
Topic #7,u'health', 1.4222735472566086e-05
Topic #7,u'render_injurious', 1.4222735472566086e-05
Topic #7,u'prepare', 1.4222727738529877e-05
Topic #7,u'pack', 1.4222727722853134e-05
Topic #1,u'within', 0.0002638880426551247
Topic #1,u'mean', 0.0002638880426551247
Topic #1,u'criterion', 0.00011757977868636126
Topic #1,u'well', 7.7110767911537444e-05
Topic #1,u'render_injurious', 1.4222380583374838e-05
Topic #1,u'whereby', 1.4222380583374838e-05
Topic #1,u'health', 1.4222380583374838e-05
Topic #1,u'prepare', 1.4222372851654552e-05
Topic #1,u'pack', 1.4222372835867801e-05
Topic #1,u'act', 1.4222367962066972e-05
Topic #9,u'pack', 0.0001662335739126967
Topic #9,u'render_injurious', 1.4229689694635117e-05
Topic #9,u'whereby', 1.4229689694635117e-05
Topic #9,u'health', 1.4229689694635117e-05
Topic #9,u'prepare', 1.4229681956056989e-05
Topic #9,u'act', 1.4229677058639062e-05
Topic #9,u'within', 1.4229674827869754e-05
Topic #9,u'mean', 1.4229674827869754e-05
Topic #9,u'well', 1.4229674605792401e-05
Topic #9,u'become', 1.4229674545394009e-05
Topic #6,u'prepare', 0.000166136095047667
Topic #6,u'apply', 0.00011195400067788095
Topic #6,u'determine', 0.00011195400067788095
Topic #6,u'acidify_food', 0.00011195400067788095
Topic #6,u'whether', 0.00011195400067788095
Topic #6,u'adulterate', 0.00011195400067788095
Topic #6,u'article', 0.00011195400067788095
Topic #6,u'render_injurious', 1.4221345444449255e-05
Topic #6,u'whereby', 1.4221345444449255e-05
Topic #6,u'health', 1.4221345444449255e-05
Topic #5,u'contaminate', 0.00016613262914216134
Topic #5,u'filth', 0.00016613262914216134
Topic #5,u'insanitary_condition_whereby', 0.00016613262914216134
Topic #5,u'become', 0.00016613262914216134
Topic #5,u'held', 0.00016613262914216134
Topic #5,u'whereby', 1.4221043054541858e-05
Topic #5,u'health', 1.4221043054541858e-05
Topic #5,u'render_injurious', 1.4221043054541858e-05
Topic #5,u'prepare', 1.4221035339444241e-05
Topic #5,u'pack', 1.422103532364319e-05
Topic #4,u'good', 5.4721144011329866e-05
Topic #4,u'current', 5.4721143980411781e-05
Topic #4,u'manufacture_practice', 5.4721143561007978e-05
Topic #4,u'render_injurious', 1.4230124209607944e-05
Topic #4,u'whereby', 1.4230124209607944e-05
Topic #4,u'health', 1.4230124209607944e-05
Topic #4,u'prepare', 1.4230116463484668e-05
Topic #4,u'pack', 1.4230116447676249e-05
Topic #4,u'act', 1.4230111566036318e-05
Topic #4,u'within', 1.4230109336312276e-05
Topic #8,u'whereby', 1.4231852996504407e-05
Topic #8,u'render_injurious', 1.4231852996504407e-05
Topic #8,u'health', 1.4231852996504407e-05
Topic #8,u'prepare', 1.4231845252046093e-05
Topic #8,u'pack', 1.4231845236232073e-05
Topic #8,u'act', 1.4231840353790022e-05
Topic #8,u'within', 1.4231838122665686e-05
Topic #8,u'mean', 1.4231838122665686e-05
Topic #8,u'well', 1.4231837900604863e-05
Topic #8,u'become', 1.4231837840153306e-05
Topic #10,u'whereby', 1.42318529965032e-05
Topic #10,u'render_injurious', 1.42318529965032e-05
Topic #10,u'health', 1.42318529965032e-05
Topic #10,u'prepare', 1.4231845252045751e-05
Topic #10,u'pack', 1.4231845236254716e-05
Topic #10,u'act', 1.4231840353789693e-05
Topic #10,u'within', 1.4231838122665389e-05
Topic #10,u'mean', 1.4231838122665389e-05
Topic #10,u'well', 1.4231837900603974e-05
Topic #10,u'become', 1.4231837840153376e-05
Topic #2,u'whereby', 1.4231852996500653e-05
Topic #2,u'render_injurious', 1.4231852996500653e-05
Topic #2,u'health', 1.4231852996500653e-05
Topic #2,u'prepare', 1.4231845252048075e-05
Topic #2,u'pack', 1.4231845236229155e-05
Topic #2,u'act', 1.4231840353787277e-05
Topic #2,u'within', 1.4231838122662843e-05
Topic #2,u'mean', 1.4231838122662843e-05
Topic #2,u'well', 1.4231837900601399e-05
Topic #2,u'become', 1.423183784015036e-05
