TopicNo,Topic Words,Probability Score
Topic #10,u'paragraph', 0.0058556000086803462
Topic #10,u'set_forth', 0.0054355454306243677
Topic #10,u'reference', 0.005138821017459539
Topic #10,u'incorporate', 0.00096983732358735697
Topic #10,u'availability', 0.00033561278839328132
Topic #10,u'indicator_solution', 0.00030476145134343248
Topic #10,u'given', 0.00027970277915857387
Topic #10,u'incorporation', 0.00027970277915857387
Topic #10,u'prepare', 0.00027970122161630277
Topic #10,u'indicator_method', 0.00015936063168415249
Topic #2,u'available', 0.0057939002707399333
Topic #2,u'use', 0.00075308545926817592
Topic #2,u'set', 0.00046006931486316225
Topic #2,u'temperature', 0.0003614021139289002
Topic #2,u'method', 0.00034468447553981612
Topic #2,u'liquid', 0.00031937008462707913
Topic #2,u'another', 0.00026213790897839197
Topic #2,u'one', 0.00026213790897839197
Topic #2,u'foul', 0.00024060544846861022
Topic #2,u'phthalate', 0.00022030828680900911
Topic #4,u'incorporate', 0.005013733259935327
Topic #4,u'reference', 0.0010681713302916564
Topic #4,u'unit', 0.00053262765589437314
Topic #4,u'scale', 0.0002477803402243318
Topic #4,u'expand', 0.00020865870792025076
Topic #4,u'principle', 0.00020024102260234644
Topic #4,u'indicator_paper', 0.0001610890726020977
Topic #4,u'section', 0.00016108907260090104
Topic #4,u'set_forth', 0.00014317488997695182
Topic #4,u'center_scale', 0.00010866658642528785
Topic #8,u'determine', 0.0022369519540062876
Topic #8,u'sample_solution', 0.00034715423606607767
Topic #8,u'tape', 0.00030797391807419546
Topic #8,u'titratable_acidity', 0.00030788436610476567
Topic #8,u'change_color', 0.00030786761886314804
Topic #8,u'equilibrate_ph', 0.00030494332840160025
Topic #8,u'two', 0.0002477213393923061
Topic #8,u'comparison', 0.00022188449188695816
Topic #8,u'color', 0.00020570556104378129
Topic #8,u'equilibriated_ph', 0.0002021771633388485
Topic #1,u'temperature', 0.0016947101634222058
Topic #1,u'adjust', 0.0015828077520808231
Topic #1,u'prepare_paste', 0.000841955918117626
Topic #1,u'test', 0.00077355883617015897
Topic #1,u'paste', 0.00064326391960651847
Topic #1,u'meter', 0.0004243123554334195
Topic #1,u'color', 0.00026287095636987073
Topic #1,u'alternatively', 0.00025529907226623955
Topic #1,u'blend', 0.00025526327954452797
Topic #1,u'liquid', 0.00021660966764937791
Topic #9,u'sample', 0.0013820030905494856
Topic #9,u'electrode', 0.0010974534675152825
Topic #9,u'solution', 0.0006860815143619035
Topic #9,u'rinse', 0.00055765740833724708
Topic #9,u'aoac', 0.00048694412615972384
Topic #9,u'oil', 0.00043821910627735692
Topic #9,u'immerse', 0.00041577002935345888
Topic #9,u'liquid', 0.00032228319811236937
Topic #9,u'special', 0.00030742435449882097
Topic #9,u'product_mixtures', 0.00030742435449882097
Topic #7,u'instrument', 0.0006931894410951851
Topic #7,u'add', 0.00064260442310714856
Topic #7,u'standard', 0.00060898982588379158
Topic #7,u'distil_water', 0.00053508158011292403
Topic #7,u'blend', 0.00046265197815305612
Topic #7,u'standardize', 0.00043704531912213296
Topic #7,u'blot', 0.00042390129611062681
Topic #7,u'gram', 0.00040168597302799318
Topic #7,u'milliliter', 0.00040168597302799318
Topic #7,u'product', 0.00040168597302799318
Topic #5,u'blend', 0.00067629805824045487
Topic #5,u'uniform_paste', 0.0003506314222843233
Topic #5,u'buffer', 0.000291339388421439
Topic #5,u'necessary', 0.00028185567223277342
Topic #5,u'made', 0.00027233643903616742
Topic #5,u'known', 0.00026136554311272943
Topic #5,u'container', 0.00025596189516251228
Topic #5,u'entire_content', 0.00025595800768788628
Topic #5,u'workable_paste', 0.00024301263590976633
Topic #5,u'standardization_control', 0.00023054917166785019
Topic #3,u'final_action', 0.00051778622487846883
Topic #3,u'th_ed', 0.00049222235805648101
Topic #3,u'buffer_solution', 0.00043172782597233314
Topic #3,u'require', 0.00030909252173403647
Topic #3,u'fluidity', 0.00030909252173403647
Topic #3,u'approximately', 0.00024018704522473991
Topic #3,u'amount', 0.00020376437830551953
Topic #3,u'small', 0.00020376437830551953
Topic #3,u'ph_determination', 0.00020098054698354674
Topic #3,u'titratable_acidityofficial', 0.00016168670455195811
Topic #6,u'minute', 0.00034368348932094781
Topic #6,u'solid_materials', 0.00029844355703739371
Topic #6,u'allow', 0.00027057323645370186
Topic #6,u'sieve', 0.00025667088877765105
Topic #6,u'drain', 0.00025666574930994688
Topic #6,u'become', 0.00024330822741947108
Topic #6,u'ph_determination', 0.00024031365499575607
Topic #6,u'stabilize', 0.00023113366694926072
Topic #6,u'material', 0.00022281051962744084
Topic #6,u'make', 0.00020103010345003911
