TopicNo,Topic Words,Probability Score
Topic #10,u'compliance', 0.0045231827079099708
Topic #10,u'later', 0.00016178447430636219
Topic #10,u'act', 0.00016178447430636219
Topic #10,u'family', 0.00016178447430636219
Topic #10,u'submit', 0.00016178447430636219
Topic #10,u'date', 0.00016178447430636219
Topic #10,u'congress', 0.00016178447430636219
Topic #10,u'tobacco_control', 0.00016178447430636219
Topic #10,u'prevention', 0.00016178447430636219
Topic #10,u'section_and', 0.00016178447430636219
Topic #2,u'advertise', 0.0045208713532896017
Topic #2,u'except', 0.00028798888958843106
Topic #2,u'cover', 0.00025664650452724363
Topic #2,u'paragraph', 0.00022282346193917656
Topic #2,u'vend_machine', 0.00019313019661020589
Topic #2,u'entertainment', 0.00016170289717678106
Topic #2,u'secretary', 0.00016170217385004851
Topic #2,u'sport', 0.00016170180201091313
Topic #2,u'determine', 0.00016170180201091313
Topic #2,u'event', 0.00016170180201091313
Topic #3,u'applicable_requirement', 0.0043292191864744648
Topic #3,u'smokeless_tobacco', 0.0012132088081903878
Topic #3,u'retailer', 0.00078387066343937385
Topic #3,u'manufacturer', 0.00074500022298192514
Topic #3,u'distributor', 0.00070610027988836897
Topic #3,u'individual_portion', 0.00059797753301331737
Topic #3,u'facility', 0.00056959927353346851
Topic #3,u'per', 0.00040014843643119101
Topic #3,u'package', 0.00040014843634902778
Topic #3,u'label', 0.00030616246375573267
Topic #5,u'distribute', 0.0014687447468559392
Topic #5,u'paragraph', 0.00081969759893596027
Topic #5,u'cause', 0.00080721705839111838
Topic #5,u'ounce', 0.00025728545527592427
Topic #5,u'purpose', 0.00017057901619840343
Topic #5,u'ensure_compliance', 0.00016210537531253965
Topic #5,u'implement', 0.00016210537531253965
Topic #5,u'program', 0.00016210537531253965
Topic #5,u'secretary', 0.0001621050044902825
Topic #5,u'amount', 0.00016201569671768162
Topic #4,u'free_sample', 0.00062956423059129497
Topic #4,u'area', 0.00036162503808152418
Topic #4,u'distribution', 0.00024986520867520932
Topic #4,u'construct', 0.00020484625188806876
Topic #4,u'notwithstanding_paragraph', 0.00016242065068778543
Topic #4,u'barrier', 0.00010955235691165897
Topic #4,u'allow_airflow', 0.00010955103573352558
Topic #4,u'material', 0.00010955103573352558
Topic #4,u'bottom', 0.00010955103573352558
Topic #4,u'restricts_visibility', 0.00010955103573352558
Topic #1,u'labeling', 0.00031072069210473464
Topic #1,u'qualify_adult', 0.00026643717135525638
Topic #1,u'minimum', 0.00026336299122688329
Topic #1,u'least', 0.00017093622211721463
Topic #1,u'football', 0.00016251816025993033
Topic #1,u'ground', 0.00010961682699776582
Topic #1,u'floor', 0.00010961682699776582
Topic #1,u'foot', 0.00010961680088568637
Topic #1,u'space', 0.00010961680088189502
Topic #1,u'youth', 0.00010961680088189502
Topic #8,u'tobacco_product', 0.00030330911952128277
Topic #8,u'gram', 0.00025829519073554966
Topic #8,u'baseball', 0.0001627415036497521
Topic #8,u'state', 0.00011524197073326398
Topic #8,u'promotional', 0.00010976740414061254
Topic #8,u'activity', 0.00010976740414022573
Topic #8,u'tobacco_product_advertise', 0.00010976740413817957
Topic #8,u'serve', 7.5695569113606406e-05
Topic #8,u'january', 5.3763652807393293e-05
Topic #8,u'whose', 5.376365273469934e-05
Topic #6,u'sell', 0.00026376127619621396
Topic #6,u'sold', 0.00024173630215799528
Topic #6,u'basketball', 0.0001627293118724609
Topic #6,u'provide', 7.5690304264560258e-05
Topic #6,u'officer', 7.5689923739779235e-05
Topic #6,u'requires', 7.5689923739779235e-05
Topic #6,u'law_enforcement', 7.5689923739779235e-05
Topic #6,u'government', 7.5689923017735526e-05
Topic #6,u'license', 7.5689923017735526e-05
Topic #6,u'governmental_entity', 7.5689923017735526e-05
Topic #7,u'sale', 0.0002080073167734292
Topic #7,u'designate', 0.00010985064655525123
Topic #7,u'order', 9.3397727705745232e-05
Topic #7,u'time', 7.5752973056294532e-05
Topic #7,u'impersonal_mode', 5.3818419534082176e-05
Topic #7,u'exception', 5.3818411463562148e-05
Topic #7,u'follow_method', 1.4245244481683913e-05
Topic #7,u'permit', 1.4226239411334633e-05
Topic #7,u'applicable_requirement', 1.4224763301473627e-05
Topic #7,u'labeling', 1.4224600860957474e-05
Topic #9,u'collective_weight', 0.00016269215273437583
Topic #9,u'face', 9.3389612658489448e-05
Topic #9,u'term', 7.5748564895767621e-05
Topic #9,u'federal_food', 7.5748135647343829e-05
Topic #9,u'define', 7.5748135647343829e-05
Topic #9,u'manufacture', 5.3814968046892284e-05
Topic #9,u'condition', 5.3814968013486572e-05
Topic #9,u'consumer', 5.3808855192344631e-05
Topic #9,u'exchange', 5.380885502380995e-05
Topic #9,u'exceed', 1.6632200441221603e-05
