TopicNo,Topic Words,Probability Score
Topic #2,u'limit', 0.0023159752480431035
Topic #2,u'audio', 0.0020177379181092435
Topic #2,u'sound_effect', 0.0020177379168209502
Topic #2,u'music', 0.0020177379168209502
Topic #2,u'word', 0.0020177379168209502
Topic #2,u'video', 0.0018686191756910949
Topic #2,u'advertise', 0.00042775551487276599
Topic #2,u'video_format', 0.00031225732905856661
Topic #2,u'labeling', 0.00026458629262792312
Topic #2,u'white_background', 0.00022486505661173964
Topic #9,u'publication', 0.00022819953417427754
Topic #9,u'appear', 7.6869604926271766e-05
Topic #9,u'video', 1.4227908599005168e-05
Topic #9,u'periodical', 1.4227905264271583e-05
Topic #9,u'magazine', 1.4227905257642042e-05
Topic #9,u'purpose', 1.4227905257607482e-05
Topic #9,u'adult_publication', 1.4227904217936013e-05
Topic #9,u'limit', 1.4227902230693537e-05
Topic #9,u'newspaper', 1.4227902060772134e-05
Topic #9,u'retailer_demonstrates', 1.4227902058768307e-05
Topic #3,u'person', 0.00016527123179512607
Topic #3,u'million', 0.00016527123179512607
Topic #3,u'read', 0.00016527123179512607
Topic #3,u'fewer', 0.00016527123179512607
Topic #3,u'measure', 0.00016527120127602922
Topic #3,u'younger', 0.00016527120127602922
Topic #3,u'evidence', 0.00016527120127602922
Topic #3,u'year', 0.00016527120127602922
Topic #3,u'reliable', 0.00016527120127602922
Topic #3,u'competent', 0.00016527120127602922
Topic #1,u'age', 0.00016525570953891826
Topic #1,u'survey', 0.00016525570953891826
Topic #1,u'younger', 0.00016525570953891826
Topic #1,u'year', 0.00016525570953891826
Topic #1,u'evidence', 0.00016525570953891826
Topic #1,u'measure', 0.00016525570953891826
Topic #1,u'reliable', 0.00016525570953891826
Topic #1,u'competent', 0.00016525570953891826
Topic #1,u'percent', 0.0001652556780920949
Topic #1,u'total_readership', 0.0001652556780920949
Topic #10,u'distributor', 0.00015184273867639716
Topic #10,u'adult_publication', 0.00011154621703680589
Topic #10,u'newspaper', 0.0001115462154812206
Topic #10,u'periodical', 0.00011154618668368084
Topic #10,u'self', 7.6843402225577128e-05
Topic #10,u'vend_machine', 7.6843402225577128e-05
Topic #10,u'facility', 7.6841094639708212e-05
Topic #10,u'video', 1.4223057889849038e-05
Topic #10,u'magazine', 1.4223054551345729e-05
Topic #10,u'purpose', 1.4223054551094481e-05
Topic #5,u'facility', 0.00013856417967646591
Topic #5,u'provide', 0.00011712496734249219
Topic #5,u'service_display', 7.6833664572618671e-05
Topic #5,u'permit', 7.6833664572618671e-05
Topic #5,u'fixture', 7.6416098728209535e-05
Topic #5,u'visible', 7.6416098728209535e-05
Topic #5,u'outside', 7.6416098728209535e-05
Topic #5,u'wall', 7.6416098728209535e-05
Topic #5,u'affix', 7.6416098728209535e-05
Topic #5,u'paragraph', 5.4512651019485779e-05
Topic #4,u'purpose', 0.00011160423487670535
Topic #4,u'video', 1.4230459511278269e-05
Topic #4,u'periodical', 1.4230456177096432e-05
Topic #4,u'magazine', 1.4230456170460956e-05
Topic #4,u'adult_publication', 1.4230455129838327e-05
Topic #4,u'limit', 1.4230453139257829e-05
Topic #4,u'newspaper', 1.4230452970779278e-05
Topic #4,u'retailer_demonstrates', 1.4230452968773466e-05
Topic #4,u'video_format', 1.4230452469323005e-05
Topic #4,u'limit_distribution', 1.4230452162023807e-05
Topic #8,u'magazine', 0.00011160423487534774
Topic #8,u'video', 1.4230459511275833e-05
Topic #8,u'periodical', 1.4230456177094e-05
Topic #8,u'purpose', 1.4230456170421189e-05
Topic #8,u'adult_publication', 1.4230455130519929e-05
Topic #8,u'limit', 1.4230453139254394e-05
Topic #8,u'newspaper', 1.4230452970776904e-05
Topic #8,u'retailer_demonstrates', 1.4230452969455065e-05
Topic #8,u'video_format', 1.4230452469319573e-05
Topic #8,u'periodic', 1.4230452162021435e-05
Topic #7,u'video', 1.423184532130514e-05
Topic #7,u'periodical', 1.4231841985407833e-05
Topic #7,u'magazine', 1.4231841979356472e-05
Topic #7,u'purpose', 1.4231841978740613e-05
Topic #7,u'adult_publication', 1.4231840938031875e-05
Topic #7,u'limit', 1.423183894798374e-05
Topic #7,u'newspaper', 1.4231838778729715e-05
Topic #7,u'retailer_demonstrates', 1.4231838776723704e-05
Topic #7,u'video_format', 1.4231838277745433e-05
Topic #7,u'whether', 1.4231837969883221e-05
Topic #6,u'video', 1.423184532130443e-05
Topic #6,u'periodical', 1.4231841985407121e-05
Topic #6,u'magazine', 1.423184197877134e-05
Topic #6,u'purpose', 1.4231841978734214e-05
Topic #6,u'adult_publication', 1.4231840938031268e-05
Topic #6,u'limit', 1.4231838948032096e-05
Topic #6,u'newspaper', 1.4231838778729109e-05
Topic #6,u'retailer_demonstrates', 1.4231838776723096e-05
Topic #6,u'video_format', 1.423183827779379e-05
Topic #6,u'periodic', 1.4231837969882614e-05
