TopicNo,Topic Words,Probability Score
Topic #4,u'place', 0.0017500327097768218
Topic #4,u'intend', 0.0017155127076683148
Topic #4,u'oral', 0.0016531764881978857
Topic #4,u'leaf_tobacco', 0.0016531764881978857
Topic #4,u'nasal_cavity', 0.0016531764881978857
Topic #4,u'mean', 0.00026718145477272676
Topic #4,u'product', 0.00025355879822430759
Topic #4,u'consists', 0.00022703498323664895
Topic #4,u'cut', 0.00016451814504482318
Topic #4,u'loose_tobacco', 7.6389789603318971e-05
Topic #2,u'powder', 0.001655889482858047
Topic #2,u'smokeless_tobacco', 0.0006800146797634435
Topic #2,u'cigarette', 0.00064600232894805436
Topic #2,u'consumer', 0.00044070642263708263
Topic #2,u'person', 0.00042154861506453381
Topic #2,u'personal_consumption', 0.0004128644863600155
Topic #2,u'individual', 0.00026199086697498451
Topic #2,u'point', 0.00026199064754759679
Topic #2,u'retailer_mean', 0.0001649868819785039
Topic #2,u'sell_cigarette', 0.0001649868819785039
Topic #9,u'include', 0.0002636805511557742
Topic #9,u'nicotine', 0.00016601760648893751
Topic #9,u'salt', 0.00016601760648893751
Topic #9,u'complex', 0.00016601760648893751
Topic #9,u'andor', 0.00011187410897102126
Topic #9,u'relabeler', 0.00011187410897102126
Topic #9,u'repacker', 0.00011187410897102126
Topic #9,u'chemical', 0.00011187410565164236
Topic #9,u'substance_name', 0.00011187410565164236
Topic #9,u'nicotine_mean', 0.00011187410565164236
Topic #10,u'purchase', 0.00022902168897386398
Topic #10,u'use', 7.7126136480013427e-05
Topic #10,u'tobacco', 7.7126136480013427e-05
Topic #10,u'filler', 7.7126136480013427e-05
Topic #10,u'type', 7.7126136480013427e-05
Topic #10,u'obtain', 1.4246658035227665e-05
Topic #10,u'otherwise', 1.4246658035227665e-05
Topic #10,u'location', 1.4246658035227665e-05
Topic #10,u'sale_mean', 1.4246658035227665e-05
Topic #10,u'point', 1.4225419361400488e-05
Topic #7,u'offer', 0.0002290213629894058
Topic #7,u'box', 0.00016616047000609833
Topic #7,u'definition', 9.5152008973754045e-05
Topic #7,u'likely', 7.7116468139281516e-05
Topic #7,u'term_cigarette', 5.4695409400333734e-05
Topic #7,u'meet', 5.4695409350731525e-05
Topic #7,u'kind', 1.4290868494532536e-05
Topic #7,u'container', 1.4290868494532536e-05
Topic #7,u'sale', 1.4290868494532536e-05
Topic #7,u'smokeless_tobacco', 1.4223770766834086e-05
Topic #3,u'tobacco_product', 0.00020665848214422721
Topic #3,u'pyridine', 0.0001120041513744982
Topic #3,u'cut', 1.4319596210116978e-05
Topic #3,u'smokeless_tobacco', 1.4230195514335396e-05
Topic #3,u'consists', 1.4228861497191627e-05
Topic #3,u'mean', 1.4228394834265294e-05
Topic #3,u'powder', 1.4227771189372905e-05
Topic #3,u'leaf_tobacco', 1.4227714357253338e-05
Topic #3,u'nasal_cavity', 1.4227714357253338e-05
Topic #3,u'oral', 1.4227714357253338e-05
Topic #8,u'sold', 0.00016613308210786161
Topic #8,u'ground', 0.00016613308210670382
Topic #8,u'assembles', 0.00011195192761708652
Topic #8,u'import', 7.7103761594481555e-05
Topic #8,u'whether', 7.7103761594481555e-05
Topic #8,u'domestic', 7.7103761594481555e-05
Topic #8,u'state', 7.7103757222530972e-05
Topic #8,u'unless_otherwise', 7.7103757222530972e-05
Topic #8,u'form', 5.4686383170931437e-05
Topic #8,u'powder', 1.4221137225747406e-05
Topic #6,u'self', 0.00016604072832061056
Topic #6,u'operates', 0.00016604072832061056
Topic #6,u'vend_machine', 0.00016604072832061056
Topic #6,u'facility', 0.00016604072832061056
Topic #6,u'pack', 0.00016604071118689979
Topic #6,u'package_mean', 0.00016604071118689979
Topic #6,u'permit', 0.00016604071118643968
Topic #6,u'service_display', 0.00016604071118643968
Topic #6,u'methyl', 0.0001118896506304737
Topic #6,u'powder', 1.4213226225685602e-05
Topic #5,u'manufacture', 0.0001120182266369299
Topic #5,u'includes_tobacco', 5.472021162657935e-05
Topic #5,u'definition', 1.4245268598449643e-05
Topic #5,u'cigarette', 1.4245251268710535e-05
Topic #5,u'powder', 1.4229934371732151e-05
Topic #5,u'leaf_tobacco', 1.4229877514621573e-05
Topic #5,u'nasal_cavity', 1.4229877514621573e-05
Topic #5,u'oral', 1.4229877514621573e-05
Topic #5,u'carton', 1.4229876886505062e-05
Topic #5,u'ground', 1.4229876841325094e-05
Topic #1,u'common_carrier', 0.00011194849027880487
Topic #1,u'purpose', 0.00011194849027880487
Topic #1,u'consider_distributor', 0.00011194849027880487
Topic #1,u'smokeless_tobacco_product', 0.00011194849027751296
Topic #1,u'label', 0.00011194849027751296
Topic #1,u'finish_cigarette', 0.00011194849027751296
Topic #1,u'process', 0.00011194845413756647
Topic #1,u'appearance', 7.7101347794028514e-05
Topic #1,u'functional', 5.4660251740712235e-05
Topic #1,u'product', 1.4242484005627739e-05
