TopicNo,Topic Words,Probability Score
Topic #8,u'requirement', 0.002070669566232398
Topic #8,u'compliance', 0.0018806170506000788
Topic #8,u'brought', 0.0018806170506000788
Topic #8,u'remove', 0.0018806170506000788
Topic #8,u'establishment', 0.00016418612354618603
Topic #8,u'comply', 0.00016418612354618603
Topic #8,u'item', 0.00016418606587127328
Topic #8,u'verify', 7.6228944352383214e-05
Topic #8,u'contain', 7.6228944352383214e-05
Topic #8,u'photographic', 7.6228944352383214e-05
Topic #5,u'retailer', 0.00055469715962779248
Topic #5,u'smokeless_tobacco', 0.00024822968581129988
Topic #5,u'cigarette', 0.00024822878070891795
Topic #5,u'quantity', 0.00020808382716980904
Topic #5,u'smaller', 0.00020808382716980904
Topic #5,u'face', 0.00020801262926778327
Topic #5,u'ensure', 0.00020502385559383328
Topic #5,u'self', 0.0001648788876540421
Topic #5,u'locate', 0.00016487887576747037
Topic #5,u'sell', 0.00011112669097458891
Topic #10,u'age', 0.00017962686340606724
Topic #10,u'sell_cigarette', 0.00015173004887449602
Topic #10,u'smokeless_tobacco', 0.00015172914109315899
Topic #10,u'retailer', 0.00015172871052438676
Topic #10,u'person', 0.00011705297959615272
Topic #10,u'younger', 0.00011705297952033368
Topic #10,u'year', 0.0001170529794955296
Topic #10,u'direct', 0.0001114634375422167
Topic #10,u'birth', 7.6786374078147656e-05
Topic #10,u'person_purchase', 7.6786374078147656e-05
Topic #1,u'labeling', 0.00016557849301841854
Topic #1,u'remove', 1.4229696115991483e-05
Topic #1,u'compliance', 1.4229696115991483e-05
Topic #1,u'brought', 1.4229696115991483e-05
Topic #1,u'item', 1.4229691274800237e-05
Topic #1,u'advertise', 1.4229691256816418e-05
Topic #1,u'service_display', 1.4229691254133436e-05
Topic #1,u'vend_machine', 1.4229688005950404e-05
Topic #1,u'face', 1.4229686916955245e-05
Topic #1,u'locate', 1.4229686143602827e-05
Topic #7,u'service_display', 0.00016557849301830716
Topic #7,u'remove', 1.4229696115971353e-05
Topic #7,u'compliance', 1.4229696115971353e-05
Topic #7,u'brought', 1.4229696115971353e-05
Topic #7,u'item', 1.4229691274801587e-05
Topic #7,u'advertise', 1.4229691256821495e-05
Topic #7,u'labeling', 1.4229691254129521e-05
Topic #7,u'vend_machine', 1.4229688005949945e-05
Topic #7,u'face', 1.4229686924919812e-05
Topic #7,u'locate', 1.4229686143602378e-05
Topic #6,u'advertise', 0.00016556237242619967
Topic #6,u'vend_machine', 0.00011158734533803101
Topic #6,u'remove', 1.4228310724050903e-05
Topic #6,u'compliance', 1.4228310724050903e-05
Topic #6,u'brought', 1.4228310724050903e-05
Topic #6,u'item', 1.4228305883056828e-05
Topic #6,u'service_display', 1.4228305862398492e-05
Topic #6,u'labeling', 1.4228305862395517e-05
Topic #6,u'face', 1.4228301528239614e-05
Topic #6,u'locate', 1.4228300753921296e-05
Topic #9,u'otherwise_provided', 0.00011718815398455905
Topic #9,u'except', 0.00011718815321294789
Topic #9,u'remove', 1.4228919494618541e-05
Topic #9,u'compliance', 1.4228919494618541e-05
Topic #9,u'brought', 1.4228919494618541e-05
Topic #9,u'item', 1.4228914643220551e-05
Topic #9,u'advertise', 1.4228914625242354e-05
Topic #9,u'service_display', 1.422891462256055e-05
Topic #9,u'labeling', 1.4228914622557516e-05
Topic #9,u'vend_machine', 1.4228911373389855e-05
Topic #4,u'paragraph', 7.6886039239505642e-05
Topic #4,u'brought', 1.4230958394549683e-05
Topic #4,u'remove', 1.4230958394549683e-05
Topic #4,u'compliance', 1.4230958394549683e-05
Topic #4,u'item', 1.4230953548767515e-05
Topic #4,u'advertise', 1.4230953530661476e-05
Topic #4,u'service_display', 1.4230953528192829e-05
Topic #4,u'labeling', 1.4230953527972056e-05
Topic #4,u'vend_machine', 1.4230950279106958e-05
Topic #4,u'face', 1.4230949190112676e-05
Topic #2,u'remove', 1.4231850097930953e-05
Topic #2,u'compliance', 1.4231850097930953e-05
Topic #2,u'brought', 1.4231850097930953e-05
Topic #2,u'item', 1.4231845247660751e-05
Topic #2,u'advertise', 1.4231845229657145e-05
Topic #2,u'service_display', 1.423184522697323e-05
Topic #2,u'labeling', 1.4231845226970081e-05
Topic #2,u'vend_machine', 1.4231841978503217e-05
Topic #2,u'face', 1.4231840889057626e-05
Topic #2,u'locate', 1.4231840115598155e-05
Topic #3,u'brought', 1.4231850093415686e-05
Topic #3,u'remove', 1.4231850093415686e-05
Topic #3,u'compliance', 1.4231850093415686e-05
Topic #3,u'item', 1.4231845247666352e-05
Topic #3,u'advertise', 1.4231845229656551e-05
Topic #3,u'service_display', 1.4231845226972195e-05
Topic #3,u'labeling', 1.4231845226969246e-05
Topic #3,u'vend_machine', 1.4231841978310368e-05
Topic #3,u'face', 1.4231840889571793e-05
Topic #3,u'locate', 1.4231840115597233e-05
