TopicNo,Topic Words,Probability Score
Topic #10,u'state', 0.0039279763103978573
Topic #10,u'includes', 0.0018718594973308848
Topic #10,u'political_division', 0.0017220436374220155
Topic #10,u'term', 0.0017220436374220155
Topic #10,u'person', 0.00054905729839861109
Topic #10,u'individual', 0.0004100237606252321
Topic #10,u'unite', 0.00026020503183324731
Topic #10,u'personal_consumption', 0.00026020407264173664
Topic #10,u'distribution', 0.0002066896110846657
Topic #10,u'point', 0.00017244392212653452
Topic #2,u'johnston_island', 0.0019621561257868142
Topic #2,u'wake_island', 0.00038814280807319859
Topic #2,u'incorporate', 0.00016552777548427586
Topic #2,u'reference', 0.00016552777548427586
Topic #2,u'corporation', 0.00016552772936999946
Topic #2,u'partnership', 0.00016552772936752981
Topic #2,u'commerce_mean', 5.4502038161227326e-05
Topic #2,u'outside_thereof', 1.4975036325575196e-05
Topic #2,u'place', 1.4304970218809819e-05
Topic #2,u'term', 1.4189599314051e-05
Topic #6,u'kingman_reef', 0.0019583018056421367
Topic #6,u'cigarette', 0.00044905953805548582
Topic #6,u'district', 0.00033047354521496846
Topic #6,u'columbia', 0.00033047354514260924
Topic #6,u'place', 0.00023624448850092131
Topic #6,u'require_warns', 0.00016519935262526676
Topic #6,u'set_forth', 0.00016519935262526676
Topic #6,u'permit', 0.00016519935262516893
Topic #6,u'service_display', 0.00016519935262516893
Topic #6,u'offer', 0.00015156243767933949
Topic #8,u'american_samoa', 0.00038875379018498102
Topic #8,u'virgin_island', 0.00033165179718970745
Topic #8,u'consumer', 0.00024958695215989308
Topic #8,u'otherwise_distribute', 0.00011172687607519497
Topic #8,u'box', 0.00011172684725191429
Topic #8,u'sold', 0.00011172684725169315
Topic #8,u'fabricates', 0.00011172684724936755
Topic #8,u'cigarette_describe', 5.4587840864835027e-05
Topic #8,u'paragraph', 5.4587839842312479e-05
Topic #8,u'sale', 1.4372301277673642e-05
Topic #4,u'midway_island', 0.0003884146458329216
Topic #4,u'operates', 0.00016564372075999139
Topic #4,u'facility', 0.00016564372075999139
Topic #4,u'self', 0.00016564372075999139
Topic #4,u'vend_machine', 0.00016564372075999139
Topic #4,u'package', 0.00015197011921969707
Topic #4,u'purpose', 0.00015197011539841237
Topic #4,u'rear', 0.00011162942205006499
Topic #4,u'panel', 0.00011162942205006499
Topic #4,u'largest', 0.00011162942205006499
Topic #5,u'guam', 0.00033184307215550489
Topic #5,u'use', 0.00020628318476320685
Topic #5,u'geographical_sense', 0.00016588395113169006
Topic #5,u'filler', 5.4619324750480651e-05
Topic #5,u'tobacco', 5.4619324560007633e-05
Topic #5,u'type', 5.461932441049097e-05
Topic #5,u'cigarette_mean', 5.4619312005097438e-05
Topic #5,u'definition', 1.4389408191567797e-05
Topic #5,u'term', 1.422013189526306e-05
Topic #5,u'political_division', 1.422013189526306e-05
Topic #3,u'puerto_rico', 0.00026878049562774971
Topic #3,u'commonwealth', 0.00026878049558908028
Topic #3,u'warn_statement', 0.00016570972514536039
Topic #3,u'color', 0.00016570972514536039
Topic #3,u'mean', 0.00016570972514536039
Topic #3,u'accompany', 0.00016570972514536039
Topic #3,u'textual', 0.00016570972514536039
Topic #3,u'graphic', 0.00016570972514536039
Topic #3,u'one', 0.00016570972514536039
Topic #3,u'require_warn', 0.00016570972514536039
Topic #9,u'business', 0.00016588924842097564
Topic #9,u'legal_entity', 0.00016588924842097564
Topic #9,u'label', 0.00011179488990620574
Topic #9,u'finish_cigarette', 0.00011179488990620574
Topic #9,u'pack', 0.0001117948825631434
Topic #9,u'package_mean', 0.0001117948825631434
Topic #9,u'product', 0.00011179412776219467
Topic #9,u'term', 1.4220586000637583e-05
Topic #9,u'political_division', 1.4220586000637583e-05
Topic #9,u'partnership', 1.4220584880494115e-05
Topic #1,u'manufacture', 0.00011186411467253376
Topic #1,u'purchase', 5.4656762223615401e-05
Topic #1,u'political_division', 1.4229881500290239e-05
Topic #1,u'term', 1.4229881500290239e-05
Topic #1,u'partnership', 1.422988037747278e-05
Topic #1,u'corporation', 1.4229880377217781e-05
Topic #1,u'assembles', 1.4229877143038328e-05
Topic #1,u'sold', 1.4229877125524899e-05
Topic #1,u'fabricates', 1.4229877125520352e-05
Topic #1,u'box', 1.4229877125449767e-05
Topic #7,u'carton', 0.00011182083056355361
Topic #7,u'manufacturer_mean', 0.00011177439148078684
Topic #7,u'substance', 9.5043643760098863e-05
Topic #7,u'tobacco_wrap', 9.5043643708545781e-05
Topic #7,u'roll', 9.5043643707506465e-05
Topic #7,u'contain_tobacco', 9.5043643407262748e-05
Topic #7,u'paper', 5.4633760929065306e-05
Topic #7,u'person', 1.4417898387438268e-05
Topic #7,u'term', 1.4223890324130869e-05
Topic #7,u'political_division', 1.4223890324130869e-05
