TopicNo,Topic Words,Probability Score
Topic #5,u'require_warn', 0.0016904390729051591
Topic #5,u'require_warns', 0.0012853762454391011
Topic #5,u'cigarette', 0.00097775869528958156
Topic #5,u'text', 0.00058254298763351731
Topic #5,u'specify', 0.00051388740485961847
Topic #5,u'accurately_reproduce', 0.00051388740485961847
Topic #5,u'contain', 0.00047796453930579636
Topic #5,u'obtain', 0.00047796453863490962
Topic #5,u'image', 0.00047796453831756104
Topic #5,u'electronic', 0.0004779645381894394
Topic #6,u'advertisement', 0.001233208814628469
Topic #6,u'english', 0.00047951420787460544
Topic #6,u'appears', 0.000328339903450851
Topic #6,u'case', 0.000328339903450851
Topic #6,u'publication', 0.00031804545865434143
Topic #6,u'warning', 0.00025919421400115309
Topic #6,u'english_language', 0.00017126304784945555
Topic #6,u'non', 0.00017126205972283685
Topic #6,u'permanently_affixed', 9.749188994207986e-05
Topic #6,u'indelibly_print', 9.749188994207986e-05
Topic #9,u'labeling', 0.00066930041657443625
Topic #9,u'advertise_act', 0.0006693004148791065
Topic #9,u'federal', 0.00066930041474405416
Topic #9,u'cigarette', 0.00066929467317108655
Topic #9,u'accordance', 0.00042435797721862307
Topic #9,u'requirement', 0.00025912363048704066
Topic #9,u'place', 0.00025912322066557234
Topic #9,u'distributor', 0.00011486241725461412
Topic #9,u'language_warning', 1.4180348241475971e-05
Topic #9,u'example', 1.4180343592353621e-05
Topic #7,u'package', 0.00059083012451260832
Topic #7,u'indelibly_print', 0.00014764445257711126
Topic #7,u'permanently_affixed', 0.00014764445257711126
Topic #7,u'english', 1.474614052589838e-05
Topic #7,u'top', 1.4295718429936831e-05
Topic #7,u'upper_portion', 1.4295718429936831e-05
Topic #7,u'panel', 1.4287661445269971e-05
Topic #7,u'locate', 1.4282255420329269e-05
Topic #7,u'comprise', 1.4282255420329269e-05
Topic #7,u'least', 1.427983885942052e-05
Topic #10,u'language_warning', 0.00057421873234675847
Topic #10,u'sell', 0.0001436747303655572
Topic #10,u'cigarette_carton', 0.00011517382905230037
Topic #10,u'offer', 7.8946749408702682e-05
Topic #10,u'distribute', 7.8946722240851448e-05
Topic #10,u'example', 1.4218788974759768e-05
Topic #10,u'warning', 1.4218788663691996e-05
Topic #10,u'english', 1.421877455223524e-05
Topic #10,u'foreign', 1.4218770407484291e-05
Topic #10,u'english_publication', 1.4218770406607705e-05
Topic #8,u'textual_warn', 0.00050276529318758496
Topic #8,u'percent', 0.0004589343332178803
Topic #8,u'least', 0.0004589343332178803
Topic #8,u'spanish', 0.00041507989396504354
Topic #8,u'rear_panel', 0.00027937521901878266
Topic #8,u'front', 0.00027937521670283471
Topic #8,u'include', 0.0002584545201222283
Topic #8,u'true', 0.0002584545201222283
Topic #8,u'accurate_translation', 0.0002584545201222283
Topic #8,u'insertion', 0.0002584545201222283
Topic #3,u'incorporate', 0.0004802335463584434
Topic #3,u'reference', 0.00048023354430472011
Topic #3,u'clear', 0.00035929316079202916
Topic #3,u'package', 0.00034935389239361501
Topic #3,u'permanent_warning', 0.00025886572957275263
Topic #3,u'irremovable', 0.00025886572957275263
Topic #3,u'outer_wrapper', 0.00025262536166957144
Topic #3,u'access', 0.00025262536166957144
Topic #3,u'print', 0.00025262536166957144
Topic #3,u'product', 0.00025262536166957144
Topic #4,u'within', 0.00042484577571563146
Topic #4,u'except', 0.0004166783547466275
Topic #4,u'advertise', 0.00021581693625995397
Topic #4,u'state', 0.00017964209674619375
Topic #4,u'unite', 0.00017964209630619987
Topic #4,u'cigarette', 0.00017964176109585935
Topic #4,u'cause', 0.00011500757085087778
Topic #4,u'retailer', 0.00011500757085087778
Topic #4,u'advertise_bear', 0.00011500757085087778
Topic #4,u'cigarette_unless', 0.00011500757085087778
Topic #2,u'unlawful', 0.00017993953758499711
Topic #2,u'english_publication', 0.0001717144460616485
Topic #2,u'foreign', 0.00017171444602616026
Topic #2,u'manufacturer', 0.00011519795995213859
Topic #2,u'manufacture', 7.8963247469316831e-05
Topic #2,u'person', 7.8963243438833215e-05
Topic #2,u'language_warning', 1.4221763949855016e-05
Topic #2,u'example', 1.4221759201275434e-05
Topic #2,u'warning', 1.4221758902228203e-05
Topic #2,u'english', 1.4221744798711114e-05
Topic #1,u'provide', 0.00011526822388076204
Topic #1,u'language_warning', 1.4230447218482102e-05
Topic #1,u'example', 1.4230442468753114e-05
Topic #1,u'warning', 1.4230442169210806e-05
Topic #1,u'english', 1.4230428038463863e-05
Topic #1,u'foreign', 1.4230423912176587e-05
Topic #1,u'english_publication', 1.4230423887022491e-05
Topic #1,u'except', 1.4230423273400077e-05
Topic #1,u'permanent_warning', 1.4230416119597722e-05
Topic #1,u'irremovable', 1.4230416119597722e-05
