TopicNo,Topic Words,Probability Score
Topic #6,u'material', 0.0011467792862446518
Topic #6,u'way', 0.0011467792862446518
Topic #6,u'otherwise_change', 0.00092555577293659537
Topic #6,u'reduce', 0.000925555767336518
Topic #6,u'size', 0.000925555767336518
Topic #6,u'advertisement', 0.00045521256801864338
Topic #6,u'retailer', 0.00043665019973664158
Topic #6,u'requirement', 0.0003186379751717961
Topic #6,u'display', 0.00026271561329369866
Topic #6,u'alter', 0.00023533377689765496
Topic #3,u'sever', 0.00093163808271996438
Topic #3,u'whole', 0.00093163808271996438
Topic #3,u'permit', 7.9394634491239963e-05
Topic #3,u'scope', 5.6154570046270893e-05
Topic #3,u'importer', 1.4204201452427387e-05
Topic #3,u'drug', 1.4204199932674759e-05
Topic #3,u'reduce', 1.420419991739208e-05
Topic #3,u'size', 1.420419991739208e-05
Topic #3,u'open', 1.4204199614946027e-05
Topic #3,u'location', 1.4204199614946027e-05
Topic #4,u'cigarette', 0.0004347954370521148
Topic #4,u'advertise_act', 0.00039431880764725035
Topic #4,u'federal', 0.00039431880764725035
Topic #4,u'labeling', 0.00039431880764725035
Topic #4,u'package', 0.0001632517922940606
Topic #4,u'distributor', 0.00012132907896326792
Topic #4,u'manufacturer', 5.6144025318333858e-05
Topic #4,u'manufacture', 5.6144025226890269e-05
Topic #4,u'apply', 5.6144025135604735e-05
Topic #4,u'federal_food', 5.6137208228230362e-05
Topic #1,u'warn', 0.00043084396888661691
Topic #1,u'include', 0.00027324880985658432
Topic #1,u'obscure', 0.00027324880985658432
Topic #1,u'tobacco_product_manufacturer', 7.9464400132399663e-05
Topic #1,u'hold', 7.9464400132399663e-05
Topic #1,u'contain', 1.4235065710890154e-05
Topic #1,u'contains', 1.4218501594969016e-05
Topic #1,u'health_warn', 1.4218501594969016e-05
Topic #1,u'alter', 1.4217129654953018e-05
Topic #1,u'requirement', 1.4216870524200855e-05
Topic #9,u'health_warn', 0.00023721674921615602
Topic #9,u'contains', 0.00023721674921615602
Topic #9,u'contain', 1.4287492649066356e-05
Topic #9,u'warn', 1.4231518949633977e-05
Topic #9,u'alter', 1.4226614245768055e-05
Topic #9,u'requirement', 1.4225970066200907e-05
Topic #9,u'material', 1.4225757422292791e-05
Topic #9,u'way', 1.4225757422292791e-05
Topic #9,u'retailer', 1.4225751245946582e-05
Topic #9,u'advertisement', 1.4225733751779724e-05
Topic #5,u'retailer', 0.00018092597804671466
Topic #5,u'paragraph', 0.00011566032683162612
Topic #5,u'liability', 0.00011566032683162612
Topic #5,u'relieve', 0.00011566032683162612
Topic #5,u'retailer_display', 0.00011566032683162612
Topic #5,u'license', 7.9489877000373863e-05
Topic #5,u'supply', 7.9489877000373863e-05
Topic #5,u'drug', 5.6221917659720248e-05
Topic #5,u'importer', 1.4221237100939673e-05
Topic #5,u'permit', 1.4221237095570385e-05
Topic #7,u'location', 0.00011570158824248227
Topic #7,u'public', 0.00011570158824248227
Topic #7,u'open', 0.00011570158824248227
Topic #7,u'cosmetic_act', 5.6241986701503501e-05
Topic #7,u'authority', 5.6241986238545474e-05
Topic #7,u'package', 1.4242269782643455e-05
Topic #7,u'importer', 1.4226311118626652e-05
Topic #7,u'permit', 1.4226311113504016e-05
Topic #7,u'reduce', 1.4226309582335447e-05
Topic #7,u'size', 1.4226309582335447e-05
Topic #2,u'importer', 7.9523869937789249e-05
Topic #2,u'within', 5.6245988950524981e-05
Topic #2,u'distribution', 5.6245988919579236e-05
Topic #2,u'import_cigarette', 5.6245988864970663e-05
Topic #2,u'sale', 5.6245988833918055e-05
Topic #2,u'unite', 5.6245988807650222e-05
Topic #2,u'state', 5.624598878781351e-05
Topic #2,u'permit', 1.422732248872735e-05
Topic #2,u'drug', 1.4227321124870269e-05
Topic #2,u'reduce', 1.4227320960762001e-05
Topic #8,u'importer', 1.4231839810530372e-05
Topic #8,u'permit', 1.4231839805153671e-05
Topic #8,u'size', 1.4231838270335372e-05
Topic #8,u'reduce', 1.4231838270335372e-05
Topic #8,u'whole', 1.4231838262212178e-05
Topic #8,u'sever', 1.4231838262212178e-05
Topic #8,u'drug', 1.4231838186179531e-05
Topic #8,u'scope', 1.4231838015794875e-05
Topic #8,u'open', 1.4231837967348776e-05
Topic #8,u'public', 1.4231837967348776e-05
Topic #10,u'importer', 1.4231839810522749e-05
Topic #10,u'permit', 1.4231839805146153e-05
Topic #10,u'scope', 1.4231838353954954e-05
Topic #10,u'drug', 1.423183831331916e-05
Topic #10,u'size', 1.4231838270327845e-05
Topic #10,u'reduce', 1.4231838270327845e-05
Topic #10,u'whole', 1.423183826220467e-05
Topic #10,u'sever', 1.423183826220467e-05
Topic #10,u'open', 1.4231837967341275e-05
Topic #10,u'public', 1.4231837967341275e-05
