TopicNo,Topic Words,Probability Score
Topic #5,u'secretary', 0.001509984550769218
Topic #5,u'appropriate_steps', 0.001203970411348483
Topic #5,u'take', 0.001203970411348483
Topic #5,u'address', 0.001203970411348483
Topic #5,u'noncompliance', 0.001203970411348483
Topic #5,u'department', 0.00016720409116038445
Topic #5,u'health', 0.00016720409116038445
Topic #5,u'human_service', 0.00016720409116038445
Topic #5,u'include_fda', 7.7496298423310563e-05
Topic #5,u'unbiased', 7.7496298419133064e-05
Topic #8,u'smoke_cessation', 0.00075751386600156616
Topic #8,u'paragraph', 0.00051414429681932402
Topic #8,u'approve', 0.00037294272633794456
Topic #8,u'resource', 0.00034722747514536405
Topic #8,u'criterion_describe', 0.00032029070318743247
Topic #8,u'ensure', 0.0003201376008551186
Topic #8,u'cessation', 0.000315237900844651
Topic #8,u'meet', 0.00030646961844506981
Topic #8,u'reference', 0.0002894999747956276
Topic #8,u'assistance', 0.00024874502591062594
Topic #6,u'provide', 0.00045289735394473453
Topic #6,u'advice', 0.00042588394886900719
Topic #6,u'quit', 0.00027227766491580641
Topic #6,u'base', 0.00023136394126765993
Topic #6,u'service', 0.00021181908803034744
Topic #6,u'smoker', 0.00020868778896104861
Topic #6,u'factual_information', 0.0001594979628686738
Topic #6,u'provide_evidence', 0.00013781203537670237
Topic #6,u'practice', 0.00012392562132706731
Topic #6,u'promote', 0.00011300134971141638
Topic #9,u'and_support', 0.00038575246398470407
Topic #9,u'evidence', 0.00033085796412063868
Topic #9,u'met', 0.00016812760381938835
Topic #9,u'section_are', 0.00016812760381938835
Topic #9,u'train_specifically', 0.00013404946134375163
Topic #9,u'deliver_unbiased', 0.00013404946134375163
Topic #9,u'help', 0.00013404946134375163
Topic #9,u'smoker', 1.4225213085051662e-05
Topic #9,u'quit', 1.4217337698541459e-05
Topic #9,u'secretary', 1.4212551664391823e-05
Topic #2,u'information', 0.00026719783732187617
Topic #2,u'include', 0.0001542652183330324
Topic #2,u'selectively', 0.00011325933031693713
Topic #2,u'subset', 0.00011325933031693713
Topic #2,u'present', 0.00011325933031693713
Topic #2,u'respect', 0.00011325932510438279
Topic #2,u'fda', 0.00011325708494697208
Topic #2,u'product', 0.00011325518594993938
Topic #2,u'specify', 5.5224704631302266e-05
Topic #2,u'accordance', 5.5191100851787371e-05
Topic #7,u'base_information', 0.00023191857165874029
Topic #7,u'quit_smoke', 0.00011896260343822364
Topic #7,u'strategy', 7.7950956201467368e-05
Topic #7,u'effective', 7.7950956201467368e-05
Topic #7,u'relapse', 7.7950956201467368e-05
Topic #7,u'prevention', 7.7950956201467368e-05
Topic #7,u'base_advice', 7.795095507849147e-05
Topic #7,u'plan', 7.795095507849147e-05
Topic #7,u'formulate', 7.795095507849147e-05
Topic #7,u'appropriate', 5.5230244232497194e-05
Topic #1,u'describe', 0.00011337446738242847
Topic #1,u'secretary', 1.4230432550039284e-05
Topic #1,u'noncompliance', 1.4230432413761759e-05
Topic #1,u'address', 1.4230432413761759e-05
Topic #1,u'appropriate_steps', 1.4230432413761759e-05
Topic #1,u'take', 1.4230432413761759e-05
Topic #1,u'practice', 1.4230431485318818e-05
Topic #1,u'entity', 1.4230430993101022e-05
Topic #1,u'person', 1.4230430987958281e-05
Topic #1,u'provide_evidence', 1.423043069097906e-05
Topic #3,u'person', 0.0001133744673819751
Topic #3,u'secretary', 1.4230432550365678e-05
Topic #3,u'noncompliance', 1.4230432413760337e-05
Topic #3,u'address', 1.4230432413760337e-05
Topic #3,u'appropriate_steps', 1.4230432413760337e-05
Topic #3,u'take', 1.4230432413760337e-05
Topic #3,u'practice', 1.4230431485317678e-05
Topic #3,u'entity', 1.4230430993099624e-05
Topic #3,u'describe', 1.4230430987914078e-05
Topic #3,u'provide_evidence', 1.4230430691004253e-05
Topic #10,u'entity', 0.0001133575271748043
Topic #10,u'provide_information', 7.8010718161251151e-05
Topic #10,u'cigarette', 5.5272613403999905e-05
Topic #10,u'require_warns', 5.5272613269935941e-05
Topic #10,u'provide_evidence', 1.7774989399616021e-05
Topic #10,u'secretary', 1.4228306267768872e-05
Topic #10,u'address', 1.4228306133178e-05
Topic #10,u'noncompliance', 1.4228306133178e-05
Topic #10,u'appropriate_steps', 1.4228306133178e-05
Topic #10,u'take', 1.4228306133178e-05
Topic #4,u'secretary', 1.4357823593644574e-05
Topic #4,u'noncompliance', 1.4231841626839452e-05
Topic #4,u'address', 1.4231841626839452e-05
Topic #4,u'appropriate_steps', 1.4231841626839452e-05
Topic #4,u'take', 1.4231841626839452e-05
Topic #4,u'practice', 1.4231840696250868e-05
Topic #4,u'entity', 1.4231840202484481e-05
Topic #4,u'person', 1.4231840197309751e-05
Topic #4,u'describe', 1.4231840197303466e-05
Topic #4,u'provide_evidence', 1.4231839900345081e-05
