TopicNo,Topic Words,Probability Score
Topic #4,u'shell_egg', 0.0056441745978227783
Topic #4,u'refrigeration', 0.0046260707531623826
Topic #4,u'requirement', 0.0045150527711306145
Topic #4,u'greater', 0.0045150527710202696
Topic #4,u'retail_establishments', 0.0045150527706539481
Topic #4,u'unpasteurized', 0.0044780368542743391
Topic #4,u'temperature', 0.0044780368542743391
Topic #4,u'allow', 0.0044780368542743391
Topic #4,u'fda', 0.0024947925414644722
Topic #4,u'regional_food', 0.0023054727093636718
Topic #6,u'order', 0.002220961934451043
Topic #6,u'hear', 0.0014253931833220659
Topic #6,u'appeal', 0.0011245376846837952
Topic #6,u'divert', 0.00090380490481001784
Topic #6,u'person', 0.00088516186632462942
Topic #6,u'statement', 0.00087878300958311464
Topic #6,u'egg', 0.00085082637712413254
Topic #6,u'shell_egg', 0.00082209600341155047
Topic #6,u'held', 0.00078097445997604579
Topic #6,u'request', 0.00059427395598829784
Topic #3,u'within', 0.00095423291797547348
Topic #3,u'inspection', 0.00055951245393556326
Topic #3,u'write', 0.00033965561857804503
Topic #3,u'applicable', 0.00017086904159309985
Topic #3,u'expeditious', 0.00010952905316449586
Topic #3,u'impartial_hear', 0.0001095290531564151
Topic #3,u'therefore', 7.5535817328460948e-05
Topic #3,u'notify', 6.4156264484021246e-05
Topic #3,u'unavoidable', 5.3668447429873359e-05
Topic #3,u'short_delay', 5.3668447342550184e-05
Topic #8,u'day', 0.00094650895696461387
Topic #8,u'work', 0.00094650895696461387
Topic #8,u'include', 0.00057663329112044406
Topic #8,u'state', 0.00048093024234037175
Topic #8,u'process', 0.00047728118065659409
Topic #8,u'upon', 0.00038271462104262155
Topic #8,u'epia', 0.00035184275441696656
Topic #8,u'information', 0.00030794052846905355
Topic #8,u'view', 0.00030793452594678059
Topic #8,u'appropriate', 0.00029476218579032004
Topic #1,u'issuance', 0.00057415498304820892
Topic #1,u'state', 0.0004712825288072629
Topic #1,u'order', 0.00040173520041076954
Topic #1,u'another', 0.0003515745419944136
Topic #1,u'location', 0.0003261235634688858
Topic #1,u'issue', 0.00031772563473245549
Topic #1,u'matter', 0.00025663752928340485
Topic #1,u'notice', 0.00025661764332122328
Topic #1,u'paragraph', 0.00020919250154160569
Topic #1,u'move', 0.00020401787477768488
Topic #10,u'reason', 0.00040601825813332219
Topic #10,u'ph_act', 0.00031119215111999321
Topic #10,u'written_notice', 0.00025777243782264649
Topic #10,u'reviewable', 0.00016243089593319986
Topic #10,u'court', 0.00016243089593319986
Topic #10,u'accompany', 0.00015584874122208777
Topic #10,u'et_seq', 0.00013691783168339573
Topic #10,u'given', 0.0001095627550242071
Topic #10,u'denial', 0.0001095627550242071
Topic #10,u'the_determination', 0.0001095627550242071
Topic #2,u'rule', 0.00031065293014116002
Topic #2,u'made', 0.00030154258293415708
Topic #2,u'establish', 0.000263230037530749
Topic #2,u'without', 0.00025778549455776959
Topic #2,u'counsel', 0.00025778201720633219
Topic #2,u'apply', 0.00016242640944374583
Topic #2,u'evidence', 0.00016242557251515896
Topic #2,u'hour', 0.00015806786711784377
Topic #2,u'regular_business', 0.00015806786711784377
Topic #2,u'ordinarily', 0.00015806786711784377
Topic #5,u'date', 0.00026653090546255878
Topic #5,u'distribute', 0.00026652992930751863
Topic #5,u'number', 0.00023245970726892113
Topic #5,u'later', 0.00019467745408897059
Topic #5,u'expert_witness', 0.00016258325578713493
Topic #5,u'phone', 7.5624638292130501e-05
Topic #5,u'person_issue', 7.5624638292130501e-05
Topic #5,u'name', 7.5622068136398896e-05
Topic #5,u'drug', 5.3735303178443376e-05
Topic #5,u'order', 2.1900319656416961e-05
Topic #9,u'except', 0.00024145461448374283
Topic #9,u'representative', 0.00022383731089617665
Topic #9,u'move_except', 0.00017096327245450822
Topic #9,u'otherwise_disposed', 0.00017096327245450822
Topic #9,u'issue_entity', 0.00017094249444618955
Topic #9,u'expense', 0.00016247120751377168
Topic #9,u'judgement', 0.000160150594941922
Topic #9,u'determine_compliance', 0.000160150594941922
Topic #9,u'provision', 0.000160150594941922
Topic #9,u'provide', 0.00011507233736616232
Topic #7,u'reason_support', 0.00016246115405035545
Topic #7,u'together', 0.00016246115405035545
Topic #7,u'time_permit', 0.00016246114240339894
Topic #7,u'whenever', 0.00016246114240339894
Topic #7,u'preemption', 0.00016246109678707236
Topic #7,u'information', 0.00016245509890723897
Topic #7,u'enforce', 0.00014907468827011003
Topic #7,u'service', 0.00014907173989731475
Topic #7,u'food', 0.00011506556768010869
Topic #7,u'requirement_concern', 0.00010958315375911999
