TopicNo,Topic Words,Probability Score
Topic #2,u'year', 0.0017743649556069083
Topic #2,u'assess', 0.0015237450286361826
Topic #2,u'particular_fiscal', 0.00068190322520267983
Topic #2,u'code', 0.00032551705967866722
Topic #2,u'title', 0.00032551705967866722
Topic #2,u'state', 0.00031690039932304908
Topic #2,u'unite', 0.00031690039932304908
Topic #2,u'fiscal', 0.00026451520825435441
Topic #2,u'require', 0.00021449874131462072
Topic #2,u'removal', 0.00020582642789328809
Topic #10,u'tobacco_product', 0.0016352303143056036
Topic #10,u'class', 0.0016265209681065609
Topic #10,u'particular_fiscal', 0.00076250713192660944
Topic #10,u'define', 0.00020690077295202369
Topic #10,u'cigarette', 0.0001526189591459743
Topic #10,u'stick', 0.00011207847232666346
Topic #10,u'number', 0.00011207847232666346
Topic #10,u'follow_type', 5.4706547577897177e-05
Topic #10,u'tobacco_product_mean', 5.470654727131308e-05
Topic #10,u'yearly', 2.4164503049616212e-05
Topic #4,u'dollar', 0.0015347105294463057
Topic #4,u'unit', 0.00041728041747308672
Topic #4,u'product_remove', 0.0001666193977977466
Topic #4,u'product', 0.0001666193977977466
Topic #4,u'tax_exempt', 0.0001666193977977466
Topic #4,u'measure', 0.00011229757618606204
Topic #4,u'pound', 0.00011229757618606204
Topic #4,u'product_mean', 0.00011229757618532998
Topic #4,u'mean', 1.4214043077700842e-05
Topic #4,u'particular_fiscal', 1.4193772494181264e-05
Topic #1,u'user_fee', 0.00026507214408765607
Topic #1,u'mean', 0.00026505258011793106
Topic #1,u'own_tobacco', 0.00023005422954823263
Topic #1,u'amount', 0.00015683528233631305
Topic #1,u'allocation_mean', 0.00015683528233631305
Topic #1,u'yearly', 0.00015683528233631305
Topic #1,u'total_assessment', 0.00011241783175090658
Topic #1,u'total_amount', 0.00011241783175090658
Topic #1,u'drug', 0.0001124177922685224
Topic #1,u'january', 7.7399172071783141e-05
Topic #6,u'roll', 0.00020782108775351467
Topic #6,u'particular_fiscal', 1.4229090543407269e-05
Topic #6,u'remove', 1.4229090153962748e-05
Topic #6,u'cosmetic_act', 1.4229086821161734e-05
Topic #6,u'drug', 1.4229086820744918e-05
Topic #6,u'weight', 1.4229086818816739e-05
Topic #6,u'dollar', 1.4229085545795259e-05
Topic #6,u'march', 1.422908463697612e-05
Topic #6,u'december', 1.422908463549798e-05
Topic #6,u'april', 1.4229084635336656e-05
Topic #9,u'snuff', 0.00020781262560343362
Topic #9,u'cigar', 5.4947637701325625e-05
Topic #9,u'particular_fiscal', 1.4228511146813725e-05
Topic #9,u'remove', 1.4228510762928322e-05
Topic #9,u'cosmetic_act', 1.4228507424179089e-05
Topic #9,u'drug', 1.4228507423764978e-05
Topic #9,u'weight', 1.4228507420967077e-05
Topic #9,u'dollar', 1.422850614912567e-05
Topic #9,u'march', 1.4228505239607382e-05
Topic #9,u'april', 1.4228505237969376e-05
Topic #5,u'chew_tobacco', 0.0002077705858350083
Topic #5,u'weight', 0.00011254961744893682
Topic #5,u'march', 7.7489933111331044e-05
Topic #5,u'follow_definition', 5.4936532191393978e-05
Topic #5,u'applicable', 5.4936530957455937e-05
Topic #5,u'particular_fiscal', 1.4225632727499074e-05
Topic #5,u'remove', 1.4225632335690986e-05
Topic #5,u'cosmetic_act', 1.4225629005476038e-05
Topic #5,u'drug', 1.422562900505993e-05
Topic #5,u'dollar', 1.4225627731312634e-05
Topic #7,u'september', 0.00017584620934874947
Topic #7,u'october', 7.7472811420938151e-05
Topic #7,u'fiscal', 1.4408402446686131e-05
Topic #7,u'year', 1.4269472478902455e-05
Topic #7,u'particular_fiscal', 1.4228642377783862e-05
Topic #7,u'remove', 1.4228641981276936e-05
Topic #7,u'cosmetic_act', 1.4228638649861092e-05
Topic #7,u'drug', 1.4228638649447008e-05
Topic #7,u'weight', 1.4228638646655898e-05
Topic #7,u'dollar', 1.4228637375119583e-05
Topic #3,u'cosmetic_act', 0.00011257342237798894
Topic #3,u'december', 7.7506322764182663e-05
Topic #3,u'october', 7.7363413299973643e-05
Topic #3,u'quarter', 1.4484313720513554e-05
Topic #3,u'fiscal', 1.431816142375021e-05
Topic #3,u'year', 1.4267218688649225e-05
Topic #3,u'particular_fiscal', 1.4228641541810795e-05
Topic #3,u'remove', 1.4228641146111051e-05
Topic #3,u'drug', 1.422863781284607e-05
Topic #3,u'weight', 1.4228637810056406e-05
Topic #8,u'definition', 5.4958277831430908e-05
Topic #8,u'particular_fiscal', 1.42312660969661e-05
Topic #8,u'remove', 1.4231265704928013e-05
Topic #8,u'cosmetic_act', 1.4231262371697932e-05
Topic #8,u'drug', 1.4231262371198387e-05
Topic #8,u'weight', 1.4231262368511362e-05
Topic #8,u'dollar', 1.423126109610838e-05
Topic #8,u'march', 1.4231260187110443e-05
Topic #8,u'april', 1.4231260185924939e-05
Topic #8,u'january', 1.4231260185405959e-05
