TopicNo,Topic Words,Probability Score
Topic #5,u'fda', 0.0012685555292716751
Topic #5,u'date', 0.00034750909261201742
Topic #5,u'domestic_manufacturer', 0.00028034977366981967
Topic #5,u'receive', 0.00024327380312588973
Topic #5,u'day', 0.00024327380312588973
Topic #5,u'within', 0.00017610593486283422
Topic #5,u'provide', 0.00011842270543866411
Topic #5,u'amount_assess', 0.00011787317913897301
Topic #5,u'refund', 0.00011787317913897301
Topic #5,u'error', 0.00011787317913897301
Topic #4,u'govtobaccoproducts', 0.00070779835179408663
Topic #4,u'written_response', 1.4221971178268209e-05
Topic #4,u'www', 1.4221968315022852e-05
Topic #4,u'fda', 1.4221967911700901e-05
Topic #4,u'http', 1.4221967901321857e-05
Topic #4,u'agency_review', 1.4221967794962847e-05
Topic #4,u'request', 1.4221967765819715e-05
Topic #4,u'dispute', 1.4221967689382199e-05
Topic #4,u'provide', 1.4221967109780544e-05
Topic #4,u'assessment', 1.4221966886053111e-05
Topic #8,u'www', 0.00067056947193551821
Topic #8,u'written_response', 1.4222501019376069e-05
Topic #8,u'govtobaccoproducts', 1.4222499700006629e-05
Topic #8,u'fda', 1.4222497754639459e-05
Topic #8,u'http', 1.4222497744136898e-05
Topic #8,u'agency_review', 1.4222497637034064e-05
Topic #8,u'request', 1.4222497607899708e-05
Topic #8,u'dispute', 1.4222497479534984e-05
Topic #8,u'provide', 1.4222496952193033e-05
Topic #8,u'assessment', 1.4222496728475183e-05
Topic #3,u'submit', 0.00064788633194241471
Topic #3,u'request', 0.00054661100167249831
Topic #3,u'agency_review', 0.00038475023168700812
Topic #3,u'response', 0.00028055265807985059
Topic #3,u'assessment', 0.00022274366596873309
Topic #3,u'write', 0.00021943307127484014
Topic #3,u'provide_information', 0.00011846900586947156
Topic #3,u'error_relate', 0.00011846900586568402
Topic #3,u'fda_determines', 0.00011846900586568402
Topic #3,u'high', 0.00011846900586568402
Topic #6,u'importer', 0.00032436806493087042
Topic #6,u'fda_assessment', 5.7490234182627358e-05
Topic #6,u'tobacco', 5.749023400590443e-05
Topic #6,u'domestic', 5.7490233967105998e-05
Topic #6,u'manufacturer', 5.7490233927323604e-05
Topic #6,u'dispute', 5.7487852760995614e-05
Topic #6,u'refund', 1.4775226445766328e-05
Topic #6,u'error', 1.4775226445766328e-05
Topic #6,u'amount_assess', 1.4775226445766328e-05
Topic #6,u'domestic_manufacturer', 1.4316676310216099e-05
Topic #7,u'english', 0.00024387629054439038
Topic #7,u'legible', 0.00024386514694249738
Topic #7,u'written_response', 0.00011871487252957683
Topic #7,u'agency_review', 1.422438041013391e-05
Topic #7,u'request', 1.4224335573125422e-05
Topic #7,u'govtobaccoproducts', 1.4223817011826837e-05
Topic #7,u'www', 1.4223815471103586e-05
Topic #7,u'fda', 1.4223815068136937e-05
Topic #7,u'http', 1.4223815057647635e-05
Topic #7,u'dispute', 1.422381493942606e-05
Topic #10,u'http', 0.00024382936629309597
Topic #10,u'web_site', 0.00024382757533168755
Topic #10,u'address_found', 0.00024382757533168755
Topic #10,u'sent', 8.144053107976726e-05
Topic #10,u'submit', 1.4225049542702606e-05
Topic #10,u'written_response', 1.4221082131557016e-05
Topic #10,u'govtobaccoproducts', 1.4221080812463963e-05
Topic #10,u'www', 1.4221079275144148e-05
Topic #10,u'fda', 1.4221078872432104e-05
Topic #10,u'agency_review', 1.4221078752288863e-05
Topic #9,u'dispute', 0.00018732424025729683
Topic #9,u'basis', 5.7505682624074046e-05
Topic #9,u'include', 5.7505682212058843e-05
Topic #9,u'written_response', 1.4228146728698998e-05
Topic #9,u'govtobaccoproducts', 1.4228145409567005e-05
Topic #9,u'www', 1.4228143862848331e-05
Topic #9,u'fda', 1.4228143458842153e-05
Topic #9,u'http', 1.4228143448815663e-05
Topic #9,u'agency_review', 1.4228143346598495e-05
Topic #9,u'request', 1.4228143317467863e-05
Topic #1,u'written_response', 1.4231842048358302e-05
Topic #1,u'govtobaccoproducts', 1.4231840727317052e-05
Topic #1,u'www', 1.4231839182716328e-05
Topic #1,u'fda', 1.4231838778990889e-05
Topic #1,u'http', 1.423183876857051e-05
Topic #1,u'agency_review', 1.4231838662183074e-05
Topic #1,u'request', 1.4231838633012513e-05
Topic #1,u'dispute', 1.4231838531321591e-05
Topic #1,u'provide', 1.4231837976616428e-05
Topic #1,u'assessment', 1.4231837752631523e-05
Topic #2,u'written_response', 1.4231842048357705e-05
Topic #2,u'govtobaccoproducts', 1.423184072731758e-05
Topic #2,u'www', 1.4231839182716914e-05
Topic #2,u'fda', 1.423183877902595e-05
Topic #2,u'http', 1.4231838768571681e-05
Topic #2,u'agency_review', 1.4231838662175806e-05
Topic #2,u'request', 1.4231838633005245e-05
Topic #2,u'dispute', 1.4231838514860178e-05
Topic #2,u'provide', 1.4231837976616475e-05
Topic #2,u'assessment', 1.4231837754237062e-05
