TopicNo,Topic Words,Probability Score
Topic #10,u'domestic_manufacturer', 0.0012428736708812933
Topic #10,u'importer', 0.00083488983018186629
Topic #10,u'include', 0.00050021776917027431
Topic #10,u'fda', 0.00042222415828997874
Topic #10,u'quarter', 0.00039887466356083287
Topic #10,u'percentage_share', 0.00037064431519865195
Topic #10,u'calculate', 0.00027868947507999806
Topic #10,u'divide', 0.00027046775120391774
Topic #10,u'fourth_decimal', 0.00025781992916870352
Topic #10,u'place', 0.00025781992916870352
Topic #6,u'class', 0.00094111259594754448
Topic #6,u'tobacco_product', 0.00058222049078118147
Topic #6,u'assessment', 0.00036026901578916081
Topic #6,u'within', 0.00017145846005632749
Topic #6,u'exclude', 0.00011502614420278554
Topic #6,u'share', 0.00011502614420278554
Topic #6,u'include', 1.4858171965019236e-05
Topic #6,u'relevant', 1.4498703430375479e-05
Topic #6,u'excise', 1.4354081173237028e-05
Topic #6,u'tax', 1.4354081173237028e-05
Topic #9,u'calculation', 0.00032464606503987057
Topic #9,u'applicable', 0.00011523232989750808
Topic #9,u'include', 1.4891210155560164e-05
Topic #9,u'relevant', 1.4527351183078975e-05
Topic #9,u'assessment', 1.423204543867385e-05
Topic #9,u'importer', 1.4226131971978825e-05
Topic #9,u'domestic_manufacturer', 1.4226091356673417e-05
Topic #9,u'adjustment', 1.4226013801246877e-05
Topic #9,u'annually', 1.4226010714115775e-05
Topic #9,u'example', 1.4226010709011278e-05
Topic #1,u'importer_assessment', 0.00032443822394001895
Topic #1,u'example', 0.00025982879402016931
Topic #1,u'annually', 0.00025982879388088809
Topic #1,u'reserve', 0.00011517556528550464
Topic #1,u'adjustment', 1.4544358604229611e-05
Topic #1,u'correction', 1.4544283013547553e-05
Topic #1,u'account', 1.4544283013547553e-05
Topic #1,u'need', 1.4544283013547553e-05
Topic #1,u'individual', 1.4544283013547553e-05
Topic #1,u'make', 1.4544283013547553e-05
Topic #4,u'adjustment', 0.00025996413243231209
Topic #4,u'percent', 0.00011523989802909779
Topic #4,u'annually', 1.4226945027666387e-05
Topic #4,u'example', 1.4226945024317902e-05
Topic #4,u'reserve', 1.422691500877477e-05
Topic #4,u'applicable', 1.4226915001653727e-05
Topic #4,u'fourth_decimal', 1.4226912622272003e-05
Topic #4,u'place', 1.4226912622272003e-05
Topic #4,u'truncate', 1.4226912622272003e-05
Topic #4,u'multiply', 1.4226911928676658e-05
Topic #8,u'describe', 0.00017178261810762456
Topic #8,u'determine', 0.00017178261810762456
Topic #8,u'quarter', 1.4340240440916822e-05
Topic #8,u'adjustment', 1.4227396776826519e-05
Topic #8,u'annually', 1.4227393689130296e-05
Topic #8,u'example', 1.4227393685721798e-05
Topic #8,u'reserve', 1.4227363685889999e-05
Topic #8,u'applicable', 1.4227363678776235e-05
Topic #8,u'percent', 1.422736367094129e-05
Topic #8,u'truncate', 1.422736130043495e-05
Topic #3,u'adjustment', 1.423188303288724e-05
Topic #3,u'annually', 1.4231880039644515e-05
Topic #3,u'example', 1.4231879939022952e-05
Topic #3,u'reserve', 1.4231849912356425e-05
Topic #3,u'applicable', 1.4231849898216347e-05
Topic #3,u'percent', 1.423184989055962e-05
Topic #3,u'fourth_decimal', 1.4231847519703228e-05
Topic #3,u'truncate', 1.4231847519703228e-05
Topic #3,u'place', 1.4231847519703228e-05
Topic #3,u'multiply', 1.4231846828101074e-05
Topic #7,u'adjustment', 1.4231883032863093e-05
Topic #7,u'annually', 1.4231879942128241e-05
Topic #7,u'example', 1.4231879938569869e-05
Topic #7,u'reserve', 1.4231849905313766e-05
Topic #7,u'applicable', 1.4231849898191327e-05
Topic #7,u'percent', 1.4231849890354756e-05
Topic #7,u'fourth_decimal', 1.4231847519677217e-05
Topic #7,u'truncate', 1.4231847519677217e-05
Topic #7,u'place', 1.4231847519677217e-05
Topic #7,u'multiply', 1.4231846828066772e-05
Topic #5,u'adjustment', 1.423188303285146e-05
Topic #5,u'annually', 1.4231879942080828e-05
Topic #5,u'example', 1.423187993881651e-05
Topic #5,u'reserve', 1.423184990531472e-05
Topic #5,u'applicable', 1.4231849898180982e-05
Topic #5,u'percent', 1.4231849890345456e-05
Topic #5,u'fourth_decimal', 1.4231847519668027e-05
Topic #5,u'place', 1.4231847519668027e-05
Topic #5,u'truncate', 1.4231847519668027e-05
Topic #5,u'multiply', 1.4231846828035178e-05
Topic #2,u'adjustment', 1.4231883032844626e-05
Topic #2,u'annually', 1.4231879952362776e-05
Topic #2,u'example', 1.4231879938945703e-05
Topic #2,u'reserve', 1.4231849905367555e-05
Topic #2,u'applicable', 1.4231849898174237e-05
Topic #2,u'percent', 1.4231849890336342e-05
Topic #2,u'fourth_decimal', 1.4231847519661876e-05
Topic #2,u'truncate', 1.4231847519661876e-05
Topic #2,u'place', 1.4231847519661876e-05
Topic #2,u'multiply', 1.4231846828053686e-05
