TopicNo,Topic Words,Probability Score
Topic #4,u'code', 0.0027571393720086119
Topic #4,u'revenue', 0.0026958089692953576
Topic #4,u'internal', 0.0026958089692953576
Topic #4,u'payment', 0.0012733654973193472
Topic #4,u'impose', 0.0012733654973193472
Topic #4,u'information', 0.00034183077427444144
Topic #4,u'number', 0.00026600367852961407
Topic #4,u'permit', 0.00025751673946636667
Topic #4,u'define', 0.00016220233423328074
Topic #4,u'report', 0.00016212850261175123
Topic #5,u'tax', 0.0026839247852627969
Topic #5,u'excise', 0.0026444358987532755
Topic #5,u'federal', 0.0026444358987532755
Topic #5,u'impose', 0.0012890663405431585
Topic #5,u'payment', 0.0012890663405431585
Topic #5,u'remove', 0.0004058897310861398
Topic #5,u'importer', 0.00030256997694668136
Topic #5,u'domestic_manufacturer', 0.00030256997627319389
Topic #5,u'amount', 0.00016223998908798283
Topic #5,u'prior_month', 0.00014890818989336007
Topic #6,u'tobacco_product', 0.0006055523919907879
Topic #6,u'domestic_commerce', 0.0003137662183537976
Topic #6,u'class', 0.00024690777164993681
Topic #6,u'removal', 0.0002297535409242636
Topic #6,u'report', 0.00016295759950373575
Topic #6,u'assessment', 7.6228248913523286e-05
Topic #6,u'make', 7.6228248913523286e-05
Topic #6,u'fee', 7.6228248913523286e-05
Topic #6,u'user', 7.6228248913523286e-05
Topic #6,u'chapter_ix', 5.4111284143213689e-05
Topic #8,u'ttb', 0.00026075011066499797
Topic #8,u'trade_bureau', 0.00011074020347683084
Topic #8,u'alcohol', 0.00011074020347683084
Topic #8,u'tobacco_tax', 0.00011074020347683084
Topic #8,u'ein', 0.00011074016743200991
Topic #8,u'report', 1.4298695185498778e-05
Topic #8,u'tobacco', 1.4298688892630613e-05
Topic #8,u'permit', 1.4223360875497815e-05
Topic #8,u'information', 1.4223108831624884e-05
Topic #8,u'removal', 1.4222843512245441e-05
Topic #2,u'form', 0.00020417705657275887
Topic #2,u'certify_copy', 0.00016422677997899069
Topic #2,u'return', 0.00016422116301417124
Topic #2,u'relate', 0.00016422116301417124
Topic #2,u'drug', 5.4176629446230535e-05
Topic #2,u'general', 5.4176627696852867e-05
Topic #2,u'fda_provides', 5.4170589675194509e-05
Topic #2,u'submit_use', 5.4170589466730112e-05
Topic #2,u'information', 1.4252350555102463e-05
Topic #2,u'removal', 1.4220465956818e-05
Topic #9,u'certify_copy', 0.00016430252184634171
Topic #9,u'information_submit', 5.4199448868111287e-05
Topic #9,u'section_and', 5.419944882992299e-05
Topic #9,u'available_information', 5.4199448679624935e-05
Topic #9,u'fda', 1.4504464280680199e-05
Topic #9,u'removal', 1.4228002342070079e-05
Topic #9,u'impose', 1.4227999524900518e-05
Topic #9,u'payment', 1.4227999524900518e-05
Topic #9,u'removal_information', 1.4227995605182164e-05
Topic #9,u'ein', 1.4227995598036011e-05
Topic #1,u'product', 0.00015069726649958063
Topic #1,u'unit', 0.00011073592096201336
Topic #1,u'removal_information', 0.0001107358921795964
Topic #1,u'content', 7.6321741866557623e-05
Topic #1,u'month', 5.4183645286154473e-05
Topic #1,u'information_describe', 5.4183608280621971e-05
Topic #1,u'october', 5.4183608270485812e-05
Topic #1,u'cosmetic_act', 5.4183608193064324e-05
Topic #1,u'begin', 5.4183608126456201e-05
Topic #1,u'require_information', 5.4183593883404157e-05
Topic #7,u'removal', 9.8506917772942654e-05
Topic #7,u'certify_copy', 1.4230647362419315e-05
Topic #7,u'impose', 1.4230646494493062e-05
Topic #7,u'payment', 1.4230646494493062e-05
Topic #7,u'removal_information', 1.423064257553355e-05
Topic #7,u'ein', 1.4230642567117107e-05
Topic #7,u'ttb', 1.4230640908839139e-05
Topic #7,u'report', 1.4230640791486009e-05
Topic #7,u'fda_determines_appropriate', 1.4230640425731868e-05
Topic #7,u'content', 1.4230640413145346e-05
Topic #10,u'identification_information', 7.636826787362031e-05
Topic #10,u'removal', 1.4230964390803498e-05
Topic #10,u'certify_copy', 1.4230962439207619e-05
Topic #10,u'payment', 1.4230961574561267e-05
Topic #10,u'impose', 1.4230961574561267e-05
Topic #10,u'removal_information', 1.4230957651958822e-05
Topic #10,u'ein', 1.4230957643527309e-05
Topic #10,u'ttb', 1.4230955985431326e-05
Topic #10,u'report', 1.4230955869049295e-05
Topic #10,u'fda_determines_appropriate', 1.4230955503834243e-05
Topic #3,u'removal', 1.4231848721630422e-05
Topic #3,u'certify_copy', 1.4231846769707905e-05
Topic #3,u'payment', 1.4231845904034171e-05
Topic #3,u'impose', 1.4231845904034171e-05
Topic #3,u'removal_information', 1.4231841982207063e-05
Topic #3,u'ein', 1.4231841973772075e-05
Topic #3,u'ttb', 1.4231840315177825e-05
Topic #3,u'report', 1.4231840197939309e-05
Topic #3,u'fda_determines_appropriate', 1.4231839832174122e-05
Topic #3,u'content', 1.4231839819651037e-05
