TopicNo,Topic Words,Probability Score
Topic #2,u'shell_egg', 0.0058719907547310881
Topic #2,u'production', 0.0047804139173126094
Topic #2,u'regard', 0.0044968183693354629
Topic #2,u'prevention', 0.0044968183693354629
Topic #2,u'requirement', 0.0044968183693354629
Topic #2,u'order', 0.0014486187134944916
Topic #2,u'fda', 0.0011283461284999736
Topic #2,u'paragraph', 0.00088713434251454844
Topic #2,u'destroy', 0.00077363082525806965
Topic #2,u'appeal', 0.00075986385637481421
Topic #4,u'stringent', 0.0045800386354772652
Topic #4,u'transportation', 0.0045800386354772652
Topic #4,u'require', 0.0045800386354772652
Topic #4,u'storage', 0.004580037426160281
Topic #4,u'state', 0.0011369646321766119
Topic #4,u'locality', 0.00063010364534571851
Topic #4,u'shell_egg', 0.00047562386555675132
Topic #4,u'held', 0.00042631398630431166
Topic #4,u'make', 0.00038257911252342756
Topic #4,u'produce', 0.00032817099152071229
Topic #9,u'hear', 0.0021124625365413468
Topic #9,u'present', 0.00048933730270146172
Topic #9,u'report', 0.00036763128460600856
Topic #9,u'party_request', 0.00020439981533390349
Topic #9,u'written_information_relevant', 0.00020422283538623832
Topic #9,u'reasonable_time', 0.00016203196155109478
Topic #9,u'issue_entity', 0.00015411679806214945
Topic #9,u'appellant', 0.00013772706037625058
Topic #9,u'matter', 0.0001149451955819362
Topic #9,u'attach', 0.00010929279299792413
Topic #5,u'regional_food', 0.0020736485566330057
Topic #5,u'drug_director', 0.0019792984889236663
Topic #5,u'decision', 0.00082843559872871687
Topic #5,u'order', 0.0005450165114065207
Topic #5,u'issuance', 0.00041553058268962138
Topic #5,u'necessary', 0.00040168954468357715
Topic #5,u'conduct', 0.00029705056435917418
Topic #5,u'law', 0.00025503270493024973
Topic #5,u'copy', 0.00025501194981747784
Topic #5,u'permit', 0.00025500992285675932
Topic #3,u'order', 0.00087118987537053525
Topic #3,u'divert', 0.00084135470308132807
Topic #3,u'person', 0.00075440876187443087
Topic #3,u'possession', 0.00040903891866315409
Topic #3,u'egg', 0.00037243848132588952
Topic #3,u'notice', 0.00031720368721524755
Topic #3,u'affirm', 0.00030870793925764543
Topic #3,u'act', 0.00030092314206461716
Topic #3,u'service', 0.00026170095433102297
Topic #3,u'district_director', 0.00025789165230619582
Topic #10,u'within', 0.00081173083733738973
Topic #10,u'oral', 0.0002662461967087974
Topic #10,u'written_notice', 0.00025776105060751515
Topic #10,u'distribute', 0.0001763857928270293
Topic #10,u'approval', 0.00013634642326191082
Topic #10,u'prior', 0.00012949948999936488
Topic #10,u'given', 0.00010955283762932114
Topic #10,u'denial', 0.00010955283762932114
Topic #10,u'party_explain', 0.00010955283762932114
Topic #10,u'the_determination', 0.00010955283762932114
Topic #8,u'day', 0.00080928400958159828
Topic #8,u'work', 0.00080928400954154958
Topic #8,u'inspection', 0.00079233386116258177
Topic #8,u'date', 0.00041868096306237653
Topic #8,u'detention', 0.00026542510996866451
Topic #8,u'without', 0.00025698033839696678
Topic #8,u'location', 0.00023700758661839564
Topic #8,u'another', 0.00023154457468750297
Topic #8,u'later', 0.00020421378317869902
Topic #8,u'order', 0.00018085496633638134
Topic #6,u'made', 0.00040620373548920876
Topic #6,u'information', 0.00030010231843823282
Topic #6,u'view', 0.0002035738892604835
Topic #6,u'own_jurisdiction', 0.00016250236995614075
Topic #6,u'regular_business', 0.00013767290102205163
Topic #6,u'hour', 0.00013767290102205163
Topic #6,u'ordinarily', 0.00013767290102205163
Topic #6,u'objection_relate', 0.00010961009132727341
Topic #6,u'admissibility', 0.00010961009132727341
Topic #6,u'motion', 0.00010961009132727341
Topic #1,u'include', 0.00040123385635804711
Topic #1,u'enforce', 0.00029736336560236997
Topic #1,u'follow_information', 0.00011507314117764676
Topic #1,u'counsel', 0.00010959338621447637
Topic #1,u'hearing', 0.00010959240812257449
Topic #1,u'requirement_concern', 0.00010959240812257449
Topic #1,u'preside_officer', 0.00010959240811858723
Topic #1,u'except', 0.00010959240811858723
Topic #1,u'recommend_decision', 0.00010959239758828505
Topic #1,u'material_issue', 0.00010959239756395947
Topic #7,u'informal_hear', 0.00032762735595902797
Topic #7,u'rule', 0.00025812774158737531
Topic #7,u'request', 0.00017435099147650456
Topic #7,u'evidence', 0.000109703371927039
Topic #7,u'apply', 0.00010970323097559263
Topic #7,u'expense', 0.000109703195256528
Topic #7,u'appeal_includes', 7.5655069895727301e-05
Topic #7,u'deny', 5.9136426964810408e-05
Topic #7,u'appellant', 1.4286109335750109e-05
Topic #7,u'designee', 1.4261467633291913e-05
