TopicNo,Topic Words,Probability Score
Topic #4,u'temporary_condition', 0.0037077106067746534
Topic #4,u'example', 0.00011519483143716145
Topic #4,u'school', 5.3729076611707619e-05
Topic #4,u'hour', 5.3709120902852973e-05
Topic #4,u'available', 5.3708654768554664e-05
Topic #4,u'http', 5.3703813163589785e-05
Topic #4,u'day', 1.4202521959182179e-05
Topic #4,u'register', 1.4192302977596656e-05
Topic #4,u'registration', 1.4191812252251426e-05
Topic #4,u'natural_disaster', 1.4175727509391224e-05
Topic #10,u'fire', 0.0036960617236927221
Topic #10,u'information', 0.00046371015277398752
Topic #10,u'change', 0.00037144324230528809
Topic #10,u'submission', 0.00031865384730875654
Topic #10,u'previously_submit', 0.00030695927106732742
Topic #10,u'charge', 0.00024097749823907995
Topic #10,u'time', 0.0002234265927118102
Topic #10,u'subsequently', 0.00022342616781098807
Topic #10,u'correct', 0.00022342616781098807
Topic #10,u'heshe', 0.00016215352296879894
Topic #7,u'natural_disaster', 0.0036859413803334703
Topic #7,u'form', 0.00071527453593490096
Topic #7,u'farm', 0.00065341396416101029
Topic #7,u'fda_receives', 0.00032623771852412876
Topic #7,u'paragraph', 0.00032323286185946006
Topic #7,u'previously_submit', 0.00028712558994714544
Topic #7,u'mean', 0.00028373631455000446
Topic #7,u'information', 0.00027842129904592506
Topic #7,u'copy', 0.00026210874990176698
Topic #7,u'submission', 0.00022281529022030294
Topic #1,u'registration', 0.0018360903207781344
Topic #1,u'number', 0.00097800621446996741
Topic #1,u'fda', 0.00031365977741921108
Topic #1,u'include', 0.00031030328822682007
Topic #1,u'individual', 0.00030876151162815592
Topic #1,u'vii', 0.00017072369822885585
Topic #1,u'true', 0.00016224056393623516
Topic #1,u'statement', 0.00016224056393623516
Topic #1,u'accurate', 0.00016224056393623516
Topic #1,u'information_submit', 0.00016224056393623516
Topic #6,u'facility', 0.0012438824757389309
Topic #6,u'registration', 0.00051204006034621268
Topic #6,u'registration_system', 0.0003802787372106795
Topic #6,u'number', 0.0003244921610685867
Topic #6,u'mail_address', 0.00031897340342994956
Topic #6,u'registration_form', 0.00026615645774437054
Topic #6,u'consider_register', 0.00026314769822064892
Topic #6,u'confirmation', 0.00026314769788140727
Topic #6,u'one', 0.00025765103654934099
Topic #6,u'prefer', 0.00025760471358647185
Topic #5,u'rom', 0.00098762864668341379
Topic #5,u'name', 0.00055474831920107647
Topic #5,u'submit', 0.00055473674486147492
Topic #5,u'file', 0.00020508214403233533
Topic #5,u'comply', 0.00020502846259028181
Topic #5,u'specification', 0.00020502846259028181
Topic #5,u'rom_submission', 0.00017104373920641961
Topic #5,u'english_language', 0.00016254501690691903
Topic #5,u'registration_information', 0.00016254501690691903
Topic #5,u'identifies', 0.00016254500514829691
Topic #2,u'register', 0.00064295517572289897
Topic #2,u'within', 0.00055981270480904741
Topic #2,u'update', 0.00037204998983216583
Topic #2,u'calendar_day', 0.0003717717527504482
Topic #2,u'require', 0.00035017706785319525
Topic #2,u'egg_producers', 0.00031060835307221559
Topic #2,u'day', 0.0002808719231158454
Topic #2,u'fda_form', 0.00024440150558611192
Topic #2,u'egg_producer', 0.00024138567811532989
Topic #2,u'due', 0.00016241880539452283
Topic #3,u'mail', 0.00058356439337249762
Topic #3,u'fax', 0.00052390221294504281
Topic #3,u'address', 0.00043434964833325503
Topic #3,u'enter', 0.00022426680442333091
Topic #3,u'provide', 0.0002242307902105735
Topic #3,u'practicable', 0.00017128900909450087
Topic #3,u'soon', 0.00017128900909450087
Topic #3,u'full', 0.00016277763271990218
Topic #3,u'paper', 0.0001627775866532757
Topic #3,u'shell_egg_producers', 9.3349116033257713e-05
Topic #9,u'fda', 0.00046335359811801172
Topic #9,u'complete', 0.00029798666175585387
Topic #9,u'registrant', 0.00020235311091656297
Topic #9,u'along', 0.00017132143366226283
Topic #9,u'legible_mail', 0.00017129597111810609
Topic #9,u'shell_egg_producer', 0.00016280897759396147
Topic #9,u'certifies', 0.00016280891372695422
Topic #9,u'alphabet', 0.00016280840965719154
Topic #9,u'signature', 0.00016280840965671739
Topic #9,u'true', 0.00016280836063924396
Topic #8,u'rockville', 0.00017170232366704136
Topic #8,u'rom_option', 0.00016317037391377182
Topic #8,u'pdf', 0.00011004540153015732
Topic #8,u'capacity', 0.00011004540152655939
Topic #8,u'individual_authorize', 9.3569825643797469e-05
Topic #8,u'owner', 9.3569825539814079e-05
Topic #8,u'operator', 9.3569825475222178e-05
Topic #8,u'internet_cafe', 5.3896165308590134e-05
Topic #8,u'gov', 5.3896164339681004e-05
Topic #8,u'farm_electronically', 5.3870908282851875e-05
