TopicNo,Topic Words,Probability Score
Topic #9,u'egg', 0.0013445799846988295
Topic #9,u'test', 0.00043694131962484801
Topic #9,u'collect', 0.00043694131962484801
Topic #9,u'deliver', 0.00027142688442341885
Topic #9,u'minimum', 0.00027142688442341885
Topic #9,u'intact', 0.00027142688441863291
Topic #9,u'day', 0.00027142688441863291
Topic #9,u'representative', 0.00027142688441863291
Topic #9,u'poultry_house', 0.0002502708934532841
Topic #9,u'four', 0.00011487947226745227
Topic #7,u'test_accord', 0.00097004276266399734
Topic #7,u'egg_sample', 0.00018030708124009296
Topic #7,u'egg', 1.4220175380035509e-05
Topic #7,u'egg_samples', 1.4215878280250433e-05
Topic #7,u'month', 1.4215874533881795e-05
Topic #7,u'life', 1.4215874533881795e-05
Topic #7,u'flock', 1.4215874533881795e-05
Topic #7,u'per', 1.4215874533881795e-05
Topic #7,u'production', 1.421587313197538e-05
Topic #7,u'total', 1.4215873095513983e-05
Topic #5,u'production', 0.00096618099517814797
Topic #5,u'month', 0.00086552081940730117
Topic #5,u'life', 0.00086552081940730117
Topic #5,u'flock', 0.00086552081940730117
Topic #5,u'per', 0.00086552081940730117
Topic #5,u'meet', 0.00023539182840855006
Topic #5,u'egg_testing', 0.00017062436001416865
Topic #5,u'monthly', 0.00017062436001416865
Topic #5,u'requirement', 0.00017062436001416865
Topic #5,u'egg_test_requirement', 7.8926521111131591e-05
Topic #3,u'egg_samples', 0.00017147419095589228
Topic #3,u'month', 1.4229603676530135e-05
Topic #3,u'life', 1.4229603676530135e-05
Topic #3,u'flock', 1.4229603676530135e-05
Topic #3,u'per', 1.4229603676530135e-05
Topic #3,u'production', 1.4229602273342373e-05
Topic #3,u'total', 1.422960223909462e-05
Topic #3,u'week_interval', 1.422960223909462e-05
Topic #3,u'test_accord', 1.4229600761339959e-05
Topic #3,u'egg_sample', 1.4229600749832073e-05
Topic #8,u'total', 0.00017144727848295341
Topic #8,u'week_interval', 0.00017144727848295341
Topic #8,u'egg_samples', 1.4227370254879766e-05
Topic #8,u'month', 1.4227366497254262e-05
Topic #8,u'life', 1.4227366497254262e-05
Topic #8,u'flock', 1.4227366497254262e-05
Topic #8,u'per', 1.4227366497254262e-05
Topic #8,u'production', 1.4227365095770031e-05
Topic #8,u'test_accord', 1.4227363583846301e-05
Topic #8,u'egg_sample', 1.4227363572469785e-05
Topic #10,u'egg_test_require', 7.9321807880696987e-05
Topic #10,u'conduct', 7.9321807880696987e-05
Topic #10,u'egg_samples', 1.4229992557733348e-05
Topic #10,u'month', 1.4229988804205797e-05
Topic #10,u'life', 1.4229988804205797e-05
Topic #10,u'flock', 1.4229988804205797e-05
Topic #10,u'per', 1.4229988804205797e-05
Topic #10,u'production', 1.4229987397367013e-05
Topic #10,u'total', 1.4229987364817482e-05
Topic #10,u'week_interval', 1.4229987364817482e-05
Topic #4,u'environmental_sample', 5.6121842970383716e-05
Topic #4,u'egg_samples', 1.4231249132815516e-05
Topic #4,u'month', 1.4231245377437278e-05
Topic #4,u'life', 1.4231245377437278e-05
Topic #4,u'flock', 1.4231245377437278e-05
Topic #4,u'per', 1.4231245377437278e-05
Topic #4,u'production', 1.4231243972181587e-05
Topic #4,u'total', 1.4231243938237504e-05
Topic #4,u'week_interval', 1.4231243938237504e-05
Topic #4,u'test_accord', 1.4231242460480849e-05
Topic #6,u'egg_samples', 1.4231845314221667e-05
Topic #6,u'month', 1.4231841558029788e-05
Topic #6,u'life', 1.4231841558029788e-05
Topic #6,u'flock', 1.4231841558029788e-05
Topic #6,u'per', 1.4231841558029788e-05
Topic #6,u'production', 1.4231840153983415e-05
Topic #6,u'total', 1.423184011890036e-05
Topic #6,u'week_interval', 1.423184011890036e-05
Topic #6,u'test_accord', 1.4231838641041472e-05
Topic #6,u'egg_sample', 1.4231838629394564e-05
Topic #1,u'egg_samples', 1.4231845314097087e-05
Topic #1,u'month', 1.4231841558028694e-05
Topic #1,u'life', 1.4231841558028694e-05
Topic #1,u'flock', 1.4231841558028694e-05
Topic #1,u'per', 1.4231841558028694e-05
Topic #1,u'production', 1.4231840153135059e-05
Topic #1,u'total', 1.4231840119516113e-05
Topic #1,u'week_interval', 1.4231840119516113e-05
Topic #1,u'test_accord', 1.4231838641040315e-05
Topic #1,u'egg_sample', 1.4231838629397339e-05
Topic #2,u'egg_samples', 1.4231845314093936e-05
Topic #2,u'month', 1.4231841558024489e-05
Topic #2,u'life', 1.4231841558024489e-05
Topic #2,u'flock', 1.4231841558024489e-05
Topic #2,u'per', 1.4231841558024489e-05
Topic #2,u'production', 1.4231840153150947e-05
Topic #2,u'total', 1.4231840118864026e-05
Topic #2,u'week_interval', 1.4231840118864026e-05
Topic #2,u'test_accord', 1.423183864103817e-05
Topic #2,u'egg_sample', 1.4231838629394124e-05
