TopicNo,Topic Words,Probability Score
Topic #10,u'environmental_test', 0.0029388736087366226
Topic #10,u'positive', 0.0028038893213164912
Topic #10,u'receive_notification', 0.0026470079009648447
Topic #10,u'calendar_day', 0.0026470079009648447
Topic #10,u'week', 0.00015951752872252412
Topic #10,u'induce_molt', 0.00014904947861523282
Topic #10,u'negative', 0.00014904194690405491
Topic #10,u'period', 7.9996274617188213e-05
Topic #10,u'undergo', 5.3586370948180462e-05
Topic #10,u'molt_process', 5.1491165633652626e-05
Topic #2,u'poultry_house', 0.00096997919122982087
Topic #2,u'flock', 0.00068314387467357358
Topic #2,u'week', 0.00049466091257076782
Topic #2,u'within', 0.00045690032484901503
Topic #2,u'group', 0.00043121881274568654
Topic #2,u'lay_hen', 0.0004146337492362146
Topic #2,u'end', 0.00035976038187650886
Topic #2,u'molt_process', 0.00035976038187650886
Topic #2,u'molt', 0.00030210087491279415
Topic #2,u'life', 0.00025937843769435412
Topic #7,u'environmental_testing', 0.00064236433367873436
Topic #7,u'perform', 0.00030860442916917679
Topic #7,u'prevention_plan', 0.00026570108468412481
Topic #7,u'adjustment', 0.00022583009642136614
Topic #7,u'ensure', 0.00022583009642136614
Topic #7,u'properly_implement', 0.00022583009642136614
Topic #7,u'review', 0.00022583009642136614
Topic #7,u'make', 0.00022583009642136614
Topic #7,u'necessary', 0.00022583009642136614
Topic #7,u'measure', 0.00022583009642136614
Topic #5,u'egg_testing', 0.00047271353252575888
Topic #5,u'result', 0.00026061827881829891
Topic #5,u'begin', 0.00022626441984253788
Topic #5,u'obtain', 0.00011012777003081316
Topic #5,u'within', 1.4220929902217986e-05
Topic #5,u'conduct', 1.4217430480456281e-05
Topic #5,u'period', 1.4217425922054317e-05
Topic #5,u'available', 1.4217425284839498e-05
Topic #5,u'molt_process', 1.4217423570235079e-05
Topic #5,u'end', 1.4217423570235079e-05
Topic #6,u'describe', 0.00026641477916235028
Topic #6,u'environmental_testing', 1.4243441285797428e-05
Topic #6,u'week', 1.4243439668739061e-05
Topic #6,u'lay_hen', 1.4243439137816838e-05
Topic #6,u'age', 1.4243438854302342e-05
Topic #6,u'conduct', 1.4228255377003702e-05
Topic #6,u'period', 1.4228250811171839e-05
Topic #6,u'available', 1.4228250174260804e-05
Topic #6,u'molt_process', 1.4228248456144149e-05
Topic #6,u'end', 1.4228248456144149e-05
Topic #1,u'divert_egg', 0.00022634052556731751
Topic #1,u'define', 0.00022634052556731751
Topic #1,u'treatment', 0.00022634052556731751
Topic #1,u'salmonella_enteritidis', 5.4159488384958825e-05
Topic #1,u'environmental_testing', 1.473835005367737e-05
Topic #1,u'perform_any', 1.4237157291398506e-05
Topic #1,u'need', 1.4237157291398506e-05
Topic #1,u'additional', 1.4237157291398506e-05
Topic #1,u'conduct', 1.4222212444834387e-05
Topic #1,u'period', 1.4222207885965199e-05
Topic #4,u'conduct', 1.4231845325575422e-05
Topic #4,u'period', 1.4231840756638586e-05
Topic #4,u'available', 1.4231840119102339e-05
Topic #4,u'end', 1.4231838400492818e-05
Topic #4,u'molt_process', 1.4231838400492818e-05
Topic #4,u'salmonella_enteritidis', 1.4231837986310183e-05
Topic #4,u'obtain', 1.4231837971184251e-05
Topic #4,u'molt', 1.4231837816732303e-05
Topic #4,u'life', 1.4231837548272923e-05
Topic #4,u'begin', 1.4231837432088182e-05
Topic #8,u'conduct', 1.4231845325564147e-05
Topic #8,u'period', 1.4231840756636948e-05
Topic #8,u'available', 1.4231840119102032e-05
Topic #8,u'end', 1.4231838400490705e-05
Topic #8,u'molt_process', 1.4231838400490705e-05
Topic #8,u'obtain', 1.4231837971182613e-05
Topic #8,u'salmonella_enteritidis', 1.4231837914868575e-05
Topic #8,u'molt', 1.4231837816727824e-05
Topic #8,u'describe', 1.4231837564746437e-05
Topic #8,u'life', 1.4231837548271514e-05
Topic #3,u'conduct', 1.4231845325537748e-05
Topic #3,u'period', 1.4231840756640941e-05
Topic #3,u'available', 1.4231840119110257e-05
Topic #3,u'end', 1.4231838400494969e-05
Topic #3,u'molt_process', 1.4231838400494969e-05
Topic #3,u'obtain', 1.4231837971186604e-05
Topic #3,u'salmonella_enteritidis', 1.4231837905400825e-05
Topic #3,u'molt', 1.4231837816734407e-05
Topic #3,u'life', 1.4231837548275131e-05
Topic #3,u'begin', 1.4231837432090539e-05
Topic #9,u'conduct', 1.4231845325528915e-05
Topic #9,u'period', 1.4231840756636139e-05
Topic #9,u'available', 1.4231840119104278e-05
Topic #9,u'end', 1.423183840048999e-05
Topic #9,u'molt_process', 1.423183840048999e-05
Topic #9,u'salmonella_enteritidis', 1.4231838019638991e-05
Topic #9,u'obtain', 1.4231837971181803e-05
Topic #9,u'molt', 1.4231837816726238e-05
Topic #9,u'life', 1.4231837548270655e-05
Topic #9,u'describe', 1.4231837436893071e-05
