TopicNo,Topic Words,Probability Score
Topic #2,u'process', 0.0031168604619367193
Topic #2,u'hour', 0.0030518266754259562
Topic #2,u'egg', 0.0029720782281041141
Topic #2,u'prior', 0.0029720331776895738
Topic #2,u'temperature', 0.0028264403169150848
Topic #2,u'room', 0.0028264403169150848
Topic #2,u'allow', 0.0028264403169150848
Topic #2,u'temper', 0.0028264403169150848
Topic #2,u'equilibration_step', 0.0028264403169150848
Topic #2,u'poultry_house', 0.001120187769534517
Topic #9,u'ambient_temperature', 0.0030136956144324292
Topic #9,u'hold', 0.0030134664382462451
Topic #9,u'held', 0.0028668863216521697
Topic #9,u'require', 0.0028668863216521697
Topic #9,u'transport', 0.0028668863216521697
Topic #9,u'monitor', 0.00077683080094834904
Topic #9,u'rodent', 0.00029714805298526099
Topic #9,u'method', 0.00025521299527087927
Topic #9,u'another', 0.00025521299527087927
Topic #9,u'appropriate', 0.00025521299527087927
Topic #3,u'positive', 0.00070862259841853099
Topic #3,u'house', 0.0004361508586684579
Topic #3,u'pullet', 0.00025691284205141149
Topic #3,u'feather', 0.00022518331133139946
Topic #3,u'dry_clean', 0.00022518218624458685
Topic #3,u'remove_dust', 0.00022518218624458685
Topic #3,u'spray', 0.00022517820779233648
Topic #3,u'program', 0.00020525085767016674
Topic #3,u'environmental_test_require', 0.00019946227862363178
Topic #3,u'paragraph', 0.00019946227862363178
Topic #8,u'clean', 0.00062585283175929846
Topic #8,u'disinfection', 0.00053267566347771974
Topic #8,u'another', 0.00025970941973427658
Topic #8,u'appropriate', 0.00025970941973427658
Topic #8,u'method', 0.00025970941973427658
Topic #8,u'disinfection_procedure', 0.00016359754437835286
Topic #8,u'negative', 7.604242006483383e-05
Topic #8,u'status', 5.3996289731245407e-05
Topic #8,u'enteritidis', 5.3996289403427454e-05
Topic #8,u'add', 1.5390240856707788e-05
Topic #10,u'fly', 0.00055904962027709883
Topic #10,u'refrigeration', 0.00016376633882742502
Topic #10,u'spot_card', 0.00012511363656936321
Topic #10,u'animal', 0.00011042743084011406
Topic #10,u'enter', 0.00011042743084011406
Topic #10,u'poultry_houses', 0.00011042564341928927
Topic #10,u'cfr', 5.4052006176410644e-05
Topic #10,u'control', 1.4261316979715162e-05
Topic #10,u'monitor', 1.4216980249224796e-05
Topic #10,u'unacceptable', 1.4216272658613189e-05
Topic #6,u'achieve', 0.0002600168358314917
Topic #6,u'satisfactory', 0.0002600168358314917
Topic #6,u'appropriate_methods', 0.0002600168358314917
Topic #6,u'control', 0.00016374547916462884
Topic #6,u'rodent_control', 0.00011044408792330229
Topic #6,u'fly', 1.4229572749980975e-05
Topic #6,u'transport', 1.4217865176592164e-05
Topic #6,u'require', 1.4217865176592164e-05
Topic #6,u'held', 1.4217865176592164e-05
Topic #6,u'therefore', 1.421785300997128e-05
Topic #7,u'fumigation', 0.00025994005658244718
Topic #7,u'follow_clean', 0.00022563858032836811
Topic #7,u'scudder_grill', 0.00016374235846507658
Topic #7,u'poultry_houses', 0.00011041278291028157
Topic #7,u'among', 0.00011041260271623333
Topic #7,u'maintain_practice', 0.00011041145717787768
Topic #7,u'protect', 0.00011041145717787768
Topic #7,u'cross_contamination', 0.00011041145717787768
Topic #7,u'move', 0.00011041126824105797
Topic #7,u'equipment', 0.00011041126824105797
Topic #4,u'visible_manure', 0.00022562431383539027
Topic #4,u'remove', 0.00016373204376719818
Topic #4,u'poultry_houses', 0.0001104057893976638
Topic #4,u'among', 0.00011040561081092622
Topic #4,u'transfer', 0.00011040428196697277
Topic #4,u'ensure', 0.00011040428196697277
Topic #4,u'introduction', 0.00011040428196697277
Topic #4,u'step', 0.00011040428196697277
Topic #4,u'take', 0.00011040428196697277
Topic #4,u'se_monitor', 9.3868649780294813e-05
Topic #5,u'farm', 0.00015030535718413315
Topic #5,u'limit_visitor', 0.00011045799900740214
Topic #5,u'biosecurity_measure', 0.0001104579916656113
Topic #5,u'biosecurity', 0.00011045796296530963
Topic #5,u'poultry_houses', 0.00011045620539491215
Topic #5,u'among', 0.00011045533356748349
Topic #5,u'implement', 5.4066981353320987e-05
Topic #5,u'specific', 5.4066981241436148e-05
Topic #5,u'prevention_plan', 5.4066981234763568e-05
Topic #5,u'includes', 5.4066981208850668e-05
Topic #1,u'include', 0.00011600536682226129
Topic #1,u'poultry_houses', 0.00011047384176446015
Topic #1,u'person_move', 0.00011047326565418346
Topic #1,u'cat', 0.00011047322443987039
Topic #1,u'maintain_practice', 0.00011047307790153244
Topic #1,u'cross_contamination', 0.00011047307790153244
Topic #1,u'protect', 0.00011047307790153244
Topic #1,u'environmental_testing', 5.4074438203668499e-05
Topic #1,u'rodent', 1.4292226382476572e-05
Topic #1,u'positive', 1.4258153078343426e-05
