TopicNo,Topic Words,Probability Score
Topic #5,u'egg_product', 0.0070270723623028983
Topic #5,u'act', 0.0034259394594574784
Topic #5,u'inspection', 0.0034259394594574784
Topic #5,u'accordance', 0.0034259394594574784
Topic #5,u'table', 0.00025466827493826307
Topic #5,u'market', 0.00016030812448195701
Topic #5,u'use', 0.0001472149755103011
Topic #5,u'egg_production', 0.00010819948526965157
Topic #5,u'return', 0.00010819948526965157
Topic #5,u'structure', 0.0001052807858353377
Topic #4,u'process', 0.0037745893776167968
Topic #4,u'facility', 0.00016269554538998383
Topic #4,u'process_facility_mean', 0.00016269554538998383
Topic #4,u'shell_egg', 0.00016268307561262369
Topic #4,u'positive_flock_mean', 0.00010972043427113821
Topic #4,u'egg_test', 0.00010972043427113821
Topic #4,u'flock', 0.00010972043383451161
Topic #4,u'structure', 0.00010971965016747866
Topic #4,u'positive', 0.00010971738441665401
Topic #4,u'accordance', 1.7891158803256622e-05
Topic #6,u'poultry_house', 0.00070435835786989602
Topic #6,u'mean', 0.00065649582268768089
Topic #6,u'shell_egg', 0.0006051379923974954
Topic #6,u'egg', 0.00059745833369801273
Topic #6,u'time', 0.00039386657049876372
Topic #6,u'one', 0.00032380042640621612
Topic #6,u'period', 0.00029709745076113108
Topic #6,u'induce_molt', 0.00029709745076113108
Topic #6,u'lay_hen', 0.00028441352260380741
Topic #6,u'within', 0.00023166570220970102
Topic #3,u'produce', 0.00032071556054111592
Topic #3,u'andor', 0.00022488679799376494
Topic #3,u'separate', 0.00016322609112629554
Topic #3,u'separate_house', 0.00016322609112629554
Topic #3,u'section', 0.00016322609112629554
Topic #3,u'consider', 0.00016322609112629554
Topic #3,u'grade', 0.00016322602794801368
Topic #3,u'dry', 7.5886264406298842e-05
Topic #3,u'drug', 5.3904785420990017e-05
Topic #3,u'cosmetic_act', 5.3904785133676976e-05
Topic #2,u'poultry_houses', 0.00030033511500099152
Topic #2,u'poultry', 0.00022468111895997136
Topic #2,u'animal', 0.00017158839284524432
Topic #2,u'section_containing', 0.00015175870689746365
Topic #2,u'structure_comprise', 0.00015175870689746365
Topic #2,u'include', 0.00014962074126651637
Topic #2,u'limit', 0.00014962073985098302
Topic #2,u'farm', 0.00011547162583178309
Topic #2,u'pest_mean', 0.00010996718421150579
Topic #2,u'objectionable', 0.00010996718421150579
Topic #7,u'treat', 0.00016331278808323106
Topic #7,u'wash', 0.00016331278808191977
Topic #7,u'pack', 0.00016331278807607766
Topic #7,u'treatment', 0.00016331278806969155
Topic #7,u'program', 0.00011563343585178128
Topic #7,u'frozen', 7.5934950845986699e-05
Topic #7,u'apply', 5.3933447261091614e-05
Topic #7,u'follow_definition', 5.3933447213961996e-05
Topic #7,u'biosecurity_mean', 5.3933446822596962e-05
Topic #7,u'ffdca', 5.3933438331503141e-05
Topic #10,u'larva', 0.00011019271521991552
Topic #10,u'inspection', 1.4230487930514742e-05
Topic #10,u'accordance', 1.4230487930514742e-05
Topic #10,u'act', 1.4230487930514742e-05
Topic #10,u'shell_egg', 1.4230482317924143e-05
Topic #10,u'grade', 1.4230479509893598e-05
Topic #10,u'wash', 1.4230479485776807e-05
Topic #10,u'treatment', 1.4230479485090622e-05
Topic #10,u'pack', 1.4230479484896394e-05
Topic #10,u'treat', 1.423047948472264e-05
Topic #1,u'flock', 0.00011016504850455489
Topic #1,u'egg_test_requirement', 0.00011016504612794315
Topic #1,u'consider_positive', 0.00011016504612794315
Topic #1,u'flock_meet', 0.00011016504612794315
Topic #1,u'definition', 9.3657095765232632e-05
Topic #1,u'term', 5.3947451684371746e-05
Topic #1,u'federal_food', 5.3947312111567003e-05
Topic #1,u'interpretation', 5.3947311684396551e-05
Topic #1,u'redefine', 5.3947309140592184e-05
Topic #1,u'except', 5.3947308584065951e-05
Topic #8,u'stop', 0.00011013118997873365
Topic #8,u'life_stage', 0.00011013118997873365
Topic #8,u'shed', 0.00011013118997873365
Topic #8,u'feather', 0.00011013118997873365
Topic #8,u'lay', 0.00010423370960965224
Topic #8,u'molt_mean', 0.00010314932618308838
Topic #8,u'hen', 8.9961258722131435e-05
Topic #8,u'bird', 7.5933633847213316e-05
Topic #8,u'allow_employee', 7.5933633847213316e-05
Topic #8,u'home', 7.5933633847213316e-05
Topic #9,u'introduction', 7.5981324795639673e-05
Topic #9,u'salmonella_enteritidis', 7.5981324795639673e-05
Topic #9,u'transfer', 7.5981324795639673e-05
Topic #9,u'ensure', 7.5981324795639673e-05
Topic #9,u'cat', 7.5981301326188329e-05
Topic #9,u'accordance', 1.4227459284430989e-05
Topic #9,u'act', 1.4227459284430989e-05
Topic #9,u'inspection', 1.4227459284430989e-05
Topic #9,u'shell_egg', 1.4227453671200128e-05
Topic #9,u'grade', 1.4227450866087709e-05
