TopicNo,Topic Words,Probability Score
Topic #10,u'statement', 0.003224179733147483
Topic #10,u'conspicuous', 0.003224179733147483
Topic #10,u'legible', 0.003224179733147483
Topic #10,u'flock', 0.00077607362893373339
Topic #10,u'positive', 0.00064688168665503673
Topic #10,u'life', 0.00039292151694243386
Topic #10,u'negative', 0.000317478538405488
Topic #10,u'egg_test', 0.00023466910143324943
Topic #10,u'poultry_house', 0.0001360624555492972
Topic #10,u'four', 0.00012209492776222336
Topic #3,u'paragraph', 0.00075438014334354149
Topic #3,u'section_are', 0.00040811274335288248
Topic #3,u'met', 0.00025909159490771481
Topic #3,u'condition', 0.00025908593537410807
Topic #3,u'monthly', 0.00018894069082905736
Topic #3,u'table_market', 0.00016321897421590624
Topic #3,u'continue', 0.00016321897421590624
Topic #3,u'supply_egg', 0.00016321897421590624
Topic #3,u'specify', 0.00011557440344638551
Topic #3,u'positive_flock', 6.7375753773606315e-05
Topic #5,u'divert_egg', 0.00051010576713569531
Topic #5,u'treatment', 0.00036090995672641345
Topic #5,u'section_and', 0.00011020237974396358
Topic #5,u'table', 0.00011020237974396358
Topic #5,u'egg_production', 0.00011020237974396358
Topic #5,u'return', 0.00011020237974396358
Topic #5,u'week_interval', 7.5975038926716549e-05
Topic #5,u'positive_flock', 6.7412964432187362e-05
Topic #5,u'test_result', 1.4226782558915219e-05
Topic #5,u'requirement_describe', 1.4226782558915219e-05
Topic #8,u'egg_tests', 0.00047023677970509136
Topic #8,u'conduct', 0.0002733906131870043
Topic #8,u'monthly', 0.00013762584669855971
Topic #8,u'four', 0.00012439039677806043
Topic #8,u'egg_testing', 0.00011568264232575172
Topic #8,u'one', 0.00011016513727815636
Topic #8,u'month', 0.00011016513727815636
Topic #8,u'per', 0.00011016513727815636
Topic #8,u'egg_test', 7.895498361895872e-05
Topic #8,u'flock', 7.5475798756335371e-05
Topic #2,u'egg', 0.00032077221669640738
Topic #2,u'egg_product', 0.00031223916499479264
Topic #2,u'salmonella_enteritidis', 0.00020291268808390997
Topic #2,u'process', 0.00016321721116292884
Topic #2,u'act', 0.00016321721116292884
Topic #2,u'log_destruction', 0.00016321721116292884
Topic #2,u'inspection', 0.00016321721116292884
Topic #2,u'accordance', 0.00016321721116292884
Topic #2,u'treat', 0.00016321720686067473
Topic #2,u'least', 0.00016321720686067473
Topic #9,u'define', 0.00021188463080238
Topic #9,u'methodology', 0.00017211033966808048
Topic #9,u'use_sample', 0.0001721073106546121
Topic #9,u'statement', 1.4224561538438739e-05
Topic #9,u'legible', 1.4224561538438739e-05
Topic #9,u'conspicuous', 1.4224561538438739e-05
Topic #9,u'case', 1.4224538162977162e-05
Topic #9,u'cfr', 1.4224538155446946e-05
Topic #9,u'pallet', 1.4224538155431227e-05
Topic #9,u'positive_flock', 1.4224535481019163e-05
Topic #4,u'pallet', 0.00016355737494865583
Topic #4,u'cfr', 0.00016355737494394324
Topic #4,u'upon', 0.00011029625283452041
Topic #4,u'receive_notification', 0.00011029625283452041
Topic #4,u'statement', 1.422488347188287e-05
Topic #4,u'legible', 1.422488347188287e-05
Topic #4,u'conspicuous', 1.422488347188287e-05
Topic #4,u'case', 1.4224860119158346e-05
Topic #4,u'positive_flock', 1.4224857421775713e-05
Topic #4,u'divert', 1.4224856901245566e-05
Topic #7,u'follow_statement', 0.00016349119843509196
Topic #7,u'label', 0.00016349119843509196
Topic #7,u'ship_container', 0.00016349119843509196
Topic #7,u'contain', 0.00016349119843509196
Topic #7,u'shipment', 0.00016349119843509196
Topic #7,u'document_accompany', 0.00016349119843509196
Topic #7,u'statement', 1.421912203196944e-05
Topic #7,u'conspicuous', 1.421912203196944e-05
Topic #7,u'legible', 1.421912203196944e-05
Topic #7,u'case', 1.4219098707368241e-05
Topic #6,u'describe', 7.6063015886285905e-05
Topic #6,u'test_use', 7.6063012258219416e-05
Topic #6,u'methodology', 7.6059983850333395e-05
Topic #6,u'statement', 1.4229228616195755e-05
Topic #6,u'legible', 1.4229228616195755e-05
Topic #6,u'conspicuous', 1.4229228616195755e-05
Topic #6,u'case', 1.4229205224225245e-05
Topic #6,u'cfr', 1.4229205216685269e-05
Topic #6,u'pallet', 1.4229205216567019e-05
Topic #6,u'positive_flock', 1.4229202537830429e-05
Topic #1,u'conspicuous', 1.4231868614455121e-05
Topic #1,u'legible', 1.4231868614455121e-05
Topic #1,u'statement', 1.4231868614455121e-05
Topic #1,u'case', 1.4231845213245531e-05
Topic #1,u'cfr', 1.4231845206346936e-05
Topic #1,u'pallet', 1.4231845205889204e-05
Topic #1,u'positive_flock', 1.4231842524772708e-05
Topic #1,u'divert', 1.423184200113136e-05
Topic #1,u'monthly', 1.4231841556976725e-05
Topic #1,u'week_interval', 1.4231839812731545e-05
