TopicNo,Topic Words,Probability Score
Topic #5,u'time', 0.0024214648689189688
Topic #5,u'participant', 0.00070263655990469712
Topic #5,u'file_exception', 0.00032828755955840235
Topic #5,u'initial_decision', 0.00032385795336357085
Topic #5,u'docket_management', 0.00026620322036108567
Topic #5,u'division', 0.00026620322030110669
Topic #5,u'commissioner', 0.00022851367079672539
Topic #5,u'review', 0.00020411180445669626
Topic #5,u'determination', 0.00016415475176407334
Topic #5,u'time_allot', 0.00016415475175053841
Topic #2,u'oral_argument', 0.0023756102184012058
Topic #2,u'notice', 0.0022405037776349799
Topic #2,u'file_brief', 0.0022391199831049932
Topic #2,u'present', 0.0022391199831049932
Topic #2,u'specify', 0.0020906106711103432
Topic #2,u'later', 0.0020906106711103432
Topic #2,u'commissioner', 0.00044939468919096622
Topic #2,u'file', 0.00028540775422469377
Topic #2,u'extension', 0.00022400216274850808
Topic #2,u'request', 0.00017651989689352224
Topic #8,u'serve', 0.00026761503869540915
Topic #8,u'record', 5.4397125932289541e-05
Topic #8,u'citation', 5.4397125501792526e-05
Topic #8,u'provide_supporting', 5.4397125261092346e-05
Topic #8,u'participant', 1.4254782609115294e-05
Topic #8,u'reply', 1.4247180304762017e-05
Topic #8,u'period', 1.4247179076942981e-05
Topic #8,u'end', 1.4247179076942981e-05
Topic #8,u'file', 1.4234265226162093e-05
Topic #8,u'file_exception', 1.4227275230985842e-05
Topic #4,u'day', 0.00026739361431921246
Topic #4,u'within', 0.00026739361367908752
Topic #4,u'date', 0.00015128308686868973
Topic #4,u'hear_participants', 0.00011114966108943165
Topic #4,u'expiration', 0.00010260310199179978
Topic #4,u'follow', 0.00010260310199179978
Topic #4,u'inform', 8.3763433090406708e-05
Topic #4,u'executive_secretariat', 7.6585106454211182e-05
Topic #4,u'reply', 7.6501104458186965e-05
Topic #4,u'end', 7.6500872981134581e-05
Topic #7,u'exception', 0.0001167951156019882
Topic #7,u'place', 0.00011121981838430877
Topic #7,u'reply', 7.6633235755481905e-05
Topic #7,u'paragraph', 7.6633166733427489e-05
Topic #7,u'error', 5.4382464553613753e-05
Topic #7,u'conclusion', 5.4382464449346999e-05
Topic #7,u'allege', 5.4382464437615667e-05
Topic #7,u'specifically_identify', 5.4382464387456178e-05
Topic #7,u'finding', 5.4382464360607104e-05
Topic #7,u'law', 5.4382464358386706e-05
Topic #3,u'gcf', 0.00011127641337951112
Topic #3,u'specify', 1.4230464242373115e-05
Topic #3,u'later', 1.4230464242373115e-05
Topic #3,u'hfa', 1.4230460865530289e-05
Topic #3,u'chief_counsel', 1.4230460865431644e-05
Topic #3,u'place', 1.4230460846920838e-05
Topic #3,u'hear_participants', 1.4230460846834512e-05
Topic #3,u'inform', 1.4230459529245237e-05
Topic #3,u'issue', 1.4230458953189427e-05
Topic #3,u'address', 1.4230458953189427e-05
Topic #10,u'later', 1.4231845386850565e-05
Topic #10,u'specify', 1.4231845386850565e-05
Topic #10,u'chief_counsel', 1.423184200818463e-05
Topic #10,u'hfa', 1.4231842008183182e-05
Topic #10,u'place', 1.4231841989671454e-05
Topic #10,u'hear_participants', 1.423184198965315e-05
Topic #10,u'gcf', 1.4231841976380716e-05
Topic #10,u'inform', 1.4231840671906427e-05
Topic #10,u'address', 1.4231840100164213e-05
Topic #10,u'issue', 1.4231840100164213e-05
Topic #6,u'later', 1.4231845386849401e-05
Topic #6,u'specify', 1.4231845386849401e-05
Topic #6,u'hfa', 1.4231842008185328e-05
Topic #6,u'chief_counsel', 1.4231842008183409e-05
Topic #6,u'hear_participants', 1.4231841989711707e-05
Topic #6,u'place', 1.4231841989670338e-05
Topic #6,u'gcf', 1.4231841976379554e-05
Topic #6,u'inform', 1.4231840671905264e-05
Topic #6,u'address', 1.4231840096840482e-05
Topic #6,u'issue', 1.4231840096840482e-05
Topic #1,u'later', 1.4231845386849066e-05
Topic #1,u'specify', 1.4231845386849066e-05
Topic #1,u'chief_counsel', 1.4231842008430434e-05
Topic #1,u'hfa', 1.4231842008183476e-05
Topic #1,u'place', 1.4231841997246147e-05
Topic #1,u'hear_participants', 1.4231841989583451e-05
Topic #1,u'gcf', 1.4231841976379217e-05
Topic #1,u'inform', 1.4231840671904929e-05
Topic #1,u'address', 1.4231840096725463e-05
Topic #1,u'issue', 1.4231840096725463e-05
Topic #9,u'later', 1.4231845386848024e-05
Topic #9,u'specify', 1.4231845386848024e-05
Topic #9,u'chief_counsel', 1.4231842008182077e-05
Topic #9,u'hfa', 1.4231842008180539e-05
Topic #9,u'place', 1.423184198966892e-05
Topic #9,u'hear_participants', 1.4231841989583334e-05
Topic #9,u'gcf', 1.4231841976383898e-05
Topic #9,u'inform', 1.4231840671903887e-05
Topic #9,u'address', 1.4231840096724357e-05
Topic #9,u'issue', 1.4231840096724357e-05
