TopicNo,Topic Words,Probability Score
Topic #2,u'hold', 0.00025928646749787533
Topic #2,u'commissioner_concludes', 0.00025928646749787533
Topic #2,u'public_hear', 0.00025928646749787533
Topic #2,u'matter', 0.00025928646749787533
Topic #2,u'public', 0.00025928646749787533
Topic #2,u'evidentiary', 0.00025928646749787533
Topic #2,u'formal', 0.00025928646749787533
Topic #2,u'fda', 0.00025928646749787533
Topic #2,u'interest', 0.00025928646749787533
Topic #2,u'opportunity', 0.00017132278694338536
Topic #3,u'scope', 0.00011526822365549382
Topic #3,u'apply', 1.4230404007039395e-05
Topic #3,u'procedure', 1.4230404007039395e-05
Topic #3,u'hear', 1.4230402237632658e-05
Topic #3,u'law_specify', 1.4230402237632658e-05
Topic #3,u'right', 1.4230402237632658e-05
Topic #3,u'person', 1.4230402237632658e-05
Topic #3,u'opportunity', 1.4230402237632658e-05
Topic #3,u'commissioner_concludes', 1.4230401957939184e-05
Topic #3,u'formal', 1.4230401957939184e-05
Topic #7,u'apply', 0.0001152566497365405
Topic #7,u'procedure', 0.0001152566497365405
Topic #7,u'scope', 1.4228974272076135e-05
Topic #7,u'hear', 1.422896457051698e-05
Topic #7,u'law_specify', 1.422896457051698e-05
Topic #7,u'right', 1.422896457051698e-05
Topic #7,u'person', 1.422896457051698e-05
Topic #7,u'opportunity', 1.422896457051698e-05
Topic #7,u'commissioner_concludes', 1.4228964291707058e-05
Topic #7,u'formal', 1.4228964291707058e-05
Topic #6,u'scope', 1.4231849893829421e-05
Topic #6,u'apply', 1.4231841961228232e-05
Topic #6,u'procedure', 1.4231841961228232e-05
Topic #6,u'hear', 1.4231840194517201e-05
Topic #6,u'law_specify', 1.4231840194517201e-05
Topic #6,u'right', 1.4231840194517201e-05
Topic #6,u'person', 1.4231840194517201e-05
Topic #6,u'opportunity', 1.4231840194517201e-05
Topic #6,u'commissioner_concludes', 1.4231839912511479e-05
Topic #6,u'formal', 1.4231839912511479e-05
Topic #8,u'scope', 1.4231849893829275e-05
Topic #8,u'apply', 1.4231841961228346e-05
Topic #8,u'procedure', 1.4231841961228346e-05
Topic #8,u'hear', 1.4231840193038305e-05
Topic #8,u'law_specify', 1.4231840193038305e-05
Topic #8,u'right', 1.4231840193038305e-05
Topic #8,u'person', 1.4231840193038305e-05
Topic #8,u'opportunity', 1.4231840193038305e-05
Topic #8,u'commissioner_concludes', 1.4231839912460615e-05
Topic #8,u'formal', 1.4231839912460615e-05
Topic #1,u'scope', 1.4231849893829206e-05
Topic #1,u'apply', 1.4231841961228346e-05
Topic #1,u'procedure', 1.4231841961228346e-05
Topic #1,u'hear', 1.4231840193038305e-05
Topic #1,u'law_specify', 1.4231840193038305e-05
Topic #1,u'right', 1.4231840193038305e-05
Topic #1,u'person', 1.4231840193038305e-05
Topic #1,u'opportunity', 1.4231840193038305e-05
Topic #1,u'commissioner_concludes', 1.4231839912460615e-05
Topic #1,u'formal', 1.4231839912460615e-05
Topic #4,u'scope', 1.4231849893828731e-05
Topic #4,u'apply', 1.4231841961228346e-05
Topic #4,u'procedure', 1.4231841961228346e-05
Topic #4,u'hear', 1.4231840193038305e-05
Topic #4,u'law_specify', 1.4231840193038305e-05
Topic #4,u'right', 1.4231840193038305e-05
Topic #4,u'person', 1.4231840193038305e-05
Topic #4,u'opportunity', 1.4231840193038305e-05
Topic #4,u'commissioner_concludes', 1.4231839912460615e-05
Topic #4,u'formal', 1.4231839912460615e-05
Topic #9,u'scope', 1.4231849893828711e-05
Topic #9,u'apply', 1.4231841961228346e-05
Topic #9,u'procedure', 1.4231841961228346e-05
Topic #9,u'hear', 1.4231840193038305e-05
Topic #9,u'law_specify', 1.4231840193038305e-05
Topic #9,u'right', 1.4231840193038305e-05
Topic #9,u'person', 1.4231840193038305e-05
Topic #9,u'opportunity', 1.4231840193038305e-05
Topic #9,u'commissioner_concludes', 1.4231839912460615e-05
Topic #9,u'formal', 1.4231839912460615e-05
Topic #10,u'scope', 1.4231849893828447e-05
Topic #10,u'apply', 1.4231841961228357e-05
Topic #10,u'procedure', 1.4231841961228357e-05
Topic #10,u'hear', 1.4231840193038305e-05
Topic #10,u'law_specify', 1.4231840193038305e-05
Topic #10,u'right', 1.4231840193038305e-05
Topic #10,u'person', 1.4231840193038305e-05
Topic #10,u'opportunity', 1.4231840193038305e-05
Topic #10,u'commissioner_concludes', 1.4231839912460615e-05
Topic #10,u'formal', 1.4231839912460615e-05
Topic #5,u'scope', 1.4231849893828372e-05
Topic #5,u'apply', 1.4231841961228346e-05
Topic #5,u'procedure', 1.4231841961228346e-05
Topic #5,u'hear', 1.4231840193038305e-05
Topic #5,u'law_specify', 1.4231840193038305e-05
Topic #5,u'right', 1.4231840193038305e-05
Topic #5,u'person', 1.4231840193038305e-05
Topic #5,u'opportunity', 1.4231840193038305e-05
Topic #5,u'commissioner_concludes', 1.4231839912460615e-05
Topic #5,u'formal', 1.4231839912460615e-05
