TopicNo,Topic Words,Probability Score
Topic #8,u'petition_relate', 0.00058733601615660637
Topic #8,u'request_consolidation', 0.00058733601615660637
Topic #8,u'particular_matter', 0.00058733601615660637
Topic #8,u'fda', 0.00058733601615660637
Topic #8,u'commissioner', 1.4199211746228027e-05
Topic #8,u'review', 1.4199210381543974e-05
Topic #8,u'action', 1.419921018950072e-05
Topic #8,u'first', 1.419921018950072e-05
Topic #8,u'submit', 1.419921018950072e-05
Topic #8,u'action_pending_review', 1.4199209959808939e-05
Topic #1,u'stay', 0.00022532171562689968
Topic #1,u'court', 0.0001545655014636668
Topic #1,u'request', 9.8522507942171711e-05
Topic #1,u'order', 9.8522507942171711e-05
Topic #1,u'action_pending_review', 9.8522507942171711e-05
Topic #1,u'review', 7.0265420667208443e-05
Topic #1,u'action', 1.4257049845393247e-05
Topic #1,u'first', 1.4257049845393247e-05
Topic #1,u'submit', 1.4257049845393247e-05
Topic #1,u'petition', 1.4222720987038393e-05
Topic #7,u'participant', 0.00022517064245674621
Topic #7,u'petition', 0.00022517064245674621
Topic #7,u'first', 0.00014089793638556332
Topic #7,u'action', 0.00014089793638556332
Topic #7,u'submit', 0.00014089793638556332
Topic #7,u'agency_action', 9.8450425933097163e-05
Topic #7,u'judicial_review', 9.8450425933097163e-05
Topic #7,u'statute_govern', 9.8450425933097163e-05
Topic #7,u'matter_involve', 9.8450425933097163e-05
Topic #7,u'final_decision', 9.8450425933097163e-05
Topic #2,u'commissioner', 7.0307905754860426e-05
Topic #2,u'petition_relate', 1.4231041056656023e-05
Topic #2,u'request_consolidation', 1.4231041056656023e-05
Topic #2,u'particular_matter', 1.4231041056656023e-05
Topic #2,u'fda', 1.4231041056656023e-05
Topic #2,u'review', 1.4231039465294132e-05
Topic #2,u'action', 1.423103927195614e-05
Topic #2,u'first', 1.423103927195614e-05
Topic #2,u'submit', 1.423103927195614e-05
Topic #2,u'action_pending_review', 1.4231039041728451e-05
Topic #9,u'petition_relate', 1.4231839133750217e-05
Topic #9,u'request_consolidation', 1.4231839133750217e-05
Topic #9,u'particular_matter', 1.4231839133750217e-05
Topic #9,u'fda', 1.4231839133750217e-05
Topic #9,u'commissioner', 1.4231838911538123e-05
Topic #9,u'review', 1.4231837542147999e-05
Topic #9,u'action', 1.4231837348927282e-05
Topic #9,u'first', 1.4231837348927282e-05
Topic #9,u'submit', 1.4231837348927282e-05
Topic #9,u'action_pending_review', 1.4231837118727037e-05
Topic #6,u'petition_relate', 1.4231839133750216e-05
Topic #6,u'request_consolidation', 1.4231839133750216e-05
Topic #6,u'particular_matter', 1.4231839133750216e-05
Topic #6,u'fda', 1.4231839133750216e-05
Topic #6,u'commissioner', 1.4231838911538122e-05
Topic #6,u'review', 1.4231837542147998e-05
Topic #6,u'action', 1.423183734892728e-05
Topic #6,u'first', 1.423183734892728e-05
Topic #6,u'submit', 1.423183734892728e-05
Topic #6,u'action_pending_review', 1.4231837118727849e-05
Topic #3,u'petition_relate', 1.4231839133750214e-05
Topic #3,u'request_consolidation', 1.4231839133750214e-05
Topic #3,u'particular_matter', 1.4231839133750214e-05
Topic #3,u'fda', 1.4231839133750214e-05
Topic #3,u'commissioner', 1.4231838911538123e-05
Topic #3,u'review', 1.4231837542147999e-05
Topic #3,u'action', 1.4231837348927282e-05
Topic #3,u'first', 1.4231837348927282e-05
Topic #3,u'submit', 1.4231837348927282e-05
Topic #3,u'action_pending_review', 1.4231837118727025e-05
Topic #5,u'petition_relate', 1.4231839133750214e-05
Topic #5,u'request_consolidation', 1.4231839133750214e-05
Topic #5,u'particular_matter', 1.4231839133750214e-05
Topic #5,u'fda', 1.4231839133750214e-05
Topic #5,u'commissioner', 1.4231838911538123e-05
Topic #5,u'review', 1.4231837542147999e-05
Topic #5,u'action', 1.4231837348927282e-05
Topic #5,u'first', 1.4231837348927282e-05
Topic #5,u'submit', 1.4231837348927282e-05
Topic #5,u'action_pending_review', 1.4231837118726695e-05
Topic #10,u'petition_relate', 1.4231839133750212e-05
Topic #10,u'request_consolidation', 1.4231839133750212e-05
Topic #10,u'particular_matter', 1.4231839133750212e-05
Topic #10,u'fda', 1.4231839133750212e-05
Topic #10,u'commissioner', 1.4231838911538123e-05
Topic #10,u'review', 1.4231837542147999e-05
Topic #10,u'action', 1.4231837348927282e-05
Topic #10,u'first', 1.4231837348927282e-05
Topic #10,u'submit', 1.4231837348927282e-05
Topic #10,u'action_pending_review', 1.4231837118726751e-05
Topic #4,u'petition_relate', 1.4231839133750204e-05
Topic #4,u'request_consolidation', 1.4231839133750204e-05
Topic #4,u'particular_matter', 1.4231839133750204e-05
Topic #4,u'fda', 1.4231839133750204e-05
Topic #4,u'commissioner', 1.4231838911816625e-05
Topic #4,u'review', 1.4231837542386043e-05
Topic #4,u'action', 1.423183734892727e-05
Topic #4,u'first', 1.423183734892727e-05
Topic #4,u'submit', 1.423183734892727e-05
Topic #4,u'action_pending_review', 1.4231837118729597e-05
