TopicNo,Topic Words,Probability Score
Topic #6,u'office', 0.00061565329031384108
Topic #6,u'examination', 0.00041022543464573207
Topic #6,u'receipt', 0.00031491154570819176
Topic #6,u'document_available', 0.00031491154570819176
Topic #6,u'public_display', 0.00031491154570819176
Topic #6,u'upon', 0.00031491154570819176
Topic #6,u'promptly', 0.00031491154570819176
Topic #6,u'division', 0.00031491154570819176
Topic #6,u'place', 0.00031491154570819176
Topic #6,u'copy', 0.00031491154570819176
Topic #1,u'office', 1.4231837928391125e-05
Topic #1,u'document', 1.4231837795023685e-05
Topic #1,u'accordance', 1.4231837795023685e-05
Topic #1,u'publicly_available', 1.4231837795023685e-05
Topic #1,u'record', 1.4231837727336564e-05
Topic #1,u'examination', 1.4231837666156218e-05
Topic #1,u'receipt', 1.4231837455293588e-05
Topic #1,u'promptly', 1.4231837455293588e-05
Topic #1,u'place', 1.4231837455293588e-05
Topic #1,u'copy', 1.4231837455293588e-05
Topic #2,u'office', 1.4231837928333619e-05
Topic #2,u'document', 1.4231837795023186e-05
Topic #2,u'accordance', 1.4231837795023186e-05
Topic #2,u'publicly_available', 1.4231837795023186e-05
Topic #2,u'record', 1.42318377270853e-05
Topic #2,u'examination', 1.4231837665904954e-05
Topic #2,u'receipt', 1.423183745526484e-05
Topic #2,u'promptly', 1.423183745526484e-05
Topic #2,u'place', 1.423183745526484e-05
Topic #2,u'copy', 1.423183745526484e-05
Topic #3,u'office', 1.4231837928314003e-05
Topic #3,u'document', 1.4231837795049859e-05
Topic #3,u'accordance', 1.4231837795049859e-05
Topic #3,u'publicly_available', 1.4231837795049859e-05
Topic #3,u'record', 1.423183772708527e-05
Topic #3,u'examination', 1.4231837665904922e-05
Topic #3,u'receipt', 1.4231837455255031e-05
Topic #3,u'promptly', 1.4231837455255031e-05
Topic #3,u'place', 1.4231837455255031e-05
Topic #3,u'copy', 1.4231837455255031e-05
Topic #7,u'office', 1.4231837928231104e-05
Topic #7,u'document', 1.4231837795030836e-05
Topic #7,u'accordance', 1.4231837795030836e-05
Topic #7,u'publicly_available', 1.4231837795030836e-05
Topic #7,u'record', 1.4231837727085278e-05
Topic #7,u'examination', 1.4231837665904929e-05
Topic #7,u'receipt', 1.4231837455213586e-05
Topic #7,u'promptly', 1.4231837455213586e-05
Topic #7,u'place', 1.4231837455213586e-05
Topic #7,u'copy', 1.4231837455213586e-05
Topic #8,u'office', 1.4231837928199626e-05
Topic #8,u'document', 1.4231837795046183e-05
Topic #8,u'accordance', 1.4231837795046183e-05
Topic #8,u'publicly_available', 1.4231837795046183e-05
Topic #8,u'record', 1.4231837727085304e-05
Topic #8,u'examination', 1.4231837665904954e-05
Topic #8,u'receipt', 1.4231837455197848e-05
Topic #8,u'promptly', 1.4231837455197848e-05
Topic #8,u'place', 1.4231837455197848e-05
Topic #8,u'copy', 1.4231837455197848e-05
Topic #4,u'office', 1.4231837928194395e-05
Topic #4,u'document', 1.4231837795023182e-05
Topic #4,u'accordance', 1.4231837795023182e-05
Topic #4,u'publicly_available', 1.4231837795023182e-05
Topic #4,u'record', 1.4231837727085353e-05
Topic #4,u'examination', 1.4231837665905002e-05
Topic #4,u'receipt', 1.4231837455195234e-05
Topic #4,u'promptly', 1.4231837455195234e-05
Topic #4,u'place', 1.4231837455195234e-05
Topic #4,u'copy', 1.4231837455195234e-05
Topic #5,u'office', 1.4231837928194376e-05
Topic #5,u'document', 1.4231837795022655e-05
Topic #5,u'accordance', 1.4231837795022655e-05
Topic #5,u'publicly_available', 1.4231837795022655e-05
Topic #5,u'record', 1.4231837727085721e-05
Topic #5,u'examination', 1.4231837665905371e-05
Topic #5,u'receipt', 1.4231837455195224e-05
Topic #5,u'promptly', 1.4231837455195224e-05
Topic #5,u'place', 1.4231837455195224e-05
Topic #5,u'copy', 1.4231837455195224e-05
Topic #10,u'office', 1.4231837928194375e-05
Topic #10,u'document', 1.4231837795034561e-05
Topic #10,u'accordance', 1.4231837795034561e-05
Topic #10,u'publicly_available', 1.4231837795034561e-05
Topic #10,u'record', 1.4231837727085282e-05
Topic #10,u'examination', 1.4231837665904931e-05
Topic #10,u'receipt', 1.4231837455195224e-05
Topic #10,u'promptly', 1.4231837455195224e-05
Topic #10,u'place', 1.4231837455195224e-05
Topic #10,u'copy', 1.4231837455195224e-05
Topic #9,u'office', 1.4231837928194373e-05
Topic #9,u'document', 1.4231837795074831e-05
Topic #9,u'accordance', 1.4231837795074831e-05
Topic #9,u'publicly_available', 1.4231837795074831e-05
Topic #9,u'record', 1.4231837727085282e-05
Topic #9,u'examination', 1.4231837665904931e-05
Topic #9,u'receipt', 1.4231837455195222e-05
Topic #9,u'promptly', 1.4231837455195222e-05
Topic #9,u'place', 1.4231837455195222e-05
Topic #9,u'copy', 1.4231837455195222e-05
