TopicNo,Topic Words,Probability Score
Topic #10,u'order', 0.00048113000897929032
Topic #10,u'revoke', 0.00025934896239691657
Topic #10,u'amend', 0.00025934872911788305
Topic #10,u'notice', 0.00017136551280271805
Topic #10,u'hear', 0.00017136551280271805
Topic #10,u'propose_action', 0.00017136418358004623
Topic #10,u'revoke_approval', 0.00017136418358004623
Topic #10,u'opportunity', 0.00017136418358004623
Topic #10,u'publish', 0.00017136418358004623
Topic #10,u'explanation', 0.00017136418358004623
Topic #4,u'act', 0.00042447009106321527
Topic #4,u'reimbursement', 0.00025919118976258567
Topic #4,u'apply', 0.00025919118976258567
Topic #4,u'justice_act', 0.00025919118976258567
Topic #4,u'party_wish', 0.00025919118976258567
Topic #4,u'certain', 0.00025919118976258567
Topic #4,u'equal_access', 0.00025919118976258567
Topic #4,u'expense', 0.00025919118976258567
Topic #4,u'describe', 0.00017125982604477189
Topic #4,u'submit_request', 0.00017125982604477189
Topic #8,u'commissioner', 0.00037360543871222345
Topic #8,u'procedure_specify', 0.00017168624945526395
Topic #8,u'optional', 0.00017168624945526395
Topic #8,u'new', 0.00011517894204170442
Topic #8,u'animal_drug_application', 0.00011517892987798291
Topic #8,u'amend', 1.4219409499659866e-05
Topic #8,u'consider_issue', 1.4219409427731543e-05
Topic #8,u'note', 1.4219409323908497e-05
Topic #8,u'revoke', 1.4219383548096523e-05
Topic #8,u'cfr', 1.4219383510595284e-05
Topic #3,u'proceed', 0.00032427304358383086
Topic #3,u'follow', 0.00025960088829958392
Topic #3,u'fda', 0.00025960088829958392
Topic #3,u'human_service', 0.00025960088829958392
Topic #3,u'health', 0.00025960088829958392
Topic #3,u'department', 0.00025960088829958392
Topic #3,u'section', 0.00025960078730567483
Topic #3,u'amend', 1.4206512723541981e-05
Topic #3,u'consider_issue', 1.4206512651567248e-05
Topic #3,u'note', 1.4206512547671515e-05
Topic #9,u'petition', 0.00027274166510178957
Topic #9,u'elsewhere', 0.00011521940879492775
Topic #9,u'form_specify', 0.00011521940879492775
Topic #9,u'amendment', 7.8977906853432896e-05
Topic #9,u'amend', 1.4224404610001482e-05
Topic #9,u'consider_issue', 1.4224404537177863e-05
Topic #9,u'note', 1.4224404433238743e-05
Topic #9,u'revoke', 1.4224378629003299e-05
Topic #9,u'cfr', 1.422437859124068e-05
Topic #9,u'regulation', 1.422437859124068e-05
Topic #7,u'cfr', 0.0002598726788918611
Topic #7,u'regulation', 0.0002598726788918611
Topic #7,u'note', 0.00025987244649069638
Topic #7,u'consider_issue', 1.4221391881460255e-05
Topic #7,u'amend', 1.4221391862510524e-05
Topic #7,u'revoke', 1.422136586431121e-05
Topic #7,u'section', 1.4221365795217201e-05
Topic #7,u'own_initiative', 1.4221361696362915e-05
Topic #7,u'initiate', 1.4221361673804934e-05
Topic #7,u'new', 1.4221359090436199e-05
Topic #1,u'consider_issue', 0.00025967799230852635
Topic #1,u'issuance', 0.00023627317477537167
Topic #1,u'hear', 0.0001715817701008922
Topic #1,u'notice', 0.0001715817701008922
Topic #1,u'person_subject', 0.00017158172954782842
Topic #1,u'request', 0.00017158172954782842
Topic #1,u'day', 0.00017158172954782842
Topic #1,u'own_initiative', 0.00011510871899690799
Topic #1,u'initiation', 7.8902126828210529e-05
Topic #1,u'hear_involve', 7.8902123148088716e-05
Topic #5,u'biologic_products', 0.00017178263741987637
Topic #5,u'license', 0.00017178263741987637
Topic #5,u'amend', 1.4227395455286054e-05
Topic #5,u'consider_issue', 1.4227395383245702e-05
Topic #5,u'note', 1.422739527925775e-05
Topic #5,u'revoke', 1.422736946293259e-05
Topic #5,u'regulation', 1.4227369425207657e-05
Topic #5,u'cfr', 1.4227369425207657e-05
Topic #5,u'section', 1.4227369393846245e-05
Topic #5,u'own_initiative', 1.4227365304710605e-05
Topic #2,u'day_period', 0.00017176528632064549
Topic #2,u'extend', 0.00017176528632064549
Topic #2,u'initiate', 0.00011523190510751571
Topic #2,u'amend', 1.4225958395941688e-05
Topic #2,u'consider_issue', 1.4225958323920719e-05
Topic #2,u'note', 1.4225958219961582e-05
Topic #2,u'revoke', 1.42259324106236e-05
Topic #2,u'regulation', 1.4225932372923751e-05
Topic #2,u'cfr', 1.4225932372923751e-05
Topic #2,u'section', 1.4225932341595839e-05
Topic #6,u'amend', 1.4231880099250834e-05
Topic #6,u'consider_issue', 1.4231880027141184e-05
Topic #6,u'note', 1.4231879923051125e-05
Topic #6,u'revoke', 1.4231854081697345e-05
Topic #6,u'cfr', 1.4231854043932999e-05
Topic #6,u'regulation', 1.4231854043932999e-05
Topic #6,u'section', 1.4231854012503357e-05
Topic #6,u'own_initiative', 1.4231849910926818e-05
Topic #6,u'initiate', 1.4231849888354071e-05
Topic #6,u'new', 1.4231847302997604e-05
