TopicNo,Topic Words,Probability Score
Topic #7,u'hear', 0.0055653149276172721
Topic #7,u'objection', 0.0050384304672360762
Topic #7,u'issue', 0.0044303829560532488
Topic #7,u'regardless', 0.0042799248259887705
Topic #7,u'petition', 0.00087090389704435809
Topic #7,u'deny', 0.00051167592794097792
Topic #7,u'judicial_review', 0.0004464796192184833
Topic #7,u'request', 0.00034989033470733232
Topic #7,u'person', 0.00034451054866566875
Topic #7,u'submit', 0.00034451054866566875
Topic #8,u'whether', 0.0044258095208569775
Topic #8,u'exclusive_record', 0.00010939620155519928
Topic #8,u'commissioner', 0.00010939108556896124
Topic #8,u'state', 5.3551061034120733e-05
Topic #8,u'regardless', 1.6878955987716022e-05
Topic #8,u'whole', 1.4206864673934815e-05
Topic #8,u'committee', 1.4201928335177272e-05
Topic #8,u'notice', 1.4199234114712446e-05
Topic #8,u'grant', 1.4191255343178019e-05
Topic #8,u'hear', 1.418647869362284e-05
Topic #10,u'grant', 0.0044175295651373283
Topic #10,u'federal_register', 0.0003707502959972838
Topic #10,u'notice', 0.00033303464604842901
Topic #10,u'date', 0.00023480124569835901
Topic #10,u'biologics_license', 0.00016188763313922618
Topic #10,u'statutory_provision', 0.000161886368116646
Topic #10,u'govern', 0.000161886368116646
Topic #10,u'matter_involve', 0.000161886368116646
Topic #10,u'publication', 0.00016163066664331082
Topic #10,u'specify', 0.00014854318079041032
Topic #2,u'denial', 0.00067224484067501713
Topic #2,u'record', 0.00030556523316830573
Topic #2,u'date', 0.00027972081306609347
Topic #2,u'whole', 0.00026724745046826157
Topic #2,u'court', 0.00025759760651942516
Topic #2,u'request', 0.00024971533460551963
Topic #2,u'notice_deny', 0.00017079989517851065
Topic #2,u'action_pending_review', 0.00016222420966881878
Topic #2,u'time', 0.00016185406248757947
Topic #2,u'issue_begin', 0.00016185406248757947
Topic #9,u'stay', 0.00044600838730088908
Topic #9,u'order', 0.00035904487518189997
Topic #9,u'issue_relates', 0.00031094616574848225
Topic #9,u'action', 0.00025807378072038119
Topic #9,u'regulation', 0.00024164834912609927
Topic #9,u'modify', 0.00014920839552399971
Topic #9,u'final_regulation', 0.00010967726096516707
Topic #9,u'use', 0.00010967725361271553
Topic #9,u'commissioner', 0.00010967214181346787
Topic #9,u'effective_date', 5.3731057070552641e-05
Topic #5,u'commissioner', 0.00020335802035807983
Topic #5,u'transcript', 0.00017123468545874104
Topic #5,u'proceed', 0.00017123248248651591
Topic #5,u'information', 0.00014930258599584796
Topic #5,u'close_portion', 0.00010975812461679361
Topic #5,u'advisory_committee_meet', 0.00010975812461679361
Topic #5,u'public', 0.00010975812461679361
Topic #5,u'explain', 9.3311136874520861e-05
Topic #5,u'minute', 7.5689160014876891e-05
Topic #5,u'meeting', 7.5689160014876891e-05
Topic #1,u'publish', 0.00020234440904214635
Topic #1,u'animal_drug_application', 0.00016286238719006172
Topic #1,u'new', 0.00016286051034453708
Topic #1,u'the_determination', 5.3807602634206617e-05
Topic #1,u'report', 1.426070299548132e-05
Topic #1,u'notice', 1.425824823306854e-05
Topic #1,u'time', 1.4253833602785414e-05
Topic #1,u'issue_begin', 1.4253833602785414e-05
Topic #1,u'file', 1.4240317880866184e-05
Topic #1,u'judicial_review', 1.4238080054702161e-05
Topic #3,u'premarket_approval', 0.00016278933233911886
Topic #3,u'protocol', 0.00016278933233911886
Topic #3,u'device', 0.00016278933233911886
Topic #3,u'application', 0.00016278933233911886
Topic #3,u'product_development', 0.00016278933233911886
Topic #3,u'record_specify', 0.00010979964825922032
Topic #3,u'paragraph', 0.00010979964825922032
Topic #3,u'document_specify', 5.3793411412573339e-05
Topic #3,u'regardless', 1.4218003638692809e-05
Topic #3,u'biologics_license', 1.4217989155210011e-05
Topic #4,u'regardless', 1.4231859755233813e-05
Topic #4,u'biologics_license', 1.4231845222834468e-05
Topic #4,u'commissioner', 1.4231842106245082e-05
Topic #4,u'issue_relates', 1.4231841085627213e-05
Topic #4,u'new', 1.4231841081240846e-05
Topic #4,u'animal_drug_application', 1.4231840070363091e-05
Topic #4,u'act', 1.4231839828772721e-05
Topic #4,u'committee', 1.4231839194022498e-05
Topic #4,u'report', 1.4231839189194634e-05
Topic #4,u'matter_involve', 1.4231839168722517e-05
Topic #6,u'regardless', 1.4231859755230542e-05
Topic #6,u'biologics_license', 1.4231845222433169e-05
Topic #6,u'commissioner', 1.4231842106232729e-05
Topic #6,u'issue_relates', 1.4231841085623742e-05
Topic #6,u'new', 1.4231841081237585e-05
Topic #6,u'animal_drug_application', 1.4231840070359828e-05
Topic #6,u'act', 1.423183982876944e-05
Topic #6,u'committee', 1.4231839194016534e-05
Topic #6,u'report', 1.4231839189188929e-05
Topic #6,u'statutory_provision', 1.4231839168719256e-05
