TopicNo,Topic Words,Probability Score
Topic #2,u'hear', 0.0015775070971472765
Topic #2,u'request', 0.0015775070971472765
Topic #2,u'commissioner', 0.0014585897017192198
Topic #2,u'submit', 0.0012784539257361112
Topic #2,u'order', 0.0011233784108451905
Topic #2,u'confirm', 0.0011233716032043694
Topic #2,u'modify', 0.0011233716032043694
Topic #2,u'written_objections', 0.00016725932343589198
Topic #2,u'person', 0.00016725932343589198
Topic #2,u'form_specify', 7.7496190132926362e-05
Topic #9,u'publish', 0.001434096509565063
Topic #9,u'previous', 0.0011272661281162149
Topic #9,u'order', 0.0011272591940291036
Topic #9,u'petition', 0.00081837877275517401
Topic #9,u'day', 0.00032094771858010718
Topic #9,u'notice', 0.00032088862726950941
Topic #9,u'objection', 0.00016756276831334985
Topic #9,u'extend_except', 0.00016755246072646868
Topic #9,u'additional_information_support', 0.00016755246072646868
Topic #9,u'show', 0.00016755246072646868
Topic #4,u'objection', 0.001288176954637496
Topic #4,u'impede', 0.00016852569585892613
Topic #4,u'review', 0.00016852569585892613
Topic #4,u'thereby', 0.00016852569585892613
Topic #4,u'provide', 7.8095354820214433e-05
Topic #4,u'issuance', 5.5318500737154426e-05
Topic #4,u'initiation', 5.5318500575619775e-05
Topic #4,u'hear_involve', 5.5318500421157496e-05
Topic #4,u'hear', 2.1250541688555818e-05
Topic #4,u'request', 2.1250541688555818e-05
Topic #3,u'th_day', 0.0012871012416291732
Topic #3,u'date', 0.0012871012416291732
Topic #3,u'final_regulation', 0.0001683972218408567
Topic #3,u'publication', 0.0001683972218408567
Topic #3,u'order', 1.5726662485026372e-05
Topic #3,u'modify', 1.5726546805891434e-05
Topic #3,u'confirm', 1.5726546805891434e-05
Topic #3,u'requirement', 1.4263963013598595e-05
Topic #3,u'meet', 1.4263963013598595e-05
Topic #3,u'file', 1.4263946818421004e-05
Topic #6,u'act', 0.0012736537137120036
Topic #6,u'file', 0.00036684060920103213
Topic #6,u'requirement', 0.00021260202079588351
Topic #6,u'meet', 0.00021260202079588351
Topic #6,u'labeling_act', 0.00015452532210247357
Topic #6,u'fair_package', 0.00015452532185531055
Topic #6,u'matter_subject', 0.00011343533787089919
Topic #6,u'involves', 0.0001134346488870387
Topic #6,u'initiate', 5.5285800969166274e-05
Topic #6,u'notice', 1.4292696654801868e-05
Topic #8,u'regulation', 0.00036417384106832878
Topic #8,u'submit_objection', 0.00016859886326149004
Topic #8,u'describe', 0.00016859886326149004
Topic #8,u'notice_promulgate', 0.00016859886326149004
Topic #8,u'refer', 0.00016411777161544512
Topic #8,u'accordance', 0.00016411777161544512
Topic #8,u'advisory_committee', 0.00016411777161544512
Topic #8,u'proposal_relate', 0.00016411777161544512
Topic #8,u'revocation', 5.534309968561896e-05
Topic #8,u'own_initiative', 5.5343092549696024e-05
Topic #1,u'food_additive', 0.00017761639379694399
Topic #1,u'reserve', 0.0001687641687695973
Topic #1,u'involves', 0.0001136456954032214
Topic #1,u'color_additive', 0.00011364500163797474
Topic #1,u'specify', 7.8193461393246568e-05
Topic #1,u'form', 7.819346138678105e-05
Topic #1,u'proceed', 5.5387970826521418e-05
Topic #1,u'order', 1.4222089791307612e-05
Topic #1,u'previous', 1.4222086428368594e-05
Topic #1,u'petition', 1.4222079122164202e-05
Topic #10,u'form', 7.8237116281033444e-05
Topic #10,u'color_additive_petition', 7.8237113707168562e-05
Topic #10,u'order', 1.4230029433518397e-05
Topic #10,u'previous', 1.4230026065528954e-05
Topic #10,u'reserve', 1.4230023405059984e-05
Topic #10,u'petition', 1.4230018747305939e-05
Topic #10,u'involves', 1.4230018248702775e-05
Topic #10,u'confirm', 1.4230018107469321e-05
Topic #10,u'modify', 1.4230018107469321e-05
Topic #10,u'provide', 1.4230017930721919e-05
Topic #5,u'amendment', 5.5423704167222891e-05
Topic #5,u'order', 1.4231265069758089e-05
Topic #5,u'previous', 1.423126170099831e-05
Topic #5,u'reserve', 1.4231259041884344e-05
Topic #5,u'petition', 1.423125437812875e-05
Topic #5,u'involves', 1.4231253883787716e-05
Topic #5,u'confirm', 1.4231253741119639e-05
Topic #5,u'modify', 1.4231253741119639e-05
Topic #5,u'provide', 1.4231253562602152e-05
Topic #5,u'form', 1.4231252937426651e-05
Topic #7,u'order', 1.4231851315185565e-05
Topic #7,u'previous', 1.4231847946157957e-05
Topic #7,u'reserve', 1.4231845286266456e-05
Topic #7,u'petition', 1.4231840624669174e-05
Topic #7,u'involves', 1.423184012879299e-05
Topic #7,u'confirm', 1.4231839985637805e-05
Topic #7,u'modify', 1.4231839985637805e-05
Topic #7,u'provide', 1.423183980837155e-05
Topic #7,u'form', 1.4231839182910654e-05
Topic #7,u'follow', 1.4231838787904818e-05
