TopicNo,Topic Words,Probability Score
Topic #4,u'revocation', 0.00070049159438256446
Topic #4,u'modification', 0.00070049159438256446
Topic #4,u'regulation', 0.00031480694518504611
Topic #4,u'order', 0.00031480694518504611
Topic #4,u'taken', 0.00017892168537876206
Topic #4,u'provision', 0.00017892168537876206
Topic #4,u'issue', 0.00017892168537876206
Topic #4,u'affect', 1.4521800819842006e-05
Topic #4,u'due_course', 1.4521800819842006e-05
Topic #4,u'act', 1.4521800819842006e-05
Topic #5,u'request', 0.00069835864729187293
Topic #5,u'objection', 0.00069835864729187293
Topic #5,u'hear', 0.00069835864729187293
Topic #5,u'upon', 0.00059271198675272131
Topic #5,u'act', 0.00052441565024192451
Topic #5,u'remain', 0.00052441565024192451
Topic #5,u'due_course', 0.00052441565024192451
Topic #5,u'file', 0.00052441565024192451
Topic #5,u'affect', 0.00052441565024192451
Topic #5,u'submit', 0.00011955899768254621
Topic #7,u'promptly', 0.0001203914346782217
Topic #7,u'commissioner', 0.0001203914346782217
Topic #7,u'notice', 0.0001203914346782217
Topic #7,u'action', 0.0001203914346782217
Topic #7,u'take', 0.0001203914346782217
Topic #7,u'federal_register', 0.0001203914346782217
Topic #7,u'remain', 1.4222772203289778e-05
Topic #7,u'act', 1.4222772203289778e-05
Topic #7,u'affect', 1.4222772203289778e-05
Topic #7,u'due_course', 1.4222772203289778e-05
Topic #10,u'due_course', 1.4231838056198463e-05
Topic #10,u'remain', 1.4231838056198463e-05
Topic #10,u'act', 1.4231838056198463e-05
Topic #10,u'affect', 1.4231838056198463e-05
Topic #10,u'file', 1.4231838056198463e-05
Topic #10,u'taken', 1.4231837872270925e-05
Topic #10,u'issue', 1.4231837872270925e-05
Topic #10,u'provision', 1.4231837872270925e-05
Topic #10,u'submit', 1.4231837446336157e-05
Topic #10,u'commissioner', 1.4231837253370358e-05
Topic #2,u'due_course', 1.4231838056198463e-05
Topic #2,u'remain', 1.4231838056198463e-05
Topic #2,u'act', 1.4231838056198463e-05
Topic #2,u'affect', 1.4231838056198463e-05
Topic #2,u'file', 1.4231838056198463e-05
Topic #2,u'taken', 1.4231837872270925e-05
Topic #2,u'issue', 1.4231837872270925e-05
Topic #2,u'provision', 1.4231837872270925e-05
Topic #2,u'submit', 1.4231837446336169e-05
Topic #2,u'commissioner', 1.4231837253370358e-05
Topic #1,u'due_course', 1.4231838056198463e-05
Topic #1,u'remain', 1.4231838056198463e-05
Topic #1,u'act', 1.4231838056198463e-05
Topic #1,u'affect', 1.4231838056198463e-05
Topic #1,u'file', 1.4231838056198463e-05
Topic #1,u'taken', 1.4231837872270925e-05
Topic #1,u'issue', 1.4231837872270925e-05
Topic #1,u'provision', 1.4231837872270925e-05
Topic #1,u'submit', 1.4231837446336166e-05
Topic #1,u'commissioner', 1.4231837253370358e-05
Topic #8,u'due_course', 1.4231838056198463e-05
Topic #8,u'remain', 1.4231838056198463e-05
Topic #8,u'act', 1.4231838056198463e-05
Topic #8,u'affect', 1.4231838056198463e-05
Topic #8,u'file', 1.4231838056198463e-05
Topic #8,u'taken', 1.4231837872270925e-05
Topic #8,u'issue', 1.4231837872270925e-05
Topic #8,u'provision', 1.4231837872270925e-05
Topic #8,u'submit', 1.4231837446336159e-05
Topic #8,u'commissioner', 1.4231837253370358e-05
Topic #6,u'due_course', 1.4231838056198463e-05
Topic #6,u'remain', 1.4231838056198463e-05
Topic #6,u'act', 1.4231838056198463e-05
Topic #6,u'affect', 1.4231838056198463e-05
Topic #6,u'file', 1.4231838056198463e-05
Topic #6,u'taken', 1.4231837872270925e-05
Topic #6,u'issue', 1.4231837872270925e-05
Topic #6,u'provision', 1.4231837872270925e-05
Topic #6,u'submit', 1.4231837446336152e-05
Topic #6,u'commissioner', 1.4231837253370358e-05
Topic #9,u'due_course', 1.4231838056198439e-05
Topic #9,u'remain', 1.4231838056198439e-05
Topic #9,u'act', 1.4231838056198439e-05
Topic #9,u'affect', 1.4231838056198439e-05
Topic #9,u'file', 1.4231838056198439e-05
Topic #9,u'taken', 1.4231837872270901e-05
Topic #9,u'issue', 1.4231837872270901e-05
Topic #9,u'provision', 1.4231837872270901e-05
Topic #9,u'submit', 1.4231837446336128e-05
Topic #9,u'commissioner', 1.4231837253370332e-05
Topic #3,u'due_course', 1.4231838056198407e-05
Topic #3,u'remain', 1.4231838056198407e-05
Topic #3,u'act', 1.4231838056198407e-05
Topic #3,u'affect', 1.4231838056198407e-05
Topic #3,u'file', 1.4231838056198407e-05
Topic #3,u'taken', 1.4231837872270868e-05
Topic #3,u'issue', 1.4231837872270868e-05
Topic #3,u'provision', 1.4231837872270868e-05
Topic #3,u'submit', 1.4231837446336093e-05
Topic #3,u'commissioner', 1.423183725404003e-05
