TopicNo,Topic Words,Probability Score
Topic #4,u'file', 0.00041162008729138936
Topic #4,u'objection', 0.00031147498193020572
Topic #4,u'notice', 0.00031147482411130151
Topic #4,u'commissioner', 0.00011431850490582905
Topic #4,u'specify', 0.00011431850490582905
Topic #4,u'publish', 0.00011431850490582905
Topic #4,u'stay', 0.00011431850490582905
Topic #4,u'part', 0.00011431850490582905
Topic #4,u'federal_register', 0.00011431850490582905
Topic #4,u'proper_objections', 0.00011431850490582905
Topic #8,u'hear', 0.00036714703113654924
Topic #8,u'request', 0.00021141840588306612
Topic #8,u'cause', 0.0001699422478190652
Topic #8,u'undue_delay', 0.0001699422478190652
Topic #8,u'constitute', 0.00010285940632670668
Topic #8,u'justify', 0.00010285940632670668
Topic #8,u'determination', 0.00010285940632670668
Topic #8,u'involve', 5.5693704809766841e-05
Topic #8,u'expiration', 5.5693704774729662e-05
Topic #8,u'file_objection', 5.5693704748780055e-05
Topic #5,u'section', 0.00017896357645619764
Topic #5,u'regulation', 0.00017893890304713719
Topic #5,u'labeling_act', 0.00011446356945959724
Topic #5,u'act', 0.00011446356945959724
Topic #5,u'fair_package', 0.00011446356945959724
Topic #5,u'state', 0.00011446355872034643
Topic #5,u'fact', 0.00011446355872034643
Topic #5,u'revocation', 7.8719089024461878e-05
Topic #5,u'publish', 1.4249794203423047e-05
Topic #5,u'federal_register', 1.4249794203423047e-05
Topic #10,u'notice_describe', 0.00017011104798997338
Topic #10,u'notice_require', 0.00017011104798997338
Topic #10,u'combine', 0.00017011104798997338
Topic #10,u'cause', 1.4225184485938721e-05
Topic #10,u'undue_delay', 1.4225184485938721e-05
Topic #10,u'amendment', 1.4225184174382341e-05
Topic #10,u'fact', 1.4225183160502466e-05
Topic #10,u'state', 1.4225183160502466e-05
Topic #10,u'constitute', 1.4225182662502759e-05
Topic #10,u'justify', 1.4225182662502759e-05
Topic #7,u'amendment', 7.8784529778932932e-05
Topic #7,u'cause', 1.4230921396957114e-05
Topic #7,u'undue_delay', 1.4230921396957114e-05
Topic #7,u'fact', 1.4230920072195741e-05
Topic #7,u'state', 1.4230920072195741e-05
Topic #7,u'notice_describe', 1.4230920070417929e-05
Topic #7,u'notice_require', 1.4230920070417929e-05
Topic #7,u'combine', 1.4230920070417929e-05
Topic #7,u'constitute', 1.4230919573125536e-05
Topic #7,u'justify', 1.4230919573125536e-05
Topic #3,u'cause', 1.423184011425338e-05
Topic #3,u'undue_delay', 1.423184011425338e-05
Topic #3,u'amendment', 1.4231839802788071e-05
Topic #3,u'fact', 1.423183878815468e-05
Topic #3,u'state', 1.423183878815468e-05
Topic #3,u'notice_describe', 1.4231838787342468e-05
Topic #3,u'notice_require', 1.4231838787342468e-05
Topic #3,u'combine', 1.4231838787342468e-05
Topic #3,u'constitute', 1.4231838289909143e-05
Topic #3,u'justify', 1.4231838289909143e-05
Topic #2,u'cause', 1.4231840114198618e-05
Topic #2,u'undue_delay', 1.4231840114198618e-05
Topic #2,u'amendment', 1.4231839802790339e-05
Topic #2,u'fact', 1.423183878815695e-05
Topic #2,u'state', 1.423183878815695e-05
Topic #2,u'notice_describe', 1.4231838787344789e-05
Topic #2,u'notice_require', 1.4231838787344789e-05
Topic #2,u'combine', 1.4231838787344789e-05
Topic #2,u'constitute', 1.4231838289942589e-05
Topic #2,u'justify', 1.4231838289942589e-05
Topic #1,u'cause', 1.4231840114197262e-05
Topic #1,u'undue_delay', 1.4231840114197262e-05
Topic #1,u'amendment', 1.4231839802788982e-05
Topic #1,u'fact', 1.423183878815638e-05
Topic #1,u'state', 1.423183878815638e-05
Topic #1,u'notice_describe', 1.4231838787343435e-05
Topic #1,u'notice_require', 1.4231838787343435e-05
Topic #1,u'combine', 1.4231838787343435e-05
Topic #1,u'constitute', 1.4231838289913517e-05
Topic #1,u'justify', 1.4231838289913517e-05
Topic #9,u'cause', 1.423184011419722e-05
Topic #9,u'undue_delay', 1.423184011419722e-05
Topic #9,u'amendment', 1.4231839802946024e-05
Topic #9,u'notice_describe', 1.4231838788496864e-05
Topic #9,u'notice_require', 1.4231838788496864e-05
Topic #9,u'combine', 1.4231838788496864e-05
Topic #9,u'fact', 1.4231838788159736e-05
Topic #9,u'state', 1.4231838788159736e-05
Topic #9,u'constitute', 1.4231838289907625e-05
Topic #9,u'justify', 1.4231838289907625e-05
Topic #6,u'cause', 1.4231840114196353e-05
Topic #6,u'undue_delay', 1.4231840114196353e-05
Topic #6,u'amendment', 1.4231839802788334e-05
Topic #6,u'fact', 1.4231838788154913e-05
Topic #6,u'state', 1.4231838788154913e-05
Topic #6,u'notice_describe', 1.4231838787342524e-05
Topic #6,u'notice_require', 1.4231838787342524e-05
Topic #6,u'combine', 1.4231838787342524e-05
Topic #6,u'constitute', 1.4231838289905121e-05
Topic #6,u'justify', 1.4231838289905121e-05
