TopicNo,Topic Words,Probability Score
Topic #7,u'objection', 0.0016888847280530238
Topic #7,u'rule', 1.4228315654130589e-05
Topic #7,u'provide', 1.4208005783935656e-05
Topic #7,u'matter', 1.4208005523887664e-05
Topic #7,u'petition', 1.4208005381106241e-05
Topic #7,u'discretion', 1.4208004760556986e-05
Topic #7,u'record', 1.4208004757100631e-05
Topic #7,u'record_designate', 1.4208004757100631e-05
Topic #7,u'court', 1.4208004756851932e-05
Topic #7,u'act', 1.4208004756851932e-05
Topic #4,u'rule', 0.0014984360904917282
Topic #4,u'person', 0.00036821576941735917
Topic #4,u'hear', 0.00036004471835523073
Topic #4,u'commissioner', 0.00032761704458640704
Topic #4,u'right', 0.00015839711168705143
Topic #4,u'request', 0.00011783604080953637
Topic #4,u'matter', 0.00011220342092261115
Topic #4,u'order', 0.00011220226772178679
Topic #4,u'provision', 0.00011220226772178679
Topic #4,u'adversely', 0.00011220226249433871
Topic #3,u'judicial_review', 0.00051256835937599969
Topic #3,u'petition', 0.00030998031515223353
Topic #3,u'record_designate', 0.00016677721596569187
Topic #3,u'record', 0.00016677721596569187
Topic #3,u'time', 0.00016548079469943464
Topic #3,u'publication', 0.00016548079469943464
Topic #3,u'begin', 0.00016548079469943464
Topic #3,u'file', 0.00016548079469943464
Topic #3,u'date', 0.00016548079469943464
Topic #3,u'waiver', 0.00011800016352068645
Topic #10,u'appeal', 0.0001670559939420262
Topic #10,u'act', 0.0001670559939420262
Topic #10,u'court', 0.0001670559939420262
Topic #10,u'objection', 1.4225315264131338e-05
Topic #10,u'provide', 1.4225314619717079e-05
Topic #10,u'matter', 1.4225314358715984e-05
Topic #10,u'petition', 1.4225314216321038e-05
Topic #10,u'discretion', 1.4225313594297535e-05
Topic #10,u'record', 1.4225313591364282e-05
Topic #10,u'record_designate', 1.4225313591364282e-05
Topic #6,u'discretion', 0.00011257665433125479
Topic #6,u'matter', 0.00011257550019898797
Topic #6,u'objection', 1.4229041131192509e-05
Topic #6,u'provide', 1.4229040486704206e-05
Topic #6,u'petition', 1.4229040081229933e-05
Topic #6,u'record', 1.4229039456577647e-05
Topic #6,u'record_designate', 1.4229039456577647e-05
Topic #6,u'act', 1.4229039456326904e-05
Topic #6,u'court', 1.4229039456326904e-05
Topic #6,u'appeal', 1.4229039456326904e-05
Topic #8,u'provide', 7.7518870218806193e-05
Topic #8,u'objection', 1.4230939744872291e-05
Topic #8,u'matter', 1.4230938839392144e-05
Topic #8,u'petition', 1.4230938697344311e-05
Topic #8,u'discretion', 1.4230938074882165e-05
Topic #8,u'record', 1.4230938072268633e-05
Topic #8,u'record_designate', 1.4230938072268633e-05
Topic #8,u'act', 1.4230938072019622e-05
Topic #8,u'court', 1.4230938072019622e-05
Topic #8,u'appeal', 1.4230938072019622e-05
Topic #1,u'waive', 5.4854243861013584e-05
Topic #1,u'submit_objection', 1.4359198450053424e-05
Topic #1,u'right', 1.425552652119662e-05
Topic #1,u'hear', 1.4248419602306021e-05
Topic #1,u'objection', 1.4231259897333604e-05
Topic #1,u'provide', 1.4231259250666697e-05
Topic #1,u'matter', 1.4231258992365316e-05
Topic #1,u'petition', 1.4231258850450082e-05
Topic #1,u'discretion', 1.4231258227897149e-05
Topic #1,u'record_designate', 1.4231258225453474e-05
Topic #5,u'objection', 1.4231840455495639e-05
Topic #5,u'provide', 1.4231839805433253e-05
Topic #5,u'matter', 1.4231839544092372e-05
Topic #5,u'petition', 1.4231839401493e-05
Topic #5,u'discretion', 1.4231838779267256e-05
Topic #5,u'act', 1.4231838777186492e-05
Topic #5,u'appeal', 1.4231838777186492e-05
Topic #5,u'court', 1.4231838777186492e-05
Topic #5,u'record', 1.423183877626457e-05
Topic #5,u'record_designate', 1.423183877626457e-05
Topic #9,u'objection', 1.423184045005214e-05
Topic #9,u'provide', 1.4231839805436303e-05
Topic #9,u'matter', 1.4231839544095169e-05
Topic #9,u'petition', 1.4231839401493878e-05
Topic #9,u'discretion', 1.423183877926999e-05
Topic #9,u'record', 1.4231838776265666e-05
Topic #9,u'record_designate', 1.4231838776265666e-05
Topic #9,u'act', 1.4231838776017094e-05
Topic #9,u'court', 1.4231838776017094e-05
Topic #9,u'appeal', 1.4231838776017094e-05
Topic #2,u'objection', 1.4231840450049821e-05
Topic #2,u'provide', 1.4231839806024296e-05
Topic #2,u'matter', 1.4231839544094107e-05
Topic #2,u'petition', 1.4231839401492643e-05
Topic #2,u'discretion', 1.4231838779267876e-05
Topic #2,u'record', 1.423183877626427e-05
Topic #2,u'record_designate', 1.423183877626427e-05
Topic #2,u'act', 1.4231838776014983e-05
Topic #2,u'court', 1.4231838776014983e-05
Topic #2,u'appeal', 1.4231838776014983e-05
