TopicNo,Topic Words,Probability Score
Topic #1,u'advisory_committee', 0.0027090028099752464
Topic #1,u'found', 0.0022209393018302794
Topic #1,u'hear_procedures', 0.0022209393018302794
Topic #1,u'public', 0.0005021561135644388
Topic #1,u'section_does', 0.00015980518902235604
Topic #1,u'opportunity', 0.00015980518902235604
Topic #1,u'affect', 0.00015980518902235604
Topic #1,u'date', 0.0001102452923082699
Topic #1,u'specify', 1.5710791664934847e-05
Topic #1,u'handle', 1.4327532660603271e-05
Topic #6,u'protocol', 0.0022047224051788298
Topic #6,u'device', 0.0022047224051788298
Topic #6,u'application', 0.0022047224051788298
Topic #6,u'regard', 0.0022047224051788298
Topic #6,u'product_development', 0.0022047224051788298
Topic #6,u'act', 0.0022047224051788298
Topic #6,u'premarket_approval', 0.0022047224051788298
Topic #6,u'denial', 5.349971261918424e-05
Topic #6,u'hear', 1.4028570294023665e-05
Topic #6,u'hear_procedures', 1.4013051306224254e-05
Topic #7,u'hear', 0.0016337754008837772
Topic #7,u'commissioner', 0.0005633058887221749
Topic #7,u'notice', 0.0004994684511876661
Topic #7,u'order', 0.00043582762495533261
Topic #7,u'issue', 0.00035521469193468616
Topic #7,u'final', 0.00031244879597967296
Topic #7,u'submission', 0.00031244879226544487
Topic #7,u'decision', 0.00031238247013833879
Topic #7,u'initial_decision', 0.000312382465528633
Topic #7,u'inquiry', 0.00029897931909732842
Topic #3,u'hear', 0.00053141537705793081
Topic #3,u'right', 0.00043112471314520734
Topic #3,u'request', 0.00039955494629857486
Topic #3,u'waive', 0.000178628250564297
Topic #3,u'waiver', 0.00013789189179936465
Topic #3,u'otherwise', 0.00013204266152409664
Topic #3,u'commissioner_determines', 0.00013204266152409664
Topic #3,u'one', 0.0001164262745126323
Topic #3,u'person', 9.4236143987668587e-05
Topic #3,u'person_request', 7.6398621192001222e-05
Topic #8,u'alternative_form', 0.00045298416800484823
Topic #8,u'submit', 0.0003631332129615635
Topic #8,u'specify', 0.00031292850162647687
Topic #8,u'participant', 0.00026097062285856297
Topic #8,u'form', 0.00017849850533921288
Topic #8,u'time', 0.00017296092228384275
Topic #8,u'proceed', 0.00016435908115355264
Topic #8,u'remedy', 0.00016435908115355264
Topic #8,u'administrative', 0.00016435908115355264
Topic #8,u'pursue', 0.00016435908115355264
Topic #5,u'thereafter', 0.0001647517327176669
Topic #5,u'alternative', 0.00013884281914421738
Topic #5,u'issue_raise', 7.65318241465365e-05
Topic #5,u'consider', 7.65318241465365e-05
Topic #5,u'appropriateness', 7.65318241465365e-05
Topic #5,u'request_submit', 7.65318241465365e-05
Topic #5,u'objection', 7.65318241465365e-05
Topic #5,u'acceptable', 7.653181596210267e-05
Topic #5,u'bind_unless', 7.6531815960859605e-05
Topic #5,u'acceptance', 7.6531385943101482e-05
Topic #4,u'availability', 0.00016465762758496129
Topic #4,u'governs', 0.00016465762758496129
Topic #4,u'copy', 0.00016465762758496129
Topic #4,u'public_examination', 0.00016465762758496129
Topic #4,u'commissioner', 0.00015275029376534077
Topic #4,u'acceptance', 7.6488508337991509e-05
Topic #4,u'upon', 7.6488076485569916e-05
Topic #4,u'cause', 7.6488072112768844e-05
Topic #4,u'good', 7.6488072112768844e-05
Topic #4,u'stay', 7.6476478189285116e-05
Topic #10,u'party', 0.00011110681819346704
Topic #10,u'submit_nominee', 0.00011110611809975747
Topic #10,u'file', 0.00011110608209756317
Topic #10,u'board', 0.00011110536385072212
Topic #10,u'found', 1.4226343428062966e-05
Topic #10,u'hear_procedures', 1.4226343428062966e-05
Topic #10,u'protocol', 1.4226330166553352e-05
Topic #10,u'regard', 1.4226330166553352e-05
Topic #10,u'application', 1.4226330166553352e-05
Topic #10,u'premarket_approval', 1.4226330166553352e-05
Topic #9,u'discretion', 7.6583205761034752e-05
Topic #9,u'lieu', 5.4293648968701881e-05
Topic #9,u'request', 1.4251685206719568e-05
Topic #9,u'hear', 1.4246401254967712e-05
Topic #9,u'found', 1.4230400452757449e-05
Topic #9,u'hear_procedures', 1.4230400452757449e-05
Topic #9,u'device', 1.4230387181128707e-05
Topic #9,u'regard', 1.4230387181128707e-05
Topic #9,u'premarket_approval', 1.4230387181128707e-05
Topic #9,u'protocol', 1.4230387181128707e-05
Topic #2,u'otherwise', 2.0789285001574485e-05
Topic #2,u'commissioner_determines', 2.0789285001574485e-05
Topic #2,u'found', 1.423167190121374e-05
Topic #2,u'hear_procedures', 1.423167190121374e-05
Topic #2,u'application', 1.4231658628098352e-05
Topic #2,u'regard', 1.4231658628098352e-05
Topic #2,u'premarket_approval', 1.4231658628098352e-05
Topic #2,u'protocol', 1.4231658628098352e-05
Topic #2,u'device', 1.4231658628098352e-05
Topic #2,u'product_development', 1.4231658628098352e-05
