TopicNo,Topic Words,Probability Score
Topic #4,u'hear', 0.0051521147405442962
Topic #4,u'date', 0.0022759336091698265
Topic #4,u'deem', 0.0020848283384841603
Topic #4,u'begin', 0.0020848283384841603
Topic #4,u'publication', 0.0020848283384841603
Topic #4,u'issue', 0.00085496377416892247
Topic #4,u'preside_officer', 0.0004324339148796901
Topic #4,u'statement', 0.00037976710934279571
Topic #4,u'revise', 0.00031003782973070302
Topic #4,u'grant', 0.0003099573985608225
Topic #10,u'notice', 0.0028048810331359137
Topic #10,u'time', 0.00041848798377265459
Topic #10,u'commissioner', 0.00039328926906529241
Topic #10,u'place', 0.00035624283722608143
Topic #10,u'later', 0.00032215993093923648
Topic #10,u'participant', 0.00028216133278780823
Topic #10,u'include', 0.00028215834557874809
Topic #10,u'within', 0.00022583412009921088
Topic #10,u'publish', 0.00020373879157326513
Topic #10,u'file', 0.00017243128682043862
Topic #3,u'already', 0.00016497838298879685
Topic #3,u'additional_copy', 0.00016497838298879685
Topic #3,u'material', 0.00016497838298879685
Topic #3,u'submit', 0.00016497795453788877
Topic #3,u'pre', 0.00011120931083809293
Topic #3,u'deem', 1.4221882931249417e-05
Topic #3,u'publication', 1.4221882931249417e-05
Topic #3,u'begin', 1.4221882931249417e-05
Topic #3,u'date', 1.422187881513216e-05
Topic #3,u'prehear_conference', 1.4221877556719393e-05
Topic #9,u'subject', 0.00011684329740342184
Topic #9,u'order', 5.4401281427895056e-05
Topic #9,u'regulation', 5.4401281421579606e-05
Topic #9,u'date', 1.4300425591697047e-05
Topic #9,u'hear', 1.4245058116885919e-05
Topic #9,u'begin', 1.4229240351348994e-05
Topic #9,u'publication', 1.4229240351348994e-05
Topic #9,u'deem', 1.4229240351348994e-05
Topic #9,u'pre', 1.4229236901912094e-05
Topic #9,u'prehear_conference', 1.4229234958219753e-05
Topic #5,u'prehear_conference', 0.00011122970516212714
Topic #5,u'place', 1.4498225279140087e-05
Topic #5,u'deem', 1.4230461128096585e-05
Topic #5,u'publication', 1.4230461128096585e-05
Topic #5,u'begin', 1.4230461128096585e-05
Topic #5,u'pre', 1.4230457688048767e-05
Topic #5,u'date', 1.4230457000762595e-05
Topic #5,u'submit', 1.4230454894626685e-05
Topic #5,u'preside_officer', 1.4230454366813414e-05
Topic #5,u'revise', 1.4230454194671913e-05
Topic #8,u'stay', 9.4572053930205328e-05
Topic #8,u'action', 5.4399985637979937e-05
Topic #8,u'order', 5.4397425730824428e-05
Topic #8,u'regulation', 5.4397425549185558e-05
Topic #8,u'operation', 5.4397181029735969e-05
Topic #8,u'statement_specify', 5.4397181019428811e-05
Topic #8,u'law', 5.4397180946180661e-05
Topic #8,u'commissioner', 1.4266960602985841e-05
Topic #8,u'deem', 1.4227271198445111e-05
Topic #8,u'publication', 1.4227271198445111e-05
Topic #6,u'deem', 1.42318454202419e-05
Topic #6,u'publication', 1.42318454202419e-05
Topic #6,u'begin', 1.42318454202419e-05
Topic #6,u'pre', 1.4231841976996984e-05
Topic #6,u'date', 1.4231841289570358e-05
Topic #6,u'prehear_conference', 1.4231840030806113e-05
Topic #6,u'submit', 1.4231839184543949e-05
Topic #6,u'place', 1.423183877004224e-05
Topic #6,u'preside_officer', 1.4231838655357327e-05
Topic #6,u'revise', 1.4231838484354104e-05
Topic #1,u'deem', 1.4231845420239416e-05
Topic #1,u'publication', 1.4231845420239416e-05
Topic #1,u'begin', 1.4231845420239416e-05
Topic #1,u'pre', 1.4231841976994576e-05
Topic #1,u'date', 1.4231841289567863e-05
Topic #1,u'prehear_conference', 1.4231840030910457e-05
Topic #1,u'submit', 1.4231839184540205e-05
Topic #1,u'place', 1.4231838770094352e-05
Topic #1,u'preside_officer', 1.4231838655354762e-05
Topic #1,u'revise', 1.4231838484351622e-05
Topic #7,u'deem', 1.4231845420238568e-05
Topic #7,u'publication', 1.4231845420238568e-05
Topic #7,u'begin', 1.4231845420238568e-05
Topic #7,u'pre', 1.4231841976993648e-05
Topic #7,u'date', 1.4231841289567011e-05
Topic #7,u'prehear_conference', 1.4231840030802776e-05
Topic #7,u'submit', 1.4231839184655625e-05
Topic #7,u'place', 1.4231838770004242e-05
Topic #7,u'preside_officer', 1.4231838655354367e-05
Topic #7,u'revise', 1.4231838484350775e-05
Topic #2,u'deem', 1.4231845420236696e-05
Topic #2,u'publication', 1.4231845420236696e-05
Topic #2,u'begin', 1.4231845420236696e-05
Topic #2,u'pre', 1.4231841977192675e-05
Topic #2,u'date', 1.423184128956514e-05
Topic #2,u'prehear_conference', 1.4231840030800877e-05
Topic #2,u'submit', 1.4231839184545811e-05
Topic #2,u'place', 1.4231838769983509e-05
Topic #2,u'preside_officer', 1.4231838655549354e-05
Topic #2,u'discretion', 1.4231838516848209e-05
