TopicNo,Topic Words,Probability Score
Topic #2,u'participation', 0.0039127218079013258
Topic #2,u'person', 0.0034320269034801626
Topic #2,u'stricken', 0.0030994519186271705
Topic #2,u'whose', 0.0030994519186271705
Topic #2,u'petition', 0.0029540106608657822
Topic #2,u'interlocutory_review', 0.0029540106608657822
Topic #2,u'commissioner', 0.0029540106608657822
Topic #2,u'hear', 0.00062133487828713808
Topic #2,u'notice', 0.00057486245500344777
Topic #2,u'requirement', 0.00039411972994545294
Topic #9,u'file', 0.00035230515421795988
Topic #9,u'participate', 0.00029910785409542845
Topic #9,u'division', 0.0002428587292893206
Topic #9,u'docket_management', 0.00024285872896777729
Topic #9,u'prehearing', 0.0001633904520355138
Topic #9,u'issue', 0.0001633904520355138
Topic #9,u'order', 0.0001633904520355138
Topic #9,u'sign', 0.00016339039416969395
Topic #9,u'participant', 0.00016315580661502627
Topic #9,u'serve', 0.00016315580661502627
Topic #6,u'cfr', 0.00032185674776091929
Topic #6,u'food', 5.4059530092352478e-05
Topic #6,u'drug_administration', 5.4059530080857001e-05
Topic #6,u'date', 5.4059521848515801e-05
Topic #6,u'name', 2.0739075994070983e-05
Topic #6,u'requirement', 1.8615330126694502e-05
Topic #6,u'documentary_evidence', 1.4534397141759149e-05
Topic #6,u'testimony', 1.4534397141759149e-05
Topic #6,u'present', 1.4534397141759149e-05
Topic #6,u'statement', 1.4527728120284309e-05
Topic #10,u'specific', 0.00019605236825304468
Topic #10,u'interest', 0.00019605236825304468
Topic #10,u'name', 0.00013147964805736146
Topic #10,u'proceed', 0.00011038909168251213
Topic #10,u'statement', 8.4241060988705889e-05
Topic #10,u'rockville', 7.6106560545418208e-05
Topic #10,u'person', 1.4316489224559958e-05
Topic #10,u'interlocutory_review', 1.4221756859111144e-05
Topic #10,u'petition', 1.4221756859111144e-05
Topic #10,u'commissioner', 1.4221756859111144e-05
Topic #3,u'state', 0.00017228806374525516
Topic #3,u'city', 0.00017228806374525516
Topic #3,u'proceed', 0.00011040277458462835
Topic #3,u'need', 0.00011040270838767091
Topic #3,u'party', 0.00011040270838767091
Topic #3,u'complete', 0.00011040270838767091
Topic #3,u'interlocutory_review', 1.4221873977161135e-05
Topic #3,u'petition', 1.4221873977161135e-05
Topic #3,u'commissioner', 1.4221873977161135e-05
Topic #3,u'sign', 1.4221870737386008e-05
Topic #1,u'require', 0.00016374560104966422
Topic #1,u'information', 0.00016374560104966422
Topic #1,u'disclosure', 0.00016374560104966422
Topic #1,u'service', 7.6116991331810112e-05
Topic #1,u'accept', 7.6116991331810112e-05
Topic #1,u'interlocutory_review', 1.4223702821460189e-05
Topic #1,u'commissioner', 1.4223702821460189e-05
Topic #1,u'petition', 1.4223702821460189e-05
Topic #1,u'sign', 1.4223699594761903e-05
Topic #1,u'name', 1.4223697376978321e-05
Topic #7,u'street_address', 0.0001346111940139505
Topic #7,u'commissioner', 1.4230135219193098e-05
Topic #7,u'interlocutory_review', 1.4230135219193098e-05
Topic #7,u'petition', 1.4230135219193098e-05
Topic #7,u'sign', 1.4230131981120332e-05
Topic #7,u'name', 1.4230129761875608e-05
Topic #7,u'rockville', 1.4230126568040927e-05
Topic #7,u'interest', 1.423012640310576e-05
Topic #7,u'specific', 1.423012640310576e-05
Topic #7,u'commitment', 1.4230125528231695e-05
Topic #4,u'fisher', 5.4078980013162818e-05
Topic #4,u'lane', 5.407897864618123e-05
Topic #4,u'docket_management', 1.4245843874848704e-05
Topic #4,u'division', 1.4245843772634177e-05
Topic #4,u'commissioner', 1.423071380336696e-05
Topic #4,u'petition', 1.423071380336696e-05
Topic #4,u'interlocutory_review', 1.423071380336696e-05
Topic #4,u'sign', 1.4230710565446002e-05
Topic #4,u'name', 1.4230708337476374e-05
Topic #4,u'street_address', 1.4230706968611988e-05
Topic #8,u'department', 5.4076641696145231e-05
Topic #8,u'health', 5.4076641484906591e-05
Topic #8,u'human_service', 5.4076641456965292e-05
Topic #8,u'street_address', 1.7691570100911121e-05
Topic #8,u'petition', 1.4230097929367263e-05
Topic #8,u'interlocutory_review', 1.4230097929367263e-05
Topic #8,u'commissioner', 1.4230097929367263e-05
Topic #8,u'sign', 1.4230094691278479e-05
Topic #8,u'name', 1.4230092465504477e-05
Topic #8,u'rockville', 1.4230089273477482e-05
Topic #5,u'interest', 2.4755612705465275e-05
Topic #5,u'specific', 2.4755612705465275e-05
Topic #5,u'commissioner', 1.4231548907366676e-05
Topic #5,u'interlocutory_review', 1.4231548907366676e-05
Topic #5,u'petition', 1.4231548907366676e-05
Topic #5,u'sign', 1.423154567058828e-05
Topic #5,u'name', 1.4231543452794982e-05
Topic #5,u'street_address', 1.4231542082798227e-05
Topic #5,u'rockville', 1.423154025603515e-05
Topic #5,u'commitment', 1.4231539219176955e-05
