TopicNo,Topic Words,Probability Score
Topic #8,u'division', 0.0038430169630741915
Topic #8,u'docket_management', 0.0038430169630741915
Topic #8,u'record', 0.0038430169630741915
Topic #8,u'memoranda', 0.0038430169630741915
Topic #8,u'file', 0.0038430169630741915
Topic #8,u'hear', 0.0014507257457412029
Topic #8,u'member', 0.00049539329686875474
Topic #8,u'center', 0.00048993827753047699
Topic #8,u'advise', 0.00043782380755201929
Topic #8,u'whose', 0.00039678075533829864
Topic #5,u'participant', 0.0008605211368308103
Topic #5,u'hearing', 0.00032510699120277462
Topic #5,u'communication', 0.00031100016798292919
Topic #5,u'attorney', 0.0002089890412795714
Topic #5,u'include_participant', 0.00016265399537492955
Topic #5,u'center_involve', 0.00015953236247929033
Topic #5,u'urge', 0.00015953236247929033
Topic #5,u'final_conclusion', 0.00015953236247929033
Topic #5,u'ultimately', 0.00015953236247929033
Topic #5,u'contrary', 0.00015953236247929033
Topic #9,u'office', 0.00070262629768170462
Topic #9,u'chief_counsel', 0.00045480657587259764
Topic #9,u'accordingly', 0.00022441926780967101
Topic #9,u'lane', 0.00011534959083335939
Topic #9,u'fisher', 0.00011534959026041057
Topic #9,u'role', 0.00010985227066545342
Topic #9,u'improper_interference', 7.5747354522195189e-05
Topic #9,u'invite_charge', 7.5747354522195189e-05
Topic #9,u'hear_process', 7.5747354522195189e-05
Topic #9,u'communication', 1.4327507535978921e-05
Topic #3,u'commissioner', 0.00041554573820286333
Topic #3,u'would', 0.00031995526149482506
Topic #3,u'matter', 0.00023248851805955626
Topic #3,u'bar_discussion', 0.00016282163284029664
Topic #3,u'stipulation', 0.00016282163284029664
Topic #3,u'inappropriate', 0.00016282163284029664
Topic #3,u'fact', 0.00016282163284029664
Topic #3,u'deputy_commissioner', 0.00011530980327146988
Topic #3,u'policy', 0.00011530980288966342
Topic #3,u'professionally_responsible', 0.00010981437051592953
Topic #6,u'party', 0.00025846712382613681
Topic #6,u'answer_question', 0.00025846270713093822
Topic #6,u'designate', 0.00024500715939484801
Topic #6,u'matter', 0.00018878772362109544
Topic #6,u'counsel', 0.00016277180947366451
Topic #6,u'presentation', 0.00016277180947366451
Topic #6,u'way', 0.00016277180947366451
Topic #6,u'interest', 0.00016277180947366451
Topic #6,u'rockville', 0.00011532439950803936
Topic #6,u'weakness', 0.00010982828692827474
Topic #1,u'telephone', 0.00020264638274747847
Topic #1,u'possible', 0.00016301160517205785
Topic #1,u'settlement', 0.00016301160517205785
Topic #1,u'hear_issue', 0.00016301160517205785
Topic #1,u'include', 0.00016301159347372558
Topic #1,u'litigation_strategy', 0.00010994247480230934
Topic #1,u'individual', 7.5809572211841541e-05
Topic #1,u'legal_advice', 7.5808734736747927e-05
Topic #1,u'division', 1.4217591069616408e-05
Topic #1,u'file', 1.4217591069616408e-05
Topic #4,u'joint_presentation', 0.00016311653169858147
Topic #4,u'witness', 0.00016311653169858147
Topic #4,u'brief', 7.5858357292077548e-05
Topic #4,u'division', 1.4226743628471887e-05
Topic #4,u'file', 1.4226743628471887e-05
Topic #4,u'docket_management', 1.4226743628471887e-05
Topic #4,u'record', 1.4226743628471887e-05
Topic #4,u'memoranda', 1.4226743628471887e-05
Topic #4,u'potential_participant', 1.4226732992601275e-05
Topic #4,u'communication', 1.4226729520773894e-05
Topic #7,u'compatible', 0.00011002120588944697
Topic #7,u'function', 0.00011002120588944697
Topic #7,u'similar_matter', 0.00011002117720622866
Topic #7,u'docket_management', 1.4227768765777641e-05
Topic #7,u'division', 1.4227768765777641e-05
Topic #7,u'record', 1.4227768765777641e-05
Topic #7,u'file', 1.4227768765777641e-05
Topic #7,u'memoranda', 1.4227768765777641e-05
Topic #7,u'potential_participant', 1.4227758119729752e-05
Topic #7,u'communication', 1.4227754647178556e-05
Topic #10,u'include_ordinarily', 0.00010999464139593286
Topic #10,u'chief_counsel', 1.4506071405221377e-05
Topic #10,u'division', 1.4230491901495777e-05
Topic #10,u'file', 1.4230491901495777e-05
Topic #10,u'docket_management', 1.4230491901495777e-05
Topic #10,u'record', 1.4230491901495777e-05
Topic #10,u'memoranda', 1.4230491901495777e-05
Topic #10,u'potential_participant', 1.4230481254803957e-05
Topic #10,u'communication', 1.4230477779274319e-05
Topic #10,u'litigation_strategy', 1.4230475149484902e-05
Topic #2,u'hear_schedule', 7.5876292503798055e-05
Topic #2,u'change', 7.5875520864630277e-05
Topic #2,u'record', 1.4230104060117061e-05
Topic #2,u'docket_management', 1.4230104060117061e-05
Topic #2,u'division', 1.4230104060117061e-05
Topic #2,u'file', 1.4230104060117061e-05
Topic #2,u'memoranda', 1.4230104060117061e-05
Topic #2,u'potential_participant', 1.4230093409952874e-05
Topic #2,u'communication', 1.4230089936937918e-05
Topic #2,u'litigation_strategy', 1.4230087301544841e-05
