TopicNo,Topic Words,Probability Score
Topic #8,u'hear', 0.0013540512650250082
Topic #8,u'take', 0.0010599105582027406
Topic #8,u'orderly_conduct', 0.00090385513628023554
Topic #8,u'issue', 0.00017918328929646257
Topic #8,u'disciplinary_action', 0.00017024365943663506
Topic #8,u'reasonable', 0.00017024365943663506
Topic #8,u'number', 0.00011446253531500278
Topic #8,u'numerous', 0.00011446253531500278
Topic #8,u'complex', 0.00011446253531500278
Topic #8,u'stage', 0.00011446253531500278
Topic #5,u'action', 0.0010615050103127163
Topic #5,u'rule', 0.00053688751001003334
Topic #5,u'motion', 0.00021531073117231266
Topic #5,u'law', 0.00017049976213556344
Topic #5,u'accordance', 0.00017049976213556344
Topic #5,u'modify', 0.00017049975025545166
Topic #5,u'suspend', 0.00017049970353429225
Topic #5,u'include', 0.00012052803430271726
Topic #5,u'procedural_matter', 0.00011474944149661968
Topic #5,u'summary_decision', 0.00011474944149661666
Topic #10,u'expeditious', 0.00094841344254164325
Topic #10,u'exclude', 0.00027150580572042843
Topic #10,u'person', 0.00011699206603739046
Topic #10,u'simplify', 7.9022060559015136e-05
Topic #10,u'examination', 7.9022060557552533e-05
Topic #10,u'area', 1.4475135779521872e-05
Topic #10,u'factual_disagreement', 1.4475135779521872e-05
Topic #10,u'prepare_statement', 1.4475135779521872e-05
Topic #10,u'among', 1.4475135779521872e-05
Topic #10,u'participant', 1.4475134198488706e-05
Topic #7,u'fair', 0.00094760620161025457
Topic #7,u'party', 0.00027084837606149544
Topic #7,u'preside_officer', 0.00025396655332278662
Topic #7,u'conduct', 0.00022127233121726253
Topic #7,u'prejudice', 0.00017064358634299708
Topic #7,u'determines', 0.00017064358634299708
Topic #7,u'participant', 7.8952978416653061e-05
Topic #7,u'course', 7.8952819573024138e-05
Topic #7,u'control', 7.8952819573024138e-05
Topic #7,u'power', 5.5872987046493533e-05
Topic #1,u'strike', 0.00027147915087677048
Topic #1,u'person', 0.00017077263500468113
Topic #1,u'participation', 0.00017076273669719126
Topic #1,u'procedure', 0.00012071393487981859
Topic #1,u'testimony', 0.00011492643546587743
Topic #1,u'respond', 0.00011492643546587743
Topic #1,u'proper_question', 0.00011492643546587743
Topic #1,u'examine_witness', 0.00011492643546587743
Topic #1,u'fail', 0.00011492643546587743
Topic #1,u'fully', 0.00011492643546587743
Topic #3,u'end', 0.00017080174502742627
Topic #3,u'justice', 0.00017080174502742627
Topic #3,u'serve', 0.00017080174502742627
Topic #3,u'time', 0.00015666367862754102
Topic #3,u'set', 0.00011495268146505021
Topic #3,u'file_pleading', 0.00011495268146505021
Topic #3,u'area', 7.8768116594418909e-05
Topic #3,u'prepare_statement', 7.8768116594418909e-05
Topic #3,u'factual_disagreement', 7.8768116594418909e-05
Topic #3,u'among', 7.8768116594418909e-05
Topic #4,u'waive', 0.0001150910504195345
Topic #4,u'orderly_conduct', 1.4230415788276655e-05
Topic #4,u'suspend', 1.4230409902500363e-05
Topic #4,u'person', 1.4230409263391957e-05
Topic #4,u'limit_evidence', 1.4230406576239562e-05
Topic #4,u'admit', 1.4230406573269108e-05
Topic #4,u'exclude', 1.423040496013019e-05
Topic #4,u'modify', 1.4230404689733946e-05
Topic #4,u'examination', 1.4230404371196674e-05
Topic #4,u'simplify', 1.4230404371160333e-05
Topic #2,u'admit', 0.00011508624427100992
Topic #2,u'orderly_hear', 5.5989260374267749e-05
Topic #2,u'orderly_conduct', 1.4229821533351405e-05
Topic #2,u'suspend', 1.4229815647660099e-05
Topic #2,u'person', 1.4229815008578094e-05
Topic #2,u'limit_evidence', 1.4229812321349694e-05
Topic #2,u'waive', 1.4229812317458174e-05
Topic #2,u'exclude', 1.4229810705502164e-05
Topic #2,u'modify', 1.4229810435542572e-05
Topic #2,u'examination', 1.4229810115900761e-05
Topic #6,u'limit_evidence', 0.00011507611431164323
Topic #6,u'hold_conference', 7.9116611591577464e-05
Topic #6,u'settle', 7.9116611591577464e-05
Topic #6,u'orderly_conduct', 1.422856901757889e-05
Topic #6,u'suspend', 1.4228563132210613e-05
Topic #6,u'person', 1.4228562493533746e-05
Topic #6,u'admit', 1.4228559802550599e-05
Topic #6,u'waive', 1.422855980162967e-05
Topic #6,u'exclude', 1.4228558190355765e-05
Topic #6,u'modify', 1.4228557921933234e-05
Topic #9,u'orderly_conduct', 1.4231851224518135e-05
Topic #9,u'suspend', 1.4231845338352237e-05
Topic #9,u'person', 1.4231844698723818e-05
Topic #9,u'limit_evidence', 1.4231842009074694e-05
Topic #9,u'admit', 1.4231842006104002e-05
Topic #9,u'waive', 1.4231842005182169e-05
Topic #9,u'exclude', 1.4231840392691416e-05
Topic #9,u'modify', 1.4231840123406574e-05
Topic #9,u'examination', 1.4231839803818468e-05
Topic #9,u'simplify', 1.4231839803782115e-05
