TopicNo,Topic Words,Probability Score
Topic #10,u'participant', 0.0013965665314855126
Topic #10,u'copy', 0.0013558292436361918
Topic #10,u'serve', 0.0012028960919418243
Topic #10,u'petition', 0.00070224305461643547
Topic #10,u'grant', 0.000418375683557469
Topic #10,u'file', 0.0002710975120264336
Topic #10,u'commissioner', 0.00020779219570103585
Topic #10,u'division', 0.00016705511192767987
Topic #10,u'docket_management', 0.00016705511192767987
Topic #10,u'one', 0.00016705490643079775
Topic #8,u'public', 0.00032194101065906018
Topic #8,u'interest', 0.00026706277658093333
Topic #8,u'person', 0.00021211184490296236
Topic #8,u'general', 0.00016807453157427555
Topic #8,u'primary_benefit', 0.00016807453157427555
Topic #8,u'consider', 0.00016807453157427555
Topic #8,u'participation', 0.00016807453157427555
Topic #8,u'indigent', 0.00011319629155216082
Topic #8,u'strong_public', 0.00011319629155216082
Topic #8,u'justifies_participation', 0.00011319629155216082
Topic #9,u'additional_copy', 0.00016819339127662654
Topic #9,u'administrative_record', 0.00016819339127662654
Topic #9,u'make', 0.00016819339127662654
Topic #9,u'sufficient', 0.00016819339127662654
Topic #9,u'docket_management', 0.00016819318612847675
Topic #9,u'division', 0.00016819318612847675
Topic #9,u'form_specify', 5.520897327237375e-05
Topic #9,u'petition', 1.4255888887955019e-05
Topic #9,u'participate', 1.4233689920842047e-05
Topic #9,u'forma_pauperis', 1.4233689722364711e-05
Topic #4,u'person', 1.4304617544394667e-05
Topic #4,u'serve', 1.4231847609897522e-05
Topic #4,u'docket', 1.4231838796073292e-05
Topic #4,u'division', 1.4231837337800381e-05
Topic #4,u'docket_management', 1.4231837337800381e-05
Topic #4,u'deny', 1.4231837153710387e-05
Topic #4,u'demonstrate', 1.4231836934813406e-05
Topic #4,u'either', 1.4231836934813406e-05
Topic #4,u'whether', 1.4231836934813272e-05
Topic #4,u'public', 1.4231836868568203e-05
Topic #2,u'serve', 1.4231848647683609e-05
Topic #2,u'person', 1.4231841031036321e-05
Topic #2,u'docket', 1.423183983141083e-05
Topic #2,u'division', 1.423183837396585e-05
Topic #2,u'docket_management', 1.423183837396585e-05
Topic #2,u'deny', 1.4231838189830213e-05
Topic #2,u'demonstrate', 1.4231837970573292e-05
Topic #2,u'either', 1.4231837970573292e-05
Topic #2,u'whether', 1.4231837970573156e-05
Topic #2,u'form_specify', 1.4231837956177103e-05
Topic #6,u'serve', 1.4231848647671366e-05
Topic #6,u'person', 1.4231841031036055e-05
Topic #6,u'docket', 1.423183983141103e-05
Topic #6,u'division', 1.4231838373977174e-05
Topic #6,u'docket_management', 1.4231838373977174e-05
Topic #6,u'deny', 1.4231838189830313e-05
Topic #6,u'demonstrate', 1.4231837970573474e-05
Topic #6,u'either', 1.4231837970573474e-05
Topic #6,u'whether', 1.4231837970573341e-05
Topic #6,u'public', 1.4231837904719983e-05
Topic #3,u'serve', 1.4231848647671037e-05
Topic #3,u'person', 1.4231841031034906e-05
Topic #3,u'docket', 1.4231839831409851e-05
Topic #3,u'division', 1.4231838373965455e-05
Topic #3,u'docket_management', 1.4231838373965455e-05
Topic #3,u'deny', 1.4231838189829164e-05
Topic #3,u'demonstrate', 1.4231837970572287e-05
Topic #3,u'either', 1.4231837970572287e-05
Topic #3,u'whether', 1.4231837970572153e-05
Topic #3,u'form_specify', 1.4231837949112114e-05
Topic #7,u'serve', 1.4231848647670851e-05
Topic #7,u'person', 1.4231841031037171e-05
Topic #7,u'docket', 1.4231839831412121e-05
Topic #7,u'docket_management', 1.4231838373996732e-05
Topic #7,u'division', 1.4231838373996732e-05
Topic #7,u'deny', 1.423183818983158e-05
Topic #7,u'demonstrate', 1.4231837970574584e-05
Topic #7,u'either', 1.4231837970574584e-05
Topic #7,u'whether', 1.4231837970574452e-05
Topic #7,u'public', 1.4231837904946995e-05
Topic #5,u'serve', 1.4231848647670673e-05
Topic #5,u'person', 1.4231841031034278e-05
Topic #5,u'docket', 1.4231839831409221e-05
Topic #5,u'division', 1.4231838373961132e-05
Topic #5,u'docket_management', 1.4231838373961132e-05
Topic #5,u'deny', 1.4231838189828675e-05
Topic #5,u'demonstrate', 1.4231837970571694e-05
Topic #5,u'either', 1.4231837970571694e-05
Topic #5,u'whether', 1.4231837970571562e-05
Topic #5,u'public', 1.4231837904719192e-05
Topic #1,u'serve', 1.4231848647670134e-05
Topic #1,u'person', 1.4231841031034308e-05
Topic #1,u'docket', 1.4231839831409187e-05
Topic #1,u'docket_management', 1.423183837397878e-05
Topic #1,u'division', 1.423183837397878e-05
Topic #1,u'deny', 1.4231838189828653e-05
Topic #1,u'demonstrate', 1.4231837970571608e-05
Topic #1,u'either', 1.4231837970571608e-05
Topic #1,u'whether', 1.4231837970571472e-05
Topic #1,u'public', 1.4231837904740764e-05
